SNPARM = PRES;TMPC;TMWC;DWPC;THTE;DRCT;SKNT;OMEG;CFRL;HGHT 
STNPRM = SHOW;LIFT;SWET;KINX;LCLP;PWAT;TOTL;CAPE;LCLT;CINS;EQLV;LFCT;BRCH 

STID = KSTJ STNM = 724490 TIME = 081019/0000 
SLAT = 39.79 SLON = -94.95 SELV = 284.0
STIM = 0

SHOW = 9.45 LIFT = 13.60 SWET = 61.90 KINX = 1.18
LCLP = 898.46 PWAT = 16.57 TOTL = 34.48 CAPE = 0.00
LCLT = 278.34 CINS = 0.00 EQLV = -9999.00 LFCT = -9999.00
BRCH = 0.00

PRES TMPC TMWC DWPC THTE DRCT SKNT OMEG
CFRL HGHT
986.70 12.74 9.46 6.55 304.68 141.71 4.70 0.00
0.00 303.60
982.10 13.84 9.89 6.44 306.24 152.35 9.21 0.00
0.00 342.90
977.50 14.14 10.05 6.53 307.17 158.20 11.50 0.00
0.00 382.50
972.80 14.04 9.99 6.51 307.55 160.71 12.35 0.00
0.00 423.20
968.00 13.64 9.78 6.46 307.58 160.75 12.96 0.00
0.00 464.90
963.10 13.24 9.57 6.39 307.60 159.73 13.46 0.00
0.00 507.60
958.10 12.84 9.35 6.31 307.62 159.25 13.71 0.00
0.00 551.40
953.00 12.34 9.09 6.26 307.58 158.79 13.97 0.00
0.00 596.20
947.70 11.94 8.88 6.20 307.66 158.34 14.22 0.00
0.00 642.90
942.30 11.44 8.61 6.12 307.63 157.62 14.28 0.10
0.00 690.80
936.70 10.94 8.35 6.05 307.63 156.90 14.36 0.00
0.00 740.60
930.80 10.44 8.09 5.99 307.68 156.50 14.61 0.10
0.00 793.30
924.70 9.84 7.76 5.89 307.60 156.50 14.61 0.10
0.00 848.00
918.20 9.24 7.41 5.74 307.50 156.19 14.43 0.10
0.00 906.60
911.40 8.74 6.99 5.36 307.28 159.81 14.06 0.10
0.00 968.20
904.00 8.54 6.51 4.58 307.01 166.37 13.19 0.10
0.00 1035.70
895.80 9.14 6.09 3.08 306.97 180.95 11.65 0.00
0.00 1111.20
886.30 10.94 6.06 1.02 307.97 198.85 8.41 0.10
0.00 1199.80
875.30 12.44 6.30 -0.13 309.81 236.89 5.34 0.00
0.00 1304.20
863.00 12.14 6.34 0.45 311.48 263.09 6.45 0.00
0.00 1422.80
849.50 11.94 6.65 1.58 314.04 273.81 8.76 0.00
0.00 1554.80
835.30 10.94 6.37 2.10 315.27 276.98 9.60 0.00
0.00 1695.70
820.00 10.14 5.91 1.94 316.17 280.30 10.86 0.00
0.00 1849.70
804.10 9.34 5.04 0.85 316.15 280.39 11.85 0.00
0.00 2012.30
787.50 8.54 3.73 -1.39 315.17 288.71 12.72 0.00
0.00 2185.10
770.40 7.94 2.29 -4.49 314.03 303.27 14.88 0.00
0.00 2366.30
752.70 7.24 0.84 -7.89 313.08 313.67 17.72 0.00
0.00 2557.70
734.40 6.44 -0.48 -11.14 312.62 314.12 17.85 0.00
0.00 2759.70
715.60 6.34 -1.31 -14.38 313.38 317.82 16.78 0.00
0.00 2972.20
696.20 5.94 -2.17 -17.38 314.30 324.29 15.31 0.10
0.00 3197.10
676.30 5.14 -3.14 -20.21 315.13 330.26 14.10 0.10
0.00 3433.90
655.70 3.74 -4.37 -22.65 315.71 338.50 13.77 0.10
0.00 3685.40
634.40 2.24 -5.58 -24.54 316.58 342.73 15.05 0.10
0.00 3952.40
612.50 0.24 -6.98 -25.34 317.35 340.35 17.33 0.10
0.00 4234.70
590.10 -1.46 -8.08 -24.82 318.99 333.43 19.54 0.00
0.00 4532.10
567.40 -3.46 -9.20 -23.05 320.85 328.62 22.75 0.10
0.00 4843.10
544.30 -5.66 -10.62 -22.59 322.34 322.49 24.24 0.10
0.00 5170.10
521.10 -8.06 -12.57 -24.65 322.94 316.58 24.86 0.10
0.00 5509.90
497.80 -10.76 -14.87 -27.74 323.14 313.50 26.24 0.00
0.00 5863.20
474.30 -13.36 -17.14 -31.01 323.77 310.60 28.65 0.00
0.00 6232.90
450.80 -16.16 -19.47 -33.39 324.61 306.94 32.32 0.00
0.00 6617.40
427.10 -19.26 -22.06 -35.67 325.39 303.37 38.15 0.10
0.00 7021.30
402.80 -22.86 -25.08 -37.74 325.98 302.53 42.62 0.00
0.00 7453.70
378.00 -26.46 -28.12 -38.91 327.10 297.85 46.58 0.00
0.00 7916.00
353.40 -31.06 -32.19 -41.36 327.01 301.58 46.74 0.10
0.00 8397.50
329.00 -35.16 -35.98 -44.61 327.85 301.93 49.20 0.10
0.00 8900.20
305.10 -39.26 -39.79 -46.63 329.10 304.23 51.46 0.10
0.00 9421.20
282.10 -43.66 -44.01 -50.03 330.03 306.75 53.57 0.10
0.00 9952.80
260.40 -47.76 -48.00 -53.58 331.47 311.46 60.14 0.10
0.00 10485.70
240.20 -51.56 -51.75 -58.41 333.33 317.55 67.93 0.10
0.00 11013.90
221.40 -54.96 -55.11 -62.21 335.86 318.04 72.63 0.10
0.00 11538.50
203.10 -58.96 -59.05 -65.02 337.89 315.56 70.47 0.10
0.00 12084.50
184.20 -60.56 -60.66 -68.67 344.81 313.60 61.69 0.00
0.00 12694.60
163.10 -60.56 -60.71 -74.27 356.96 305.69 52.62 0.00
0.00 13451.70
139.40 -61.56 -61.71 -75.31 371.58 293.48 46.81 0.00
0.00 14426.50
114.70 -68.26 -9999.00 -9999.00 -9999.00 292.09 42.35 0.00
0.00 15615.30
89.70 -69.76 -9999.00 -9999.00 -9999.00 287.39 33.80 0.00
0.00 17084.30
64.70 -66.86 -9999.00 -9999.00 -9999.00 258.23 19.06 0.00
0.00 19043.30
39.60 -60.56 -9999.00 -9999.00 -9999.00 305.94 9.60 0.00
0.00 22053.00
14.50 -50.56 -9999.00 -9999.00 -9999.00 257.16 31.47 0.00
0.00 28451.90

STID = KSTJ STNM = 724490 TIME = 081019/0100 
SLAT = 39.79 SLON = -94.95 SELV = 284.0
STIM = 1

SHOW = 9.00 LIFT = 13.59 SWET = 66.78 KINX = -0.44
LCLP = 918.10 PWAT = 16.18 TOTL = 35.19 CAPE = 0.00
LCLT = 278.77 CINS = 0.00 EQLV = -9999.00 LFCT = -9999.00
BRCH = 0.00

PRES TMPC TMWC DWPC THTE DRCT SKNT OMEG
CFRL HGHT
987.00 11.44 8.93 6.67 303.38 141.55 8.43 0.00
0.00 303.50
982.40 13.24 9.65 6.49 305.61 149.04 14.72 0.00
0.00 342.60
977.70 13.94 9.98 6.56 306.96 155.14 17.56 0.00
0.00 383.10
973.00 13.84 9.94 6.58 307.39 156.96 18.36 0.00
0.00 423.70
968.20 13.54 9.78 6.55 307.56 158.20 18.82 0.00
0.00 465.40
963.30 13.14 9.59 6.53 307.64 158.63 19.19 0.00
0.00 508.10
958.30 12.64 9.33 6.47 307.57 159.04 19.56 0.00
0.00 551.80
953.20 12.24 9.13 6.42 307.64 159.25 19.74 0.00
0.00 596.60
948.00 11.74 8.87 6.36 307.61 159.97 19.85 0.10
0.00 642.40
942.60 11.34 8.65 6.28 307.68 160.68 19.97 0.10
0.00 690.20
936.90 10.84 8.37 6.19 307.67 161.21 19.91 0.10
0.00 740.90
931.10 10.34 8.08 6.06 307.62 161.57 20.28 0.10
0.00 792.70
924.90 9.84 7.72 5.80 307.47 162.61 20.14 0.10
0.00 848.30
918.40 9.34 7.26 5.35 307.12 164.60 19.76 0.10
0.00 906.80
911.60 9.24 6.85 4.60 306.93 169.49 19.17 0.10
0.00 968.50
904.30 9.64 6.52 3.48 306.97 175.60 17.74 0.20
0.00 1035.20
896.10 10.84 6.48 2.13 307.82 183.72 15.00 0.20
0.00 1111.00
886.50 12.34 6.71 1.00 309.46 190.30 10.86 0.20
0.00 1201.10
875.50 13.04 6.92 0.79 311.32 205.20 7.30 0.20
0.00 1305.80
863.20 12.74 6.96 1.36 313.02 228.12 7.56 0.20
0.00 1424.70
849.70 12.24 6.91 1.91 314.70 244.59 8.61 0.20
0.00 1556.90
835.40 11.34 6.50 1.97 315.56 252.80 8.55 0.20
0.00 1698.90
820.20 10.74 5.91 1.31 316.12 264.05 9.38 0.10
0.00 1852.10
804.20 9.94 4.92 -0.14 315.79 270.00 10.68 0.10
0.00 2016.10
787.70 9.24 3.69 -2.41 314.99 285.00 11.27 0.10
0.00 2188.10
770.60 8.54 2.31 -5.37 313.99 307.21 13.17 0.10
0.00 2369.70
752.80 8.04 1.04 -8.69 313.45 319.01 15.70 0.20
0.00 2562.60
734.50 7.34 -0.22 -12.12 313.10 318.07 15.40 0.20
0.00 2765.20
715.70 7.24 -1.06 -15.61 313.85 320.71 13.81 0.30
0.00 2978.20
696.40 6.84 -1.89 -18.80 314.77 326.82 12.06 0.30
0.00 3202.60
676.40 5.84 -2.91 -21.38 315.55 333.43 11.29 0.30
0.00 3441.20
655.80 4.44 -4.06 -23.39 316.30 338.55 11.69 0.30
0.00 3693.30
634.50 2.74 -5.28 -24.40 317.17 340.29 13.83 0.30
0.00 3960.90
612.60 0.54 -6.66 -24.03 318.02 336.97 16.88 0.30
0.00 4243.60
590.20 -1.26 -7.76 -23.15 319.68 332.95 20.49 0.30
0.00 4541.20
567.50 -3.56 -9.26 -23.04 320.72 331.73 23.39 0.30
0.00 4852.20
544.40 -5.76 -10.97 -24.62 321.56 324.78 24.26 0.30
0.00 5179.00
521.20 -8.26 -12.97 -26.70 322.11 318.77 25.06 0.30
0.00 5518.50
497.80 -10.76 -14.99 -28.74 322.90 314.13 27.06 0.30
0.00 5873.10
474.40 -13.36 -17.08 -30.50 323.85 307.91 30.03 0.20
0.00 6241.20
450.80 -16.36 -19.58 -33.00 324.43 303.60 34.05 0.20
0.00 6627.20
427.20 -19.06 -21.98 -36.64 325.48 300.35 40.75 0.20
0.00 7029.30
402.80 -23.16 -25.39 -38.86 325.44 299.88 42.11 0.20
0.00 7463.30
378.00 -27.06 -28.73 -40.72 326.08 297.79 44.58 0.20
0.00 7924.80
353.40 -31.46 -32.61 -42.76 326.32 297.79 44.58 0.10
0.00 8405.30
329.00 -35.16 -35.94 -43.81 327.92 301.29 46.37 0.10
0.00 8907.60
305.00 -39.36 -39.81 -45.30 329.11 303.30 47.42 0.10
0.00 9430.70
282.10 -43.66 -43.93 -48.32 330.15 304.81 49.69 0.10
0.00 9960.00
260.40 -47.46 -47.69 -52.78 331.96 312.26 57.48 0.10
0.00 10493.20
240.20 -51.26 -51.44 -57.18 333.82 317.65 65.44 0.10
0.00 11022.20
221.40 -54.86 -54.99 -60.49 336.06 316.99 71.19 0.10
0.00 11547.30
203.10 -58.86 -58.95 -65.02 338.05 313.89 71.15 0.00
0.00 12093.50
184.20 -61.06 -61.15 -68.67 344.00 312.58 61.73 0.00
0.00 12703.10
163.00 -61.06 -61.17 -69.53 356.23 306.54 54.16 0.00
0.00 13462.20
139.40 -61.66 -61.81 -75.31 371.41 292.01 49.24 0.00
0.00 14431.80
114.70 -68.76 -9999.00 -9999.00 -9999.00 289.60 42.27 0.10
0.00 15618.80
89.70 -70.36 -9999.00 -9999.00 -9999.00 290.99 33.08 0.00
0.00 17083.90
64.70 -66.56 -9999.00 -9999.00 -9999.00 254.74 19.93 0.00
0.00 19041.40
39.60 -60.56 -9999.00 -9999.00 -9999.00 270.00 6.02 0.00
0.00 22053.30
14.50 -51.36 -9999.00 -9999.00 -9999.00 261.44 32.61 0.00
0.00 28440.50

STID = KSTJ STNM = 724490 TIME = 081019/0200 
SLAT = 39.79 SLON = -94.95 SELV = 284.0
STIM = 2

SHOW = 9.19 LIFT = 13.75 SWET = 74.75 KINX = -1.41
LCLP = 929.10 PWAT = 15.88 TOTL = 34.75 CAPE = 0.00
LCLT = 279.13 CINS = 0.00 EQLV = -9999.00 LFCT = -9999.00
BRCH = 0.00

PRES TMPC TMWC DWPC THTE DRCT SKNT OMEG
CFRL HGHT
985.80 10.74 8.70 6.84 302.95 145.62 8.94 0.00
0.00 303.40
981.20 11.84 9.12 6.70 304.47 150.44 14.96 0.00
0.00 342.50
976.50 13.44 9.85 6.75 306.78 155.92 20.01 -0.10
0.00 382.90
971.80 13.34 9.79 6.75 307.18 156.87 21.76 0.00
0.00 423.50
967.00 13.34 9.81 6.79 307.76 161.41 23.15 0.00
0.00 465.20
962.10 13.04 9.64 6.74 307.92 161.57 23.35 0.00
0.00 507.90
957.10 12.64 9.43 6.68 307.96 162.76 23.60 0.00
0.00 551.70
952.10 12.24 9.22 6.61 308.00 163.80 23.66 0.00
0.00 595.60
946.80 11.74 8.96 6.55 307.97 164.95 23.93 0.00
0.00 642.40
941.40 11.34 8.74 6.47 308.05 165.96 24.03 0.00
0.00 690.30
935.80 10.84 8.44 6.34 307.98 167.22 23.70 0.00
0.00 740.10
929.90 10.34 8.09 6.09 307.79 167.97 24.22 0.10
0.00 792.80
923.80 9.94 7.67 5.62 307.49 169.78 24.09 0.10
0.00 847.60
917.30 9.74 7.20 4.83 307.09 172.93 23.68 0.10
0.00 906.30
910.60 10.04 6.85 3.78 307.01 177.55 22.75 0.10
0.00 967.30
903.20 10.94 6.77 2.66 307.66 182.14 20.80 0.10
0.00 1035.20
895.00 12.14 6.92 1.72 308.96 185.65 17.75 0.10
0.00 1111.50
885.50 13.04 7.13 1.28 310.62 187.13 14.10 0.10
0.00 1201.00
874.50 13.24 7.22 1.37 312.23 194.04 11.21 0.10
0.00 1306.00
862.20 13.04 7.25 1.76 313.89 211.14 10.90 0.10
0.00 1425.10
848.80 12.34 6.97 1.95 314.97 221.38 10.88 0.10
0.00 1556.60
834.50 11.44 6.42 1.69 315.49 228.27 9.63 0.00
0.00 1698.80
819.30 11.04 5.84 0.80 316.04 242.40 9.63 0.00
0.00 1852.30
803.40 10.34 4.89 -0.69 315.80 256.50 9.98 0.00
0.00 2015.60
786.90 9.44 3.64 -2.82 314.96 275.71 9.75 0.00
0.00 2187.90
769.80 8.84 2.40 -5.54 314.30 304.29 10.35 -0.10
0.00 2369.90
752.10 8.34 1.17 -8.75 313.84 321.89 12.59 -0.10
0.00 2562.10
733.90 7.74 -0.05 -12.26 313.56 322.05 12.32 0.00
0.00 2764.00
715.10 7.64 -0.92 -16.01 314.21 321.67 10.64 0.00
0.00 2977.50
695.70 7.24 -1.76 -19.38 315.12 325.62 8.94 0.00
0.00 3203.60
675.80 6.24 -2.76 -21.96 315.92 327.03 8.57 0.00
0.00 3441.50
655.30 4.74 -3.91 -23.52 316.68 331.39 9.73 0.00
0.00 3692.90
634.10 2.94 -5.10 -23.76 317.63 332.28 12.94 0.00
0.00 3959.70
612.20 0.84 -6.41 -23.43 318.59 331.70 17.21 0.10
0.00 4242.80
589.80 -1.26 -7.80 -23.49 319.64 332.96 20.94 0.10
0.00 4540.80
567.10 -3.46 -9.40 -24.52 320.46 328.78 22.49 0.10
0.00 4852.10
544.10 -5.66 -11.07 -25.84 321.40 321.27 23.91 0.10
0.00 5177.80
520.90 -8.06 -12.91 -27.25 322.26 312.88 25.97 0.10
0.00 5517.60
497.60 -10.46 -14.87 -29.51 323.14 308.49 30.28 0.20
0.00 5871.20
474.20 -13.16 -17.14 -32.47 323.76 306.55 34.58 0.20
0.00 6239.80
450.80 -16.36 -19.81 -35.85 323.96 303.00 40.31 0.20
0.00 6622.70
427.10 -19.16 -22.19 -38.59 325.12 299.49 44.19 0.20
0.00 7026.50
402.80 -23.16 -25.53 -41.16 325.18 298.63 43.38 0.20
0.00 7458.70
378.00 -27.16 -28.94 -42.91 325.73 298.13 44.50 0.20
0.00 7920.00
353.40 -30.96 -32.21 -43.14 326.96 301.23 42.72 0.10
0.00 8400.90
329.00 -34.96 -35.72 -43.06 328.27 307.65 42.93 0.00
0.00 8904.00
305.00 -39.16 -39.61 -44.90 329.43 302.65 47.53 0.00
0.00 9427.50
282.10 -43.36 -43.66 -48.32 330.58 307.18 49.49 0.00
0.00 9957.30
260.40 -47.16 -47.38 -52.04 332.44 315.55 57.15 0.00
0.00 10491.30
240.20 -51.16 -51.32 -56.09 334.01 316.20 65.68 0.00
0.00 11020.80
221.40 -55.26 -55.38 -60.49 335.44 315.76 72.40 0.00
0.00 11545.50
203.10 -59.46 -59.54 -65.02 337.10 313.08 73.93 0.00
0.00 12090.40
184.20 -62.06 -62.13 -68.67 342.38 309.38 67.35 0.00
0.00 12697.70
163.10 -61.96 -62.05 -69.53 354.66 304.26 59.69 0.00
0.00 13449.60
139.40 -62.96 -63.08 -75.31 369.12 294.01 52.53 0.00
0.00 14418.00
114.70 -69.06 -69.11 -76.58 378.95 288.87 40.23 0.00
0.00 15600.50
89.70 -70.66 -9999.00 -9999.00 -9999.00 295.62 31.45 0.00
0.00 17063.40
64.70 -66.56 -9999.00 -9999.00 -9999.00 255.83 19.83 0.00
0.00 19019.50
39.60 -60.16 -9999.00 -9999.00 -9999.00 243.43 7.38 0.00
0.00 22034.20
14.50 -50.46 -9999.00 -9999.00 -9999.00 259.25 35.39 0.00
0.00 28440.60

STID = KSTJ STNM = 724490 TIME = 081019/0300 
SLAT = 39.79 SLON = -94.95 SELV = 284.0
STIM = 3

SHOW = 8.74 LIFT = 13.64 SWET = 82.21 KINX = 0.97
LCLP = 938.62 PWAT = 16.02 TOTL = 35.53 CAPE = 0.00
LCLT = 279.45 CINS = 0.00 EQLV = -9999.00 LFCT = -9999.00
BRCH = 0.00

PRES TMPC TMWC DWPC THTE DRCT SKNT OMEG
CFRL HGHT
985.70 10.24 8.56 7.02 302.63 144.61 9.05 0.00
0.00 303.40
981.10 10.64 8.69 6.93 303.45 148.90 14.30 0.00
0.00 342.40
976.40 12.94 9.71 6.93 306.46 155.92 20.01 -0.10
0.00 382.60
971.80 12.84 9.63 6.86 306.77 157.92 22.22 -0.10
0.00 422.30
967.00 13.24 9.77 6.81 307.68 162.45 23.83 -0.10
0.00 463.90
962.10 12.84 9.54 6.71 307.66 162.29 24.26 -0.10
0.00 506.70
957.10 12.54 9.35 6.59 307.74 165.10 24.92 -0.10
0.00 550.40
952.00 12.14 9.11 6.49 307.75 166.07 25.02 0.00
0.00 595.20
946.80 11.74 8.87 6.37 307.75 167.47 25.08 0.00
0.00 641.10
941.30 11.34 8.60 6.19 307.72 168.78 24.96 0.00
0.00 689.90
935.70 10.84 8.24 5.92 307.48 170.84 24.40 0.00
0.00 739.70
929.90 10.54 7.87 5.44 307.24 171.87 24.73 0.00
0.00 791.50
923.70 10.34 7.40 4.66 306.82 174.47 24.20 0.00
0.00 847.30
917.30 10.54 7.03 3.65 306.65 178.58 23.50 0.00
0.00 905.20
910.50 11.34 6.95 2.61 307.21 184.01 22.20 0.00
0.00 967.30
903.10 12.34 7.06 1.78 308.31 187.59 20.57 0.10
0.00 1035.50
895.00 13.04 7.21 1.40 309.64 187.87 18.43 0.00
0.00 1111.10
885.50 13.34 7.32 1.42 311.09 187.83 15.70 0.00
0.00 1200.80
874.50 13.44 7.44 1.71 312.79 192.62 13.34 0.00
0.00 1306.00
862.10 13.24 7.45 2.06 314.44 207.32 13.11 0.00
0.00 1426.10
848.70 12.44 7.11 2.19 315.36 215.64 12.67 0.00
0.00 1557.70
834.50 11.64 6.53 1.74 315.76 223.57 10.99 0.00
0.00 1699.00
819.30 11.14 5.90 0.83 316.18 235.44 10.61 -0.10
0.00 1852.60
803.30 10.54 5.01 -0.60 316.13 248.81 10.22 -0.10
0.00 2017.00
786.80 9.64 3.84 -2.52 315.47 266.50 9.54 -0.10
0.00 2189.50
769.70 8.74 2.54 -4.92 314.68 296.00 8.86 -0.20
0.00 2371.50
752.10 8.14 1.36 -7.67 314.32 325.71 10.35 -0.20
0.00 2562.50
733.80 7.34 0.08 -10.76 313.93 328.52 11.17 -0.20
0.00 2765.40
715.00 7.04 -0.96 -14.46 314.22 323.81 9.87 -0.30
0.00 2978.60
695.70 6.74 -1.86 -18.17 314.98 319.84 8.14 -0.30
0.00 3203.10
675.80 5.94 -2.85 -21.28 315.78 315.00 7.42 -0.30
0.00 3440.70
655.20 4.64 -3.91 -23.02 316.71 315.00 8.24 -0.30
0.00 3693.20
634.00 2.84 -5.13 -23.52 317.59 319.82 11.44 -0.20
0.00 3959.90
612.20 0.74 -6.46 -23.31 318.51 325.35 16.06 -0.20
0.00 4241.70
589.80 -1.66 -8.05 -23.61 319.14 327.44 19.13 -0.20
0.00 4539.40
567.10 -3.76 -9.54 -24.17 320.21 323.02 20.67 -0.20
0.00 4850.30
544.10 -6.06 -11.19 -24.86 321.18 314.31 22.80 -0.20
0.00 5175.50
520.90 -8.36 -13.05 -26.84 322.00 307.46 26.18 -0.10
0.00 5514.90
497.60 -10.66 -15.09 -30.33 322.72 308.94 31.22 -0.10
0.00 5868.20
474.20 -13.36 -17.42 -34.15 323.22 305.25 35.68 0.00
0.00 6236.50
450.80 -16.36 -19.90 -37.18 323.78 302.41 40.95 0.00
0.00 6619.20
427.10 -19.36 -22.40 -39.55 324.75 298.28 43.45 0.00
0.00 7022.90
402.80 -23.16 -25.55 -41.53 325.14 297.37 43.53 0.10
0.00 7454.90
378.00 -27.06 -28.84 -42.51 325.90 299.26 42.52 0.00
0.00 7916.30
353.40 -30.96 -32.14 -42.04 327.07 301.92 40.05 0.00
0.00 8397.30
329.00 -34.86 -35.56 -42.04 328.52 300.22 43.61 -0.10
0.00 8900.50
305.10 -39.36 -39.69 -43.41 329.27 299.31 47.22 -0.10
0.00 9421.60
282.10 -43.36 -43.61 -47.33 330.66 304.59 47.90 0.00
89.00 9953.50
260.40 -47.16 -47.35 -51.36 332.48 311.03 53.55 0.00
39.00 10487.50
240.20 -51.16 -51.32 -56.09 334.01 312.30 61.19 0.00
0.00 11016.90
221.40 -55.26 -55.38 -60.49 335.44 311.06 65.95 0.00
0.00 11541.60
203.10 -59.26 -59.35 -65.02 337.42 308.68 69.93 0.00
0.00 12086.90
184.20 -61.96 -62.04 -68.67 342.54 305.84 69.02 0.00
0.00 12694.50
163.10 -61.26 -61.37 -69.53 355.83 299.52 60.72 0.00
0.00 13447.90
139.40 -62.66 -62.79 -75.31 369.65 292.24 51.85 0.00
0.00 14418.50
114.70 -67.66 -67.73 -76.58 381.55 287.64 39.74 0.00
0.00 15605.90
89.70 -69.36 -9999.00 -9999.00 -9999.00 293.10 30.21 0.00
0.00 17078.60
64.70 -66.06 -9999.00 -9999.00 -9999.00 257.53 20.69 0.00
0.00 19043.20
39.60 -60.56 -9999.00 -9999.00 -9999.00 260.84 6.10 0.00
0.00 22058.70
14.50 -51.66 -9999.00 -9999.00 -9999.00 263.04 33.66 0.00
0.00 28441.50

STID = KSTJ STNM = 724490 TIME = 081019/0400 
SLAT = 39.79 SLON = -94.95 SELV = 284.0
STIM = 4

SHOW = 8.07 LIFT = 13.51 SWET = 88.43 KINX = 3.79
LCLP = 946.43 PWAT = 16.21 TOTL = 36.72 CAPE = 0.00
LCLT = 279.72 CINS = 0.00 EQLV = -9999.00 LFCT = -9999.00
BRCH = 0.00

PRES TMPC TMWC DWPC THTE DRCT SKNT OMEG
CFRL HGHT
987.00 9.94 8.50 7.18 302.36 150.40 9.83 0.00
0.00 303.40
982.40 10.24 8.59 7.09 303.07 153.43 15.21 0.00
0.00 342.20
977.70 12.44 9.51 6.97 305.83 158.00 20.75 -0.10
0.00 382.30
973.00 12.44 9.46 6.88 306.23 159.50 23.85 0.00
0.00 422.80
968.20 13.14 9.66 6.67 307.26 163.34 25.76 0.00
0.00 464.30
963.30 12.74 9.42 6.55 307.22 163.82 26.50 0.00
0.00 507.00
958.30 12.54 9.23 6.34 307.31 167.34 27.47 0.00
0.00 550.70
953.20 12.14 8.95 6.14 307.20 168.61 27.54 0.00
0.00 595.40
948.00 11.74 8.68 5.97 307.14 170.27 27.58 0.00
0.00 641.30
942.50 11.44 8.36 5.58 306.96 172.27 27.45 0.00
0.00 689.90
936.90 11.14 7.99 5.09 306.70 174.25 27.14 0.00
0.00 739.70
931.00 10.94 7.57 4.40 306.36 177.08 26.65 0.10
0.00 792.50
924.90 11.14 7.27 3.53 306.33 180.86 25.84 0.10
0.00 847.30
918.40 11.74 7.14 2.59 306.74 185.84 24.81 0.10
0.00 906.30
911.60 12.64 7.21 1.77 307.67 189.54 23.45 0.10
0.00 968.50
904.20 13.24 7.28 1.27 308.68 191.60 22.20 0.10
0.00 1037.00
896.00 13.54 7.37 1.23 309.90 190.35 20.53 0.10
0.00 1113.60
886.50 13.54 7.43 1.47 311.24 189.66 18.53 0.10
0.00 1203.30
875.50 13.54 7.55 1.86 312.94 192.89 16.53 0.10
0.00 1308.40
863.10 13.34 7.57 2.24 314.63 202.83 16.03 0.10
0.00 1428.40
849.70 12.74 7.37 2.49 315.90 209.28 14.70 0.20
0.00 1559.90
835.40 11.94 6.79 2.02 316.29 219.35 12.57 0.20
0.00 1702.20
820.20 11.64 6.14 0.87 316.67 231.48 12.16 0.20
0.00 1855.90
804.20 10.94 5.15 -0.73 316.33 240.02 11.65 0.20
0.00 2020.40
787.70 9.94 3.93 -2.67 315.55 251.92 10.00 0.20
0.00 2192.90
770.50 8.94 2.66 -4.87 314.84 277.50 7.44 0.10
0.00 2375.90
752.80 8.24 1.50 -7.35 314.56 320.39 7.30 0.10
0.00 2568.00
734.50 7.24 0.23 -9.90 314.22 330.57 8.70 0.00
0.00 2770.60
715.70 6.64 -0.88 -13.00 314.37 323.39 8.47 0.00
0.00 2983.50
696.30 6.24 -1.87 -16.56 314.94 312.80 7.15 0.00
0.00 3208.60
676.40 5.44 -2.92 -19.81 315.59 298.07 6.60 -0.10
0.00 3445.60
655.80 4.34 -3.96 -22.07 316.55 294.57 7.48 0.00
0.00 3697.50
634.50 2.74 -5.10 -22.79 317.61 304.00 10.08 0.00
0.00 3965.10
612.60 0.64 -6.44 -22.73 318.50 315.56 14.14 0.00
0.00 4247.80
590.20 -1.86 -8.04 -22.60 319.14 319.18 16.94 0.00
0.00 4545.20
567.40 -4.36 -9.69 -22.63 319.91 315.42 18.82 0.00
0.00 4856.80
544.40 -6.46 -11.25 -23.51 321.06 307.08 20.94 0.00
0.00 5181.30
521.20 -8.66 -13.18 -26.31 321.72 305.33 24.51 0.10
0.00 5520.10
497.80 -10.96 -15.31 -30.50 322.27 305.67 29.64 0.10
0.00 5874.30
474.40 -13.46 -17.47 -33.92 323.09 303.51 33.78 0.20
0.00 6242.20
450.80 -16.36 -19.83 -36.11 323.93 300.72 38.40 0.30
0.00 6628.00
427.20 -19.56 -22.51 -38.90 324.55 298.30 40.15 0.30
0.00 7029.80
402.80 -23.16 -25.55 -41.53 325.14 298.59 39.37 0.30
0.00 7463.30
378.00 -26.86 -28.63 -41.76 326.24 299.67 38.46 0.30
0.00 7925.00
353.40 -30.96 -32.12 -41.69 327.11 300.58 39.70 0.20
0.00 8406.10
329.00 -34.86 -35.54 -41.72 328.56 299.12 46.70 0.20
0.00 8909.30
305.00 -39.46 -39.81 -43.77 329.12 297.08 48.64 0.20
0.00 9432.60
282.10 -43.26 -43.51 -47.33 330.80 300.88 47.30 0.10
0.00 9962.30
260.40 -46.96 -47.17 -51.36 332.77 306.17 51.01 0.10
0.00 10496.60
240.20 -51.06 -51.20 -55.13 334.20 308.32 55.46 0.10
0.00 11026.40
221.40 -55.16 -55.28 -60.49 335.60 303.10 62.61 0.10
0.00 11551.40
203.10 -59.56 -59.64 -65.02 336.94 304.63 68.71 0.10
0.00 12096.30
184.20 -62.16 -62.23 -68.67 342.22 303.65 69.08 0.00
0.00 12703.30
163.00 -61.56 -61.69 -74.28 355.34 298.89 59.91 0.00
0.00 13459.50
139.40 -62.66 -62.79 -75.31 369.65 292.60 54.08 0.00
0.00 14425.70
114.70 -67.46 -67.53 -76.58 381.92 289.33 46.93 0.00
0.00 15613.60
89.70 -70.86 -9999.00 -9999.00 -9999.00 292.80 33.08 0.00
0.00 17081.60
64.70 -67.56 -9999.00 -9999.00 -9999.00 260.46 23.45 0.00
0.00 19032.00
39.60 -61.56 -9999.00 -9999.00 -9999.00 235.56 8.24 0.00
0.00 22029.50
14.50 -51.56 -9999.00 -9999.00 -9999.00 266.28 32.91 0.00
0.00 28399.00

STID = KSTJ STNM = 724490 TIME = 081019/0500 
SLAT = 39.79 SLON = -94.95 SELV = 284.0
STIM = 5

SHOW = 8.34 LIFT = 13.79 SWET = 239.76 KINX = 3.35
LCLP = 951.31 PWAT = 15.69 TOTL = 36.20 CAPE = 0.00
LCLT = 279.88 CINS = 0.00 EQLV = -9999.00 LFCT = -9999.00
BRCH = 0.00

PRES TMPC TMWC DWPC THTE DRCT SKNT OMEG
CFRL HGHT
985.20 9.54 8.35 7.24 302.19 159.44 9.97 0.00
0.00 303.40
980.60 9.74 8.40 7.17 302.81 162.26 15.29 0.00
0.00 342.30
976.00 11.74 9.19 6.94 305.21 164.42 20.98 -0.10
0.00 381.50
971.30 11.64 9.08 6.83 305.48 165.42 24.69 -0.10
0.00 421.90
966.50 12.84 9.41 6.41 306.81 169.16 27.89 0.00
0.00 463.40
961.60 12.44 9.17 6.29 306.77 169.97 29.00 0.00
0.00 506.10
956.60 12.44 9.00 5.94 306.91 172.55 29.97 0.00
0.00 549.90
951.60 12.14 8.78 5.79 306.96 174.07 30.07 0.00
0.00 593.80
946.30 11.74 8.52 5.62 306.91 175.94 30.19 0.00
0.00 640.60
940.90 11.54 8.17 5.07 306.66 180.00 30.30 0.00
0.00 688.50
935.30 11.34 7.80 4.49 306.42 181.87 29.74 0.00
0.00 738.40
929.50 11.44 7.50 3.71 306.33 185.37 29.08 0.00
0.00 790.40
923.30 11.74 7.24 2.80 306.40 189.14 28.13 0.00
0.00 846.30
916.90 12.54 7.24 1.91 307.10 193.43 26.77 0.00
0.00 904.60
910.10 13.34 7.30 1.15 308.01 196.78 25.56 0.00
0.00 967.10
902.70 13.74 7.33 0.82 308.97 197.71 24.26 0.10
0.00 1035.80
894.60 13.84 7.41 0.97 310.14 196.28 22.86 0.10
0.00 1111.70
885.10 13.74 7.47 1.33 311.49 195.66 21.58 0.10
0.00 1201.60
874.10 13.54 7.48 1.70 312.94 198.26 20.45 0.10
0.00 1306.90
861.80 13.24 7.44 2.03 314.45 205.05 19.74 0.10
0.00 1426.10
848.40 12.94 7.34 2.21 315.98 209.74 17.23 0.20
0.00 1557.90
834.10 12.44 6.83 1.60 316.56 219.51 14.36 0.20
0.00 1700.50
819.00 12.34 6.12 0.02 316.74 232.82 14.14 0.20
0.00 1853.70
803.00 11.44 4.96 -1.88 315.96 237.72 13.09 0.20
0.00 2018.80
786.50 10.54 3.80 -3.89 315.34 242.95 10.26 0.20
0.00 2191.80
769.50 9.54 2.61 -5.99 314.80 264.47 6.04 0.20
0.00 2373.40
751.80 8.74 1.50 -8.27 314.64 311.63 4.68 0.20
0.00 2566.00
733.60 7.74 0.29 -10.71 314.43 316.27 6.18 0.20
0.00 2768.10
714.80 7.14 -0.71 -13.46 314.83 306.87 6.80 0.20
0.00 2981.60
695.50 6.44 -1.74 -16.42 315.34 293.63 6.78 0.10
0.00 3206.20
675.60 5.64 -2.73 -19.15 316.15 280.44 7.50 0.10
0.00 3443.60
655.00 4.54 -3.74 -21.10 317.18 281.56 8.72 0.10
0.00 3696.00
633.80 2.84 -4.87 -21.37 318.25 297.01 11.11 0.10
0.00 3962.80
612.00 0.44 -6.35 -21.16 318.86 308.78 13.95 0.10
0.00 4244.50
589.70 -2.06 -7.97 -21.29 319.41 309.99 15.71 0.20
0.00 4540.60
567.00 -4.36 -9.66 -22.43 320.04 305.39 18.10 0.20
0.00 4851.00
544.00 -6.36 -11.37 -24.74 320.88 301.78 21.02 0.20
0.00 5175.80
520.80 -8.46 -13.25 -27.96 321.62 301.91 24.26 0.20
0.00 5515.00
497.60 -10.76 -15.19 -30.68 322.52 300.17 28.98 0.30
0.00 5866.70
474.20 -13.36 -17.31 -32.87 323.43 296.41 32.32 0.30
0.00 6234.90
450.70 -16.26 -19.72 -35.61 324.14 294.94 36.85 0.40
0.00 6619.40
427.10 -19.46 -22.43 -38.90 324.70 294.54 36.95 0.30
0.00 7021.40
402.80 -22.96 -25.37 -41.16 325.44 296.01 35.88 0.30
0.00 7453.40
378.00 -26.66 -28.53 -42.91 326.39 296.57 37.78 0.20
0.00 7915.40
353.40 -30.56 -31.91 -43.95 327.42 296.91 43.36 0.20
0.00 8397.20
329.00 -34.76 -35.68 -45.48 328.32 297.58 49.09 0.20
0.00 8900.90
305.10 -39.36 -39.88 -46.63 328.96 296.77 47.44 0.10
0.00 9422.10
282.10 -42.86 -43.22 -48.86 331.26 300.36 47.28 0.10
0.00 9954.60
260.40 -46.36 -46.63 -52.04 333.61 302.05 49.05 0.00
0.00 10490.10
240.20 -50.56 -50.75 -56.09 334.92 300.76 55.83 0.00
0.00 11021.20
221.40 -54.96 -55.09 -60.49 335.90 301.23 64.06 0.00
0.00 11547.00
203.10 -59.16 -59.25 -65.02 337.57 300.78 71.00 0.00
0.00 12092.70
184.20 -62.06 -62.13 -68.67 342.38 301.78 67.87 0.00
0.00 12700.40
163.10 -62.36 -62.47 -74.27 353.94 298.98 57.73 -0.10
0.00 13451.50
139.40 -62.66 -62.79 -75.31 369.65 293.47 53.15 -0.10
0.00 14419.70
114.70 -67.16 -67.24 -76.58 382.48 286.08 44.87 0.00
0.00 15608.50
89.70 -71.36 -9999.00 -9999.00 -9999.00 291.17 29.58 0.00
0.00 17075.70
64.70 -66.96 -9999.00 -9999.00 -9999.00 262.94 20.55 0.00
0.00 19026.50
39.60 -60.96 -9999.00 -9999.00 -9999.00 244.23 6.25 0.00
0.00 22032.70
14.50 -51.66 -9999.00 -9999.00 -9999.00 269.61 28.36 0.00
0.00 28409.60

STID = KSTJ STNM = 724490 TIME = 081019/0600 
SLAT = 39.79 SLON = -94.95 SELV = 284.0
STIM = 6

SHOW = 8.97 LIFT = 14.17 SWET = 233.48 KINX = 3.47
LCLP = 959.14 PWAT = 15.55 TOTL = 35.18 CAPE = 0.00
LCLT = 280.04 CINS = 0.00 EQLV = -9999.00 LFCT = -9999.00
BRCH = 0.00

PRES TMPC TMWC DWPC THTE DRCT SKNT OMEG
CFRL HGHT
985.20 9.04 8.14 7.28 301.69 166.26 8.99 0.00
0.00 303.30
980.60 9.34 8.23 7.19 302.40 169.62 14.02 0.00
0.00 342.20
975.90 11.14 8.91 6.92 304.54 171.30 19.25 -0.10
0.00 382.20
971.20 11.14 8.83 6.78 304.89 172.34 23.33 -0.10
0.00 422.50
966.40 12.54 9.22 6.30 306.36 175.44 26.88 -0.10
0.00 464.00
961.60 12.24 8.99 6.11 306.34 176.50 28.61 -0.10
0.00 505.80
956.60 12.34 8.90 5.84 306.68 178.51 29.93 -0.10
0.00 549.50
951.50 12.34 8.73 5.48 306.83 182.90 30.73 -0.10
0.00 594.30
946.30 11.94 8.46 5.30 306.76 184.37 30.59 -0.10
0.00 640.30
940.90 11.84 8.17 4.78 306.66 187.62 30.77 -0.10
0.00 688.20
935.20 11.64 7.78 4.13 306.37 190.66 30.44 -0.10
0.00 739.00
929.40 11.64 7.46 3.41 306.24 194.22 30.05 -0.10
0.00 791.00
923.20 11.84 7.20 2.60 306.32 198.31 29.06 -0.10
0.00 847.00
916.80 12.34 7.09 1.76 306.75 202.47 27.95 -0.10
0.00 905.30
910.00 13.14 7.11 0.90 307.57 206.19 26.42 -0.10
0.00 967.80
902.70 13.74 7.11 0.20 308.40 207.55 25.19 -0.10
0.00 1035.50
894.50 13.84 7.07 0.04 309.29 206.98 23.97 -0.10
0.00 1112.40
885.00 13.64 7.03 0.27 310.37 206.35 23.19 -0.20
0.00 1202.30
874.00 13.34 7.01 0.68 311.72 207.23 22.49 -0.20
0.00 1307.50
861.70 12.94 6.98 1.19 313.25 211.84 21.72 -0.20
0.00 1426.60
848.30 12.64 7.02 1.73 315.13 214.48 19.56 -0.20
0.00 1558.20
834.10 12.34 6.75 1.52 316.36 217.57 15.93 -0.10
0.00 1699.80
818.90 12.64 6.11 -0.37 316.70 234.82 14.49 -0.10
0.00 1854.00
803.00 11.84 4.93 -2.52 315.84 244.18 13.38 -0.10
0.00 2018.20
786.50 10.84 3.81 -4.33 315.32 244.36 10.78 -0.10
0.00 2191.50
769.40 9.74 2.63 -6.25 314.84 253.81 6.27 -0.10
0.00 2374.20
751.80 8.84 1.52 -8.37 314.68 291.25 3.75 -0.10
0.00 2565.90
733.50 7.84 0.38 -10.55 314.65 307.69 5.40 -0.10
0.00 2769.20
714.80 7.14 -0.60 -12.89 315.11 306.53 6.53 -0.10
0.00 2981.70
695.40 6.24 -1.68 -15.44 315.54 297.98 7.03 -0.20
0.00 3207.30
675.60 5.34 -2.69 -17.82 316.30 285.75 7.87 -0.20
0.00 3443.40
655.00 4.44 -3.56 -19.42 317.63 285.78 9.29 -0.20
0.00 3695.60
633.80 2.74 -4.66 -19.53 318.76 298.77 11.31 -0.10
0.00 3962.30
612.00 0.24 -6.26 -19.84 319.08 307.73 13.01 -0.10
0.00 4243.90
589.70 -2.36 -8.10 -21.01 319.15 311.63 14.02 0.00
0.00 4539.80
567.00 -4.56 -9.88 -23.05 319.60 309.19 16.30 0.00
0.00 4849.90
544.00 -6.46 -11.54 -25.59 320.52 305.47 19.08 0.00
0.00 5174.50
520.80 -8.46 -13.23 -27.81 321.66 299.44 22.53 0.00
0.00 5513.60
497.50 -10.66 -14.97 -29.20 322.98 291.42 27.12 0.10
0.00 5866.90
474.20 -13.26 -17.08 -31.18 323.88 288.21 31.08 0.20
0.00 6233.80
450.70 -16.16 -19.63 -35.37 324.31 292.40 34.67 0.20
0.00 6618.40
427.10 -19.36 -22.40 -39.55 324.75 293.07 34.21 0.30
0.00 7020.60
402.80 -22.76 -25.28 -42.32 325.59 294.88 35.55 0.30
0.00 7452.90
378.00 -26.46 -28.45 -44.68 326.50 296.69 40.66 0.30
0.00 7915.20
353.40 -30.36 -31.81 -45.30 327.58 301.77 45.01 0.30
0.00 8397.40
329.00 -34.86 -35.76 -45.48 328.19 303.06 49.15 0.20
0.00 8901.20
305.00 -38.76 -39.31 -46.17 329.88 300.08 49.61 0.10
0.00 9425.20
282.10 -42.56 -42.92 -48.32 331.73 299.80 53.94 0.00
0.00 9956.50
260.40 -46.46 -46.70 -51.36 333.51 298.77 54.08 0.00
0.00 10492.20
240.20 -50.66 -50.82 -55.13 334.81 297.01 56.47 0.00
13.00 11023.10
221.40 -54.76 -54.87 -59.06 336.25 296.32 61.32 0.00
19.00 11549.00
203.10 -59.26 -59.35 -65.02 337.42 296.27 68.03 0.00
0.00 12094.80
184.20 -62.16 -62.23 -68.67 342.22 297.29 69.08 0.00
0.00 12702.20
163.10 -62.86 -62.96 -74.27 353.10 298.61 58.41 0.00
0.00 13452.30
139.40 -63.36 -63.48 -75.31 368.42 292.88 55.46 0.00
0.00 14417.70
114.70 -67.16 -67.24 -76.58 382.48 284.98 45.84 0.00
0.00 15604.50
89.70 -71.76 -9999.00 -9999.00 -9999.00 282.36 29.04 0.00
0.00 17070.30
64.70 -66.06 -9999.00 -9999.00 -9999.00 261.09 20.05 0.00
0.00 19023.50
39.60 -59.76 -9999.00 -9999.00 -9999.00 237.43 8.29 0.00
0.00 22044.70
14.50 -51.26 -9999.00 -9999.00 -9999.00 263.39 26.98 0.00
0.00 28445.20

STID = KSTJ STNM = 724490 TIME = 081019/0700 
SLAT = 39.79 SLON = -94.95 SELV = 284.0
STIM = 7

SHOW = 9.22 LIFT = 13.94 SWET = 215.81 KINX = 4.75
LCLP = 964.44 PWAT = 15.83 TOTL = 34.92 CAPE = 0.00
LCLT = 279.96 CINS = 0.00 EQLV = -9999.00 LFCT = -9999.00
BRCH = 0.00

PRES TMPC TMWC DWPC THTE DRCT SKNT OMEG
CFRL HGHT
985.40 8.54 7.83 7.13 300.95 165.96 8.82 0.00
0.00 303.30
980.80 8.84 7.94 7.08 301.70 171.19 13.95 0.00
0.00 342.10
976.10 10.74 8.67 6.81 303.95 174.75 19.11 0.00
0.00 382.00
971.40 10.84 8.64 6.65 304.38 176.15 23.17 -0.10
0.00 422.30
966.60 12.14 9.02 6.25 305.85 179.17 26.81 -0.10
0.00 463.70
961.70 12.34 8.95 5.92 306.21 180.75 29.53 0.00
0.00 506.30
956.80 12.34 8.84 5.70 306.50 183.18 31.51 -0.10
0.00 549.10
951.70 12.44 8.70 5.31 306.72 186.87 32.48 -0.10
0.00 594.00
946.50 12.14 8.46 5.11 306.74 188.67 32.23 -0.10
0.00 639.90
941.00 12.14 8.28 4.73 306.93 192.45 32.42 0.00
0.00 688.80
935.40 11.94 7.99 4.29 306.85 195.90 31.92 -0.10
0.00 738.80
929.60 11.84 7.67 3.68 306.73 199.32 31.70 -0.10
0.00 790.80
923.40 11.94 7.39 2.94 306.75 202.87 30.98 -0.10
0.00 846.80
917.00 12.34 7.19 2.03 306.99 207.06 29.88 -0.10
0.00 905.10
910.20 12.94 7.08 1.06 307.48 211.10 28.57 -0.10
0.00 967.50
902.90 13.54 7.02 0.20 308.16 214.26 27.25 -0.10
0.00 1035.20
894.70 13.74 6.92 -0.28 308.87 215.59 26.03 -0.20
0.00 1112.00
885.20 13.64 6.82 -0.33 309.80 216.61 25.41 -0.20
0.00 1201.90
874.20 13.14 6.73 0.16 310.98 218.73 25.16 -0.30
0.00 1307.00
861.90 12.64 6.69 0.79 312.50 220.80 24.38 -0.30
0.00 1426.00
848.50 12.24 6.64 1.23 314.13 222.57 22.69 -0.30
0.00 1557.40
834.20 11.64 6.33 1.25 315.28 218.75 20.18 -0.30
0.00 1699.60
819.00 11.94 6.01 0.20 316.47 225.47 16.63 -0.30
0.00 1853.50
803.10 11.84 5.02 -2.25 316.07 240.35 14.53 -0.20
0.00 2017.50
786.60 10.94 3.87 -4.29 315.45 245.41 12.61 -0.20
0.00 2190.80
769.50 9.64 2.68 -5.91 314.97 240.26 9.40 -0.20
0.00 2373.50
751.90 8.54 1.53 -7.76 314.73 244.36 5.38 -0.20
0.00 2565.00
733.60 7.54 0.43 -9.71 314.79 270.00 4.66 -0.20
0.00 2768.10
714.90 6.74 -0.56 -11.76 315.23 286.50 5.48 -0.20
0.00 2980.30
695.50 5.74 -1.67 -13.99 315.62 288.43 6.14 -0.20
0.00 3205.60
675.70 4.74 -2.72 -16.08 316.31 281.00 7.13 -0.20
0.00 3441.20
655.10 3.94 -3.54 -17.52 317.76 277.77 8.62 -0.20
0.00 3692.90
633.90 2.44 -4.60 -18.15 318.93 287.35 9.77 -0.20
0.00 3959.20
612.10 0.14 -6.22 -19.23 319.18 296.57 10.43 -0.10
0.00 4240.60
589.70 -2.56 -8.22 -21.01 318.92 304.56 10.61 -0.10
0.00 4537.60
567.00 -4.86 -10.08 -23.16 319.21 311.19 12.39 -0.10
0.00 4847.40
544.00 -6.66 -11.59 -24.98 320.44 301.22 15.00 -0.20
0.00 5171.70
520.90 -8.76 -13.34 -27.11 321.45 289.54 19.17 -0.10
0.00 5509.00
497.60 -10.96 -14.92 -27.08 323.10 279.68 25.43 -0.10
0.00 5861.90
474.20 -13.46 -16.98 -28.96 324.12 280.57 29.64 -0.10
0.00 6229.90
450.70 -16.26 -19.67 -34.90 324.25 284.04 31.24 0.00
0.00 6614.40
427.10 -19.36 -22.42 -39.89 324.72 285.41 31.43 0.00
0.00 7016.40
402.80 -22.46 -25.08 -43.17 325.90 289.90 33.66 0.10
0.00 7449.00
378.00 -26.16 -28.23 -45.18 326.86 296.95 39.01 0.20
0.00 7911.90
353.40 -30.06 -31.60 -46.31 327.91 306.46 43.47 0.20
0.00 8394.70
329.00 -34.26 -35.33 -47.49 328.86 306.65 51.09 0.10
0.00 8899.40
305.00 -38.46 -39.18 -49.34 330.07 301.92 55.85 0.00
0.00 9424.40
282.10 -42.86 -43.26 -50.03 331.18 299.89 58.47 -0.10
0.00 9955.60
260.40 -46.56 -46.81 -52.04 333.32 296.22 58.47 -0.10
0.00 10490.90
240.20 -50.46 -50.60 -54.26 335.15 294.89 59.54 -0.10
90.00 11021.90
221.40 -54.86 -54.96 -59.06 336.10 294.31 61.81 -0.10
95.00 11547.90
203.10 -59.16 -59.22 -62.87 337.62 294.25 66.69 0.00
85.00 12093.80
184.20 -62.26 -62.33 -68.67 342.05 295.07 66.47 0.00
0.00 12701.20
163.00 -63.06 -63.16 -74.28 352.82 298.09 58.57 0.00
0.00 13454.50
139.40 -63.06 -63.18 -75.31 368.95 294.23 55.38 0.00
0.00 14416.40
114.70 -66.56 -66.65 -76.58 383.59 287.37 46.19 0.00
0.00 15605.70
89.70 -71.56 -9999.00 -9999.00 -9999.00 281.53 30.13 0.00
0.00 17074.40
64.70 -65.56 -9999.00 -9999.00 -9999.00 262.59 19.58 0.00
0.00 19031.00
39.60 -59.86 -9999.00 -9999.00 -9999.00 231.60 13.13 0.00
0.00 22055.10
14.50 -52.56 -9999.00 -9999.00 -9999.00 267.10 26.85 0.00
0.00 28434.90

STID = KSTJ STNM = 724490 TIME = 081019/0800 
SLAT = 39.79 SLON = -94.95 SELV = 284.0
STIM = 8

SHOW = 8.54 LIFT = 13.47 SWET = 203.32 KINX = 7.13
LCLP = 965.26 PWAT = 16.52 TOTL = 36.14 CAPE = 0.00
LCLT = 279.75 CINS = 0.00 EQLV = -9999.00 LFCT = -9999.00
BRCH = 0.00

PRES TMPC TMWC DWPC THTE DRCT SKNT OMEG
CFRL HGHT
986.40 8.34 7.63 6.92 300.37 160.35 8.66 0.00
0.00 303.30
981.80 8.54 7.69 6.87 301.02 167.38 13.34 0.00
0.00 341.90
977.20 10.24 8.38 6.67 303.12 172.87 18.78 0.00
0.00 380.90
972.50 10.74 8.50 6.46 303.93 176.09 22.79 0.00
0.00 421.10
967.70 11.64 8.78 6.20 305.12 180.00 26.81 -0.10
0.00 462.40
962.80 12.64 8.98 5.70 306.16 183.32 30.17 0.00
0.00 505.00
957.80 12.44 8.80 5.52 306.29 185.23 31.99 0.00
0.00 548.70
952.70 12.74 8.72 5.06 306.65 189.02 33.43 0.00
0.00 593.50
947.40 12.54 8.51 4.80 306.73 191.44 33.29 0.00
0.00 640.30
942.00 12.54 8.34 4.44 306.93 195.26 33.22 0.00
0.00 688.30
936.40 12.44 8.08 3.97 306.93 198.22 32.93 0.00
0.00 738.30
930.50 12.34 7.73 3.29 306.76 201.48 32.36 0.00
0.00 791.30
924.40 12.54 7.50 2.54 306.89 205.14 31.55 0.00
0.00 846.50
917.90 12.94 7.37 1.78 307.30 209.38 30.09 0.00
0.00 905.70
911.10 13.54 7.37 1.10 308.07 214.01 28.83 0.00
0.00 968.20
903.80 13.94 7.40 0.75 309.00 217.91 27.82 -0.10
0.00 1036.00
895.60 14.04 7.49 0.93 310.21 220.91 26.98 -0.10
0.00 1112.80
886.10 13.94 7.68 1.66 311.92 225.00 26.38 -0.20
0.00 1202.70
875.10 13.04 7.55 2.43 313.04 228.89 26.30 -0.20
0.00 1307.80
862.70 12.34 7.35 2.76 314.13 232.79 26.34 -0.30
0.00 1427.60
849.30 11.94 6.84 2.07 314.59 231.48 24.34 -0.30
0.00 1558.70
835.00 11.54 6.33 1.34 315.16 228.91 22.16 -0.20
0.00 1700.80
819.80 11.04 5.87 0.87 316.04 222.55 19.25 -0.20
0.00 1854.20
803.80 11.44 5.16 -1.33 316.37 230.46 15.87 -0.20
0.00 2018.70
787.30 10.94 3.97 -3.98 315.61 243.43 13.46 -0.10
0.00 2191.80
770.20 9.84 2.82 -5.78 315.20 240.38 11.40 -0.10
0.00 2374.40
752.50 8.44 1.61 -7.31 314.85 234.46 8.35 -0.10
0.00 2566.90
734.20 7.34 0.51 -9.01 314.92 244.98 6.43 -0.10
0.00 2769.80
715.40 6.34 -0.55 -10.81 315.25 262.65 6.08 -0.20
0.00 2982.70
696.10 5.34 -1.64 -12.85 315.65 271.85 6.02 -0.20
0.00 3206.30
676.10 4.14 -2.79 -14.73 316.17 271.59 6.99 -0.20
0.00 3443.70
655.50 3.34 -3.59 -16.00 317.65 268.73 8.74 -0.20
0.00 3694.80
634.30 2.14 -4.60 -17.21 318.90 273.43 9.73 -0.20
0.00 3960.50
612.40 -0.06 -6.26 -18.81 319.06 277.13 9.40 -0.10
0.00 4242.80
590.00 -2.66 -8.27 -20.91 318.79 285.95 8.49 -0.10
0.00 4539.50
567.30 -5.06 -10.17 -22.94 318.99 300.96 9.05 -0.20
0.00 4849.00
544.30 -6.96 -11.73 -24.62 320.13 285.33 12.49 -0.20
0.00 5172.80
521.00 -9.06 -13.41 -26.07 321.33 273.11 17.89 -0.20
0.00 5512.50
497.70 -11.26 -14.97 -25.96 323.02 270.87 25.45 -0.10
0.00 5864.90
474.30 -13.66 -17.01 -28.12 324.05 272.29 29.16 -0.10
0.00 6232.60
450.80 -16.46 -19.72 -33.80 324.16 276.01 29.68 -0.10
0.00 6616.70
427.10 -19.36 -22.40 -39.55 324.75 277.40 30.17 0.00
0.00 7020.20
402.80 -22.36 -25.02 -43.62 326.00 283.20 32.32 0.10
0.00 7452.90
378.00 -26.16 -28.29 -46.83 326.75 294.47 35.64 0.10
0.00 7915.90
353.40 -30.06 -31.66 -48.05 327.79 300.31 41.18 0.10
0.00 8398.60
329.00 -34.26 -35.42 -50.03 328.70 297.35 50.74 0.10
0.00 8903.30
305.00 -38.56 -39.27 -49.34 329.93 297.00 57.77 0.00
0.00 9428.30
282.10 -42.86 -43.24 -49.42 331.22 294.02 60.61 0.00
0.00 9959.40
260.40 -46.36 -46.63 -52.04 333.61 292.81 59.63 0.00
0.00 10494.90
240.20 -50.36 -50.55 -56.09 335.22 295.11 61.79 0.00
0.00 11026.20
221.40 -54.56 -54.70 -60.49 336.52 297.48 70.73 -0.10
0.00 11552.70
203.10 -59.26 -59.32 -62.87 337.46 294.65 70.32 0.00
0.00 12098.80
184.20 -62.36 -62.43 -68.67 341.89 292.81 63.64 0.00
0.00 12705.90
163.00 -63.36 -63.46 -74.28 352.32 293.92 58.43 0.00
0.00 13458.60
139.40 -63.46 -63.57 -75.31 368.25 291.35 55.48 0.00
0.00 14418.80
114.70 -66.06 -66.15 -76.58 384.52 286.46 44.56 0.00
0.00 15608.40
89.70 -71.46 -9999.00 -9999.00 -9999.00 278.39 30.63 0.00
0.00 17079.30
64.70 -65.56 -9999.00 -9999.00 -9999.00 267.69 19.25 0.00
0.00 19036.30
39.60 -60.06 -9999.00 -9999.00 -9999.00 242.02 14.08 0.00
0.00 22059.00
14.50 -52.16 -9999.00 -9999.00 -9999.00 266.01 25.12 0.00
0.00 28441.80

STID = KSTJ STNM = 724490 TIME = 081019/0900 
SLAT = 39.79 SLON = -94.95 SELV = 284.0
STIM = 9

SHOW = 7.51 LIFT = 12.46 SWET = 191.74 KINX = 9.59
LCLP = 965.15 PWAT = 17.01 TOTL = 37.88 CAPE = 0.00
LCLT = 279.48 CINS = 0.00 EQLV = -9999.00 LFCT = -9999.00
BRCH = 0.00

PRES TMPC TMWC DWPC THTE DRCT SKNT OMEG
CFRL HGHT
984.80 7.94 7.29 6.62 299.76 154.54 9.03 0.00
0.00 303.30
980.20 8.14 7.35 6.57 300.40 161.31 13.95 0.00
0.00 341.90
975.50 9.54 7.96 6.48 302.32 168.11 18.86 0.00
0.00 381.80
970.80 11.04 8.49 6.17 304.10 173.71 23.06 0.00
0.00 422.00
966.10 11.14 8.48 6.06 304.59 178.34 26.83 0.00
0.00 462.50
961.20 12.74 8.98 5.60 306.33 184.06 30.19 0.00
0.00 505.10
956.20 12.64 8.87 5.48 306.64 185.64 31.62 0.00
0.00 548.90
951.10 13.04 8.89 5.15 307.26 190.07 33.33 0.00
0.00 593.80
945.90 12.94 8.72 4.88 307.42 193.14 33.31 0.10
0.00 639.90
940.50 12.94 8.55 4.52 307.62 196.31 33.20 0.00
0.00 688.00
934.90 12.84 8.26 3.97 307.54 199.84 32.63 0.10
0.00 738.20
929.00 12.94 7.99 3.27 307.56 203.24 31.51 0.10
0.00 791.40
922.90 13.24 7.86 2.63 307.91 206.73 30.23 0.00
0.00 846.70
916.50 13.74 7.89 2.19 308.73 211.23 28.85 0.10
0.00 905.30
909.70 14.24 8.08 2.14 310.00 215.82 27.54 0.00
0.00 968.10
902.30 14.44 8.26 2.45 311.39 220.02 26.88 0.00
0.00 1037.00
894.20 14.34 8.39 2.95 312.75 223.52 26.52 0.00
0.00 1113.20
884.70 13.84 8.50 3.80 314.29 229.64 25.49 -0.10
0.00 1203.30
873.70 12.74 7.94 3.67 314.26 230.47 25.93 -0.10
0.00 1308.50
861.40 12.34 7.70 3.60 315.25 238.39 26.69 -0.20
0.00 1427.50
848.00 11.94 7.21 2.95 315.74 236.06 24.36 -0.20
0.00 1558.90
833.80 11.94 6.47 1.27 315.69 231.42 22.13 -0.10
0.00 1700.30
818.60 11.04 5.81 0.73 316.05 225.81 19.50 -0.10
0.00 1854.00
802.70 11.34 5.12 -1.31 316.42 226.94 16.22 -0.10
0.00 2017.70
786.20 11.04 3.94 -4.22 315.67 240.15 13.66 -0.10
0.00 2191.00
769.20 9.94 2.76 -6.12 315.19 243.03 12.43 -0.10
0.00 2372.90
751.50 8.44 1.58 -7.41 314.91 237.77 10.57 -0.10
0.00 2565.60
733.30 7.14 0.46 -8.78 314.96 243.43 9.13 -0.10
0.00 2767.60
714.50 6.04 -0.60 -10.35 315.30 254.74 8.86 -0.10
0.00 2980.60
695.30 5.04 -1.61 -11.99 315.88 260.54 8.28 -0.10
0.00 3203.10
675.40 3.64 -2.84 -13.65 316.23 264.81 8.59 -0.10
0.00 3439.30
654.80 2.74 -3.71 -14.92 317.56 263.42 10.16 -0.20
0.00 3690.10
633.70 1.64 -4.77 -16.62 318.67 265.07 11.31 -0.10
0.00 3954.40
611.90 -0.36 -6.37 -18.41 318.95 261.03 11.21 -0.10
0.00 4235.20
589.50 -2.86 -8.33 -20.55 318.76 262.73 9.21 -0.10
0.00 4531.90
566.90 -5.36 -10.30 -22.53 318.83 271.40 7.96 -0.10
0.00 4839.90
543.90 -7.26 -11.89 -24.40 319.91 264.88 13.07 -0.10
0.00 5163.70
520.70 -9.46 -13.43 -24.33 321.41 258.14 19.85 -0.10
0.00 5501.70
497.50 -11.66 -15.12 -25.17 322.80 262.88 26.63 0.00
0.00 5852.30
474.10 -13.96 -17.41 -29.71 323.34 267.03 29.95 0.00
0.00 6219.60
450.70 -16.66 -19.88 -34.01 323.89 268.88 29.91 0.00
0.00 6601.80
427.10 -19.56 -22.51 -38.90 324.57 268.16 30.32 0.00
0.00 7003.40
402.80 -22.46 -25.10 -43.62 325.87 273.51 31.72 0.10
0.00 7435.80
378.00 -26.26 -28.41 -48.11 326.54 283.87 33.22 0.10
0.00 7898.60
353.40 -30.16 -31.84 -50.99 327.50 290.69 39.04 0.10
0.00 8381.10
329.00 -34.36 -35.60 -53.49 328.41 291.84 47.51 0.10
0.00 8885.60
305.10 -38.56 -39.34 -51.43 329.78 291.35 54.43 0.10
0.00 9408.10
282.10 -42.86 -43.19 -48.32 331.30 287.22 57.75 0.10
0.00 9941.40
260.40 -46.46 -46.70 -51.36 333.51 287.54 58.66 0.10
0.00 10476.80
240.20 -50.46 -50.62 -55.13 335.11 292.94 63.29 0.10
0.00 11007.90
221.40 -54.56 -54.67 -59.06 336.56 291.69 73.58 0.10
0.00 11534.30
203.10 -58.76 -58.83 -62.87 338.25 290.95 75.50 0.00
0.00 12081.10
184.20 -61.56 -61.64 -68.67 343.19 289.09 64.74 0.00
0.00 12690.00
163.10 -62.96 -63.06 -74.27 352.93 288.80 57.87 0.10
0.00 13441.00
139.40 -63.96 -64.06 -75.31 367.37 288.06 55.77 0.10
0.00 14404.80
114.70 -66.06 -66.15 -76.58 384.52 284.16 43.67 0.00
0.00 15593.00
89.70 -71.16 -9999.00 -9999.00 -9999.00 271.81 30.71 0.00
0.00 17065.00
64.70 -66.06 -9999.00 -9999.00 -9999.00 273.78 20.63 0.00
0.00 19021.00
39.60 -61.16 -9999.00 -9999.00 -9999.00 258.29 16.26 0.00
0.00 22032.20
14.50 -52.36 -9999.00 -9999.00 -9999.00 260.15 23.85 0.00
0.00 28395.90

STID = KSTJ STNM = 724490 TIME = 081019/1000 
SLAT = 39.79 SLON = -94.95 SELV = 284.0
STIM = 10

SHOW = 6.90 LIFT = 11.84 SWET = 187.74 KINX = 11.62
LCLP = 965.04 PWAT = 17.42 TOTL = 38.92 CAPE = 0.00
LCLT = 279.33 CINS = 0.00 EQLV = -9999.00 LFCT = -9999.00
BRCH = 0.00

PRES TMPC TMWC DWPC THTE DRCT SKNT OMEG
CFRL HGHT
985.30 7.84 7.17 6.48 299.44 154.36 10.78 0.00
0.00 303.20
980.60 8.14 7.27 6.41 300.18 159.53 15.56 0.00
0.00 342.70
976.00 8.54 7.44 6.37 301.05 165.70 20.45 0.00
0.00 381.60
971.30 11.14 8.54 6.16 304.14 171.05 24.98 -0.10
0.00 421.80
966.50 11.14 8.48 6.06 304.54 176.52 28.81 0.00
0.00 463.10
961.60 12.94 9.17 5.82 306.76 182.41 32.26 0.00
0.00 505.70
956.70 13.14 9.17 5.65 307.32 185.55 34.15 0.00
0.00 548.70
951.60 13.44 9.17 5.38 307.90 189.77 35.47 0.00
0.00 593.70
946.40 13.44 9.05 5.13 308.20 192.97 35.49 0.00
0.00 639.80
940.90 13.44 8.86 4.73 308.36 195.51 34.87 0.00
0.00 688.90
935.30 13.44 8.59 4.13 308.32 198.33 33.97 0.00
0.00 739.10
929.50 13.64 8.41 3.52 308.53 201.43 32.96 0.00
0.00 791.50
923.30 13.94 8.33 3.02 309.03 204.82 31.47 0.00
0.00 847.90
916.90 14.44 8.47 2.87 310.15 208.55 30.07 0.00
0.00 906.60
910.10 14.74 8.66 3.06 311.45 212.41 29.00 -0.10
0.00 969.50
902.80 14.74 8.79 3.43 312.71 215.86 28.52 -0.10
0.00 1037.50
894.60 14.34 8.71 3.71 313.55 218.60 28.34 -0.10
0.00 1114.60
885.10 13.74 8.59 4.10 314.48 224.12 26.79 -0.20
0.00 1204.70
874.10 12.74 8.06 3.95 314.54 223.59 27.89 -0.30
0.00 1309.90
861.80 12.44 7.95 4.06 315.87 233.13 27.19 -0.30
0.00 1428.90
848.40 12.44 7.50 3.11 316.44 235.45 25.00 -0.30
0.00 1560.30
834.20 12.14 6.76 1.76 316.39 230.44 23.17 -0.30
0.00 1701.80
819.00 11.54 5.85 0.26 316.08 225.36 21.83 -0.30
0.00 1855.70
803.00 11.04 5.06 -1.09 316.25 222.51 18.98 -0.30
0.00 2020.40
786.50 10.94 4.11 -3.53 316.09 230.10 15.44 -0.30
0.00 2193.50
769.50 10.04 2.94 -5.67 315.60 240.64 14.26 -0.30
0.00 2375.30
751.80 8.64 1.74 -7.19 315.25 240.46 13.40 -0.40
0.00 2568.10
733.60 7.14 0.55 -8.45 315.14 241.88 12.78 -0.40
0.00 2770.10
714.80 5.64 -0.66 -9.79 315.14 247.86 12.37 -0.40
0.00 2982.80
695.50 4.54 -1.69 -11.21 315.72 253.11 11.36 -0.40
0.00 3206.10
675.60 3.04 -2.95 -12.69 316.01 255.47 10.84 -0.40
0.00 3441.70
655.00 1.94 -4.00 -14.21 316.96 258.11 11.31 -0.40
0.00 3691.90
633.90 0.94 -5.07 -16.12 318.05 260.39 12.80 -0.30
0.00 3955.40
612.00 -0.66 -6.44 -17.86 318.81 253.94 13.34 -0.30
0.00 4236.90
589.70 -3.06 -8.34 -19.92 318.72 247.31 11.58 -0.30
0.00 4531.90
567.00 -5.56 -10.33 -21.93 318.78 244.44 9.91 -0.30
0.00 4841.10
544.00 -7.56 -11.97 -23.63 319.76 250.85 14.80 -0.30
0.00 5164.40
520.80 -9.66 -13.39 -23.29 321.48 250.28 21.87 -0.20
0.00 5502.10
497.60 -11.86 -15.41 -26.20 322.23 257.51 27.86 -0.20
0.00 5852.30
474.20 -13.96 -17.69 -32.47 322.76 262.38 30.77 -0.10
0.00 6219.40
450.70 -16.66 -20.09 -36.63 323.50 263.46 30.69 -0.10
0.00 6603.10
427.10 -19.56 -22.55 -39.55 324.50 262.02 32.17 -0.10
0.00 7004.70
402.80 -22.46 -25.12 -44.10 325.83 266.88 32.09 0.00
0.00 7437.10
378.00 -26.26 -28.44 -48.82 326.50 275.78 32.81 0.00
0.00 7899.90
353.40 -30.06 -31.79 -52.89 327.55 282.09 38.93 0.00
0.00 8382.60
329.00 -34.56 -35.77 -53.49 328.13 286.08 44.87 0.00
0.00 8886.90
305.00 -38.96 -39.56 -47.63 329.48 287.29 52.29 0.00
0.00 9411.10
282.10 -42.66 -42.96 -47.33 331.67 282.29 55.67 -0.10
0.00 9942.00
260.40 -46.26 -46.48 -50.72 333.84 282.82 57.77 -0.10
0.00 10477.80
240.20 -50.46 -50.62 -55.13 335.11 286.96 64.59 -0.10
2.00 11009.20
221.40 -54.46 -54.58 -59.06 336.72 287.16 74.40 -0.10
39.00 11535.70
203.10 -58.76 -58.83 -62.87 338.25 288.16 77.27 -0.10
29.00 12082.50
184.20 -61.26 -61.32 -65.74 343.72 288.74 69.54 -0.10
0.00 12691.90
163.00 -62.16 -62.28 -74.28 354.33 287.84 59.60 0.00
0.00 13448.70
139.40 -63.86 -63.97 -75.31 367.54 288.56 56.76 0.00
0.00 14410.80
114.70 -66.26 -9999.00 -9999.00 -9999.00 284.63 45.38 0.00
0.00 15598.70
89.70 -71.36 -9999.00 -9999.00 -9999.00 272.93 34.23 0.00
0.00 17069.20
64.70 -66.96 -9999.00 -9999.00 -9999.00 279.97 17.95 0.00
0.00 19020.00
39.60 -61.76 -9999.00 -9999.00 -9999.00 258.11 11.31 0.00
0.00 22020.40
14.50 -51.46 -9999.00 -9999.00 -9999.00 255.87 28.65 0.00
0.00 28388.50

STID = KSTJ STNM = 724490 TIME = 081019/1100 
SLAT = 39.79 SLON = -94.95 SELV = 284.0
STIM = 11

SHOW = 5.88 LIFT = 11.30 SWET = 204.39 KINX = 14.22
LCLP = 963.72 PWAT = 17.98 TOTL = 40.44 CAPE = 0.00
LCLT = 279.22 CINS = 0.00 EQLV = -9999.00 LFCT = -9999.00
BRCH = 0.00

PRES TMPC TMWC DWPC THTE DRCT SKNT OMEG
CFRL HGHT
985.30 7.84 7.12 6.39 299.33 156.93 11.40 0.00
0.00 303.20
980.70 7.94 7.13 6.32 299.85 160.44 15.68 0.00
0.00 341.90
976.10 7.94 7.10 6.25 300.25 165.70 20.45 0.00
0.00 380.70
971.40 11.14 8.47 6.02 303.97 170.75 25.39 0.00
0.00 420.80
966.60 11.14 8.41 5.90 304.35 176.61 29.58 0.00
0.00 462.20
961.70 13.24 9.21 5.61 306.83 181.34 33.22 0.00
0.00 504.80
956.70 13.34 9.18 5.48 307.34 185.62 35.72 0.00
0.00 548.60
951.70 13.74 9.33 5.43 308.28 189.11 36.79 0.00
0.00 592.80
946.40 13.84 9.29 5.28 308.80 193.15 36.71 0.00
0.00 639.80
941.00 13.94 9.15 4.88 309.06 195.77 35.72 0.10
0.00 688.10
935.40 14.14 8.99 4.34 309.30 198.64 34.65 0.10
0.00 738.40
929.50 14.44 8.90 3.84 309.75 201.68 33.66 0.00
0.00 791.90
923.40 14.74 8.93 3.64 310.55 204.87 32.32 0.00
0.00 847.50
917.00 15.04 9.08 3.72 311.70 208.30 31.55 0.00
0.00 906.30
910.20 15.04 9.17 4.00 312.81 211.40 30.94 0.00
0.00 969.30
902.80 14.84 9.18 4.26 313.76 214.40 30.59 0.00
0.00 1038.40
894.70 14.44 9.07 4.45 314.51 217.02 30.65 0.00
0.00 1114.60
885.20 13.74 8.72 4.40 314.82 219.56 28.98 -0.10
0.00 1204.70
874.20 12.84 8.15 4.05 314.75 219.11 30.79 -0.10
0.00 1309.90
861.80 12.34 8.08 4.44 316.22 225.00 28.30 -0.20
0.00 1429.80
848.40 12.44 8.13 4.52 318.15 233.04 23.58 -0.20
0.00 1561.30
834.20 12.24 7.22 2.75 317.62 232.43 22.30 -0.20
0.00 1702.80
819.00 12.04 6.21 0.60 316.99 228.49 22.57 -0.20
0.00 1856.90

803.10 11.04 5.03 -1.18 316.15 224.64 21.56 -0.20
0.00 2020.70
786.60 10.34 4.06 -2.83 316.01 223.75 18.82 -0.20
0.00 2193.60
769.50 9.84 3.15 -4.66 316.15 234.22 16.28 -0.20
0.00 2376.30
751.90 8.64 1.98 -6.34 315.85 242.76 14.86 -0.20
0.00 2567.90
733.60 7.24 0.82 -7.68 315.77 246.50 14.61 -0.10
0.00 2771.00
714.80 5.54 -0.48 -8.92 315.58 250.60 14.63 -0.10
0.00 2983.80
695.50 4.04 -1.76 -10.43 315.62 252.84 13.83 -0.10
0.00 3206.90
675.60 2.44 -3.13 -12.06 315.67 252.39 12.84 0.00
0.00 3442.10
655.10 1.24 -4.32 -13.90 316.29 254.67 12.49 0.00
0.00 3690.40
633.90 0.44 -5.31 -15.92 317.56 257.56 13.52 0.00
0.00 3954.50
612.10 -0.96 -6.58 -17.70 318.51 252.51 14.86 0.00
0.00 4234.40
589.70 -3.26 -8.37 -19.41 318.68 241.26 13.73 0.00
0.00 4530.40
567.00 -5.66 -10.34 -21.65 318.75 235.62 13.42 0.00
0.00 4839.40
544.00 -7.86 -11.97 -22.40 319.80 243.73 17.11 0.00
0.00 5162.50
520.80 -9.96 -13.51 -22.80 321.28 248.20 23.02 0.10
0.00 5499.90
497.60 -11.96 -15.77 -28.45 321.53 256.16 27.60 0.10
0.00 5849.80
474.20 -13.96 -17.89 -34.85 322.37 260.97 29.70 0.20
0.00 6216.80
450.70 -16.56 -20.14 -38.70 323.37 260.90 30.69 0.20
0.00 6600.50
427.10 -19.36 -22.49 -41.36 324.57 258.69 33.68 0.20
0.00 7002.40
402.80 -22.36 -25.08 -45.12 325.88 263.55 32.85 0.20
0.00 7435.00
378.00 -26.06 -28.27 -48.82 326.76 268.71 34.38 0.20
0.00 7898.10
353.40 -30.06 -31.77 -51.89 327.59 273.09 39.69 0.20
0.00 8380.90
329.00 -34.56 -35.70 -50.78 328.25 279.42 45.09 0.10
0.00 8885.30
305.00 -39.06 -39.59 -46.17 329.45 282.55 52.74 0.10
0.00 9409.40
282.10 -42.36 -42.66 -46.87 332.14 279.90 58.76 0.00
0.00 9940.50
260.40 -46.06 -46.27 -50.12 334.18 283.95 62.84 0.00
0.00 10476.90
240.20 -50.26 -50.41 -54.26 335.45 286.85 69.02 -0.10
82.00 11008.70
221.40 -54.86 -54.96 -59.06 336.10 286.99 80.44 -0.10
100.00 11535.00
203.10 -58.86 -58.93 -62.87 338.09 286.87 76.32 -0.10
98.00 12081.20
184.20 -61.56 -61.62 -65.74 343.23 287.24 70.78 -0.10
76.00 12690.10
163.10 -62.26 -62.37 -74.27 354.10 288.09 61.31 -0.10
0.00 13442.30
139.40 -64.66 -64.75 -75.31 366.14 288.37 57.30 0.00
0.00 14406.10
114.70 -66.86 -9999.00 -9999.00 -9999.00 282.58 46.37 0.00
0.00 15590.00
89.70 -71.06 -9999.00 -9999.00 -9999.00 273.75 35.63 0.00
0.00 17059.40
64.70 -65.96 -9999.00 -9999.00 -9999.00 276.19 16.22 0.00
0.00 19016.50
39.60 -61.36 -9999.00 -9999.00 -9999.00 252.26 10.20 0.00
0.00 22026.90
14.50 -52.06 -9999.00 -9999.00 -9999.00 259.83 28.61 0.00
0.00 28392.00

STID = KSTJ STNM = 724490 TIME = 081019/1200 
SLAT = 39.79 SLON = -94.95 SELV = 284.0
STIM = 12

SHOW = 5.47 LIFT = 10.90 SWET = 212.43 KINX = 15.41
LCLP = 964.35 PWAT = 18.19 TOTL = 40.94 CAPE = 0.00
LCLT = 279.15 CINS = 0.00 EQLV = -9999.00 LFCT = -9999.00
BRCH = 0.00

PRES TMPC TMWC DWPC THTE DRCT SKNT OMEG
CFRL HGHT
984.30 7.64 6.98 6.30 299.12 157.67 11.75 0.00
0.00 303.30
979.70 7.74 6.98 6.21 299.61 160.02 15.91 0.00
0.00 341.90
975.10 7.74 6.95 6.14 300.02 165.03 20.30 0.00
0.00 380.70
970.40 11.04 8.36 5.88 303.81 170.89 25.78 0.00
0.00 420.80
965.60 11.04 8.32 5.81 304.24 175.89 29.80 0.00
0.00 462.20
960.70 13.34 9.36 5.86 307.34 180.99 33.61 0.00
0.00 504.90
955.80 13.34 9.36 5.88 307.91 185.00 35.68 0.00
0.00 547.90
950.70 14.14 9.70 5.87 309.34 189.66 37.04 0.00
0.00 593.00
945.50 14.34 9.64 5.58 309.80 193.96 36.23 0.00
0.00 639.30
940.10 14.64 9.54 5.09 310.17 197.34 35.20 0.00
0.00 687.70
934.40 15.04 9.51 4.65 310.75 200.59 34.25 0.00
0.00 739.20
928.60 15.44 9.58 4.44 311.61 203.86 33.14 0.00
0.00 791.90
922.50 15.74 9.74 4.55 312.77 207.33 32.58 0.00
0.00 847.80
916.00 15.74 9.80 4.74 313.75 210.61 32.05 0.00
0.00 907.80
909.30 15.44 9.72 4.90 314.40 213.01 31.74 0.00
0.00 970.10
901.90 15.04 9.55 4.93 314.88 215.25 31.64 0.00
0.00 1039.30
893.80 14.54 9.25 4.77 315.11 217.16 31.20 0.00
0.00 1115.60
884.30 13.94 8.83 4.46 315.23 217.97 30.30 0.00
0.00 1205.90
873.30 13.34 8.35 4.01 315.38 220.22 31.29 -0.10
0.00 1311.30
861.00 13.34 8.38 4.15 317.09 223.04 28.17 -0.10
0.00 1430.70
847.70 12.74 8.55 5.14 319.39 228.12 22.69 -0.10
0.00 1561.60
833.50 12.54 7.99 4.20 319.82 230.33 20.69 -0.10
0.00 1703.50
818.30 12.14 6.61 1.49 318.15 229.01 21.62 -0.10
0.00 1857.80
802.40 11.64 5.25 -1.32 316.79 227.46 22.42 -0.10
0.00 2022.00
785.90 10.64 4.07 -3.22 316.10 225.75 20.88 -0.10
0.00 2195.30
768.90 9.74 3.04 -4.86 315.96 230.42 18.90 -0.10
0.00 2377.10
751.20 8.74 1.96 -6.56 315.89 238.92 16.55 -0.10
0.00 2570.00
733.00 7.44 0.88 -7.82 315.98 248.60 15.44 0.00
0.00 2772.30
714.30 5.74 -0.29 -8.60 316.09 255.26 15.27 0.00
0.00 2984.30
695.00 4.04 -1.59 -9.80 316.08 255.41 14.65 0.10
0.00 3207.50
675.20 2.44 -3.06 -11.80 315.87 251.31 13.95 0.10
0.00 3441.70
654.60 1.34 -4.30 -14.03 316.41 251.05 13.75 0.10
0.00 3691.50
633.50 0.44 -5.31 -15.92 317.62 253.65 15.19 0.10
0.00 3954.60
611.70 -1.06 -6.61 -17.56 318.51 246.37 16.96 0.10
0.00 4234.60
589.40 -3.26 -8.41 -19.59 318.66 234.85 16.86 0.00
0.00 4529.40
566.70 -5.56 -10.17 -21.00 319.15 235.46 18.16 0.00
0.00 4838.60
543.80 -7.96 -11.88 -21.47 320.04 240.12 21.06 0.00
0.00 5160.50
520.70 -10.06 -13.77 -24.01 320.77 246.27 24.61 0.10
0.00 5496.40
497.40 -11.76 -15.91 -31.04 321.26 253.11 27.41 0.10
0.00 5847.90
474.10 -13.56 -17.75 -36.97 322.60 255.96 28.83 0.10
0.00 6213.90
450.70 -16.16 -19.94 -40.46 323.69 255.79 30.87 0.10
0.00 6596.60
427.10 -18.86 -22.17 -42.62 325.10 255.09 33.97 0.10
0.00 6999.10
402.80 -22.06 -24.89 -46.26 326.19 259.08 33.84 0.00
0.00 7432.50
378.00 -25.96 -28.21 -49.58 326.86 260.34 37.04 0.00
0.00 7895.90
353.40 -29.96 -31.71 -52.89 327.69 266.91 39.69 0.00
0.00 8378.90
329.00 -34.56 -35.75 -52.50 328.17 274.51 44.42 0.10
0.00 8883.40
305.00 -38.76 -39.41 -48.17 329.72 277.61 54.29 0.10
0.00 9407.80
282.10 -42.26 -42.57 -46.87 332.28 279.00 59.60 0.00
0.00 9939.30
260.40 -46.16 -46.39 -50.72 333.99 284.45 64.59 0.00
0.00 10475.80
240.20 -50.26 -50.41 -54.26 335.45 285.61 72.20 -0.10
6.00 11007.50
221.40 -54.96 -55.06 -59.06 335.95 285.04 80.87 -0.10
100.00 11533.70
203.10 -58.46 -58.54 -62.87 338.72 285.84 73.29 -0.10
91.00 12080.20
184.20 -61.06 -61.13 -65.74 344.05 285.31 67.68 -0.10
0.00 12690.40
163.00 -62.46 -62.57 -74.28 353.83 286.46 62.39 -0.10
0.00 13447.00
139.40 -65.76 -65.84 -75.31 364.21 288.19 56.64 -0.10
0.00 14404.00
114.70 -68.16 -9999.00 -9999.00 -9999.00 281.40 47.16 0.00
0.00 15581.10
89.70 -71.66 -9999.00 -9999.00 -9999.00 275.08 35.10 0.00
0.00 17043.60
64.70 -65.76 -9999.00 -9999.00 -9999.00 270.00 15.35 0.00
0.00 18998.80
39.60 -60.46 -9999.00 -9999.00 -9999.00 252.47 11.62 0.00
0.00 22017.10
14.50 -51.76 -9999.00 -9999.00 -9999.00 261.09 30.09 0.00
0.00 28399.90

STID = KSTJ STNM = 724490 TIME = 081019/1300 
SLAT = 39.79 SLON = -94.95 SELV = 284.0
STIM = 13

SHOW = 5.46 LIFT = 10.59 SWET = 202.31 KINX = 14.97
LCLP = 961.22 PWAT = 18.41 TOTL = 41.06 CAPE = 0.00
LCLT = 279.11 CINS = 0.00 EQLV = -9999.00 LFCT = -9999.00
BRCH = 0.00

PRES TMPC TMWC DWPC THTE DRCT SKNT OMEG
CFRL HGHT
984.10 7.84 7.08 6.30 299.36 161.27 12.10 0.00
0.00 303.30
979.50 7.84 7.04 6.23 299.76 163.37 15.62 0.00
0.00 341.90
974.90 7.84 7.00 6.16 300.17 168.14 19.85 0.00
0.00 380.80
970.20 10.24 8.15 6.21 303.34 173.09 25.84 0.00
0.00 420.90
965.40 10.24 8.13 6.19 303.84 177.01 29.76 0.00
0.00 462.20
960.50 12.94 9.49 6.51 307.70 182.93 34.23 0.00
0.00 504.70
955.60 13.04 9.52 6.50 308.35 186.44 36.36 0.00
0.00 547.70
950.50 14.34 9.98 6.31 310.12 192.15 38.75 0.00
0.00 592.90
945.30 14.64 9.89 5.84 310.46 196.03 38.00 0.00
0.00 639.20
939.90 15.04 9.79 5.25 310.82 199.19 37.24 0.00
0.00 687.70
934.30 15.54 9.86 4.95 311.65 202.15 36.07 0.00
0.00 738.30
928.40 15.94 10.02 4.98 312.81 205.29 35.02 0.00
0.00 792.10
922.30 16.04 10.14 5.20 313.89 208.30 34.42 0.00
0.00 848.10
915.90 15.94 10.16 5.38 314.75 211.13 33.82 0.00
0.00 907.20
909.10 15.64 9.99 5.32 315.16 213.60 33.35 0.00
0.00 970.50
901.80 15.24 9.66 5.00 315.20 215.58 32.71 -0.10
0.00 1038.80
893.60 14.84 9.24 4.46 315.10 217.21 32.44 -0.10
0.00 1116.20
884.20 14.54 8.79 3.77 315.09 218.82 31.92 -0.10
0.00 1205.60
873.20 14.24 8.50 3.47 315.76 221.96 31.08 -0.10
0.00 1311.30
860.90 14.14 8.54 3.74 317.50 224.45 28.85 -0.20
0.00 1431.10
847.50 13.44 8.52 4.44 319.30 225.64 24.73 -0.20
0.00 1563.30
833.30 12.54 8.23 4.71 320.51 228.72 21.19 -0.20
0.00 1705.40
818.10 11.94 7.34 3.42 320.21 230.19 21.23 -0.10
0.00 1859.70
802.30 11.54 5.83 0.34 318.34 230.74 23.33 -0.10
0.00 2022.90
785.80 10.84 4.17 -3.19 316.36 228.68 23.54 -0.10
0.00 2196.30
768.80 9.74 2.81 -5.60 315.40 229.01 21.62 -0.10
0.00 2378.20
751.10 8.84 1.75 -7.51 315.35 232.78 19.27 0.00
0.00 2571.10
732.90 7.64 0.68 -8.93 315.49 241.13 17.31 0.00
0.00 2773.50
714.20 6.04 -0.37 -9.45 315.89 251.34 15.79 0.10
0.00 2985.60
694.90 4.24 -1.52 -9.90 316.26 255.96 15.21 0.10
0.00 3209.20
675.10 2.74 -2.82 -11.48 316.42 252.03 15.11 0.20
0.00 3443.60
654.60 1.64 -4.02 -13.54 317.02 250.91 16.03 0.20
0.00 3692.50
633.40 0.54 -5.09 -15.12 318.14 252.14 18.38 0.10
0.00 3957.00
611.60 -1.06 -6.48 -16.90 318.82 245.34 20.94 0.00
0.00 4237.10
589.30 -3.26 -8.26 -18.77 319.00 239.38 22.13 0.00
0.00 4532.00
566.70 -5.86 -10.07 -19.39 319.41 239.85 23.58 0.00
0.00 4839.70
543.70 -8.16 -11.72 -19.95 320.40 239.49 25.25 0.00
0.00 5162.80
520.60 -10.26 -14.05 -25.00 320.24 242.70 27.10 0.00
0.00 5498.50
497.40 -11.76 -16.03 -32.38 321.01 247.62 28.57 0.00
0.00 5848.40
474.10 -13.46 -17.75 -38.20 322.57 252.17 29.18 0.00
0.00 6214.40
450.70 -16.06 -19.89 -40.85 323.78 255.02 31.57 0.00
0.00 6597.30
427.10 -18.86 -22.19 -43.08 325.06 254.72 34.63 -0.10
0.00 6999.90
402.80 -22.06 -24.89 -46.26 326.19 257.44 34.83 -0.10
0.00 7433.20
378.00 -25.96 -28.23 -50.41 326.82 257.34 37.24 -0.10
0.00 7896.70
353.40 -30.06 -31.79 -52.89 327.55 260.77 38.77 -0.10
0.00 8379.60
329.00 -34.46 -35.66 -52.50 328.31 270.75 44.48 -0.10
0.00 8884.10
305.00 -38.76 -39.31 -46.17 329.88 272.52 53.09 0.00
0.00 9408.60
282.10 -42.56 -42.82 -46.43 331.89 274.73 56.53 0.00
49.00 9939.80
260.40 -46.46 -46.67 -50.72 333.55 280.26 62.18 -0.10
98.00 10475.50
240.20 -50.66 -50.82 -55.13 334.81 281.37 73.91 -0.10
100.00 11006.40
221.40 -55.06 -55.16 -59.06 335.79 281.83 79.58 -0.10
93.00 11532.00
203.10 -58.36 -58.44 -62.87 338.88 282.98 71.76 -0.10
0.00 12078.60
184.20 -60.16 -60.27 -68.67 345.46 282.12 64.76 0.00
0.00 12690.10
163.10 -62.56 -62.67 -74.27 353.60 284.12 61.29 0.00
0.00 13444.30
139.40 -65.76 -65.84 -75.31 364.21 289.40 54.99 0.00
0.00 14404.90
114.70 -68.06 -9999.00 -9999.00 -9999.00 281.36 47.36 0.00
0.00 15582.20
89.70 -71.36 -9999.00 -9999.00 -9999.00 277.54 37.02 0.00
0.00 17046.30
64.70 -65.96 -9999.00 -9999.00 -9999.00 270.65 17.09 0.00
0.00 19001.80
39.60 -60.56 -9999.00 -9999.00 -9999.00 246.68 12.28 0.00
0.00 22018.00
14.50 -51.96 -9999.00 -9999.00 -9999.00 260.78 30.30 0.00
0.00 28396.40

STID = KSTJ STNM = 724490 TIME = 081019/1400 
SLAT = 39.79 SLON = -94.95 SELV = 284.0
STIM = 14

SHOW = 6.05 LIFT = 10.53 SWET = 187.24 KINX = 13.45
LCLP = 937.60 PWAT = 18.34 TOTL = 40.18 CAPE = 0.00
LCLT = 279.42 CINS = 0.00 EQLV = -9999.00 LFCT = -9999.00
BRCH = 0.00

PRES TMPC TMWC DWPC THTE DRCT SKNT OMEG
CFRL HGHT
983.90 10.14 8.49 6.97 302.65 167.38 13.34 0.00
0.00 303.40
979.30 9.74 8.21 6.79 302.50 169.09 16.41 0.00
0.00 342.40
974.60 9.34 7.96 6.67 302.42 170.93 18.49 0.00
0.00 382.40
970.00 9.34 7.89 6.54 302.77 172.81 21.74 0.00
0.00 421.60
965.20 9.24 7.80 6.46 303.08 177.91 26.63 0.00
0.00 462.80
960.30 12.34 9.28 6.62 307.20 183.72 32.91 0.00
0.00 505.30
955.30 12.24 9.18 6.52 307.53 187.31 36.62 0.00
0.00 549.10
950.30 13.84 9.69 6.15 309.40 191.80 39.88 0.00
0.00 593.20
945.10 14.14 9.60 5.69 309.76 195.87 41.20 0.00
0.00 639.50
939.70 14.94 9.70 5.15 310.61 199.91 40.50 0.00
0.00 687.90
934.10 15.44 9.86 5.07 311.71 202.60 38.93 0.00
0.00 738.50
928.20 15.74 10.04 5.22 312.89 204.98 37.72 -0.10
0.00 792.30
922.10 15.94 10.22 5.48 314.14 207.79 36.67 -0.10
0.00 848.30
915.70 15.84 10.19 5.54 314.86 210.32 35.78 -0.10
0.00 907.40
908.90 15.64 10.03 5.41 315.29 212.72 34.87 -0.10
0.00 970.70
901.60 15.44 9.76 5.02 315.47 214.97 33.90 -0.10
0.00 1039.10
893.40 15.24 9.41 4.46 315.57 217.14 33.14 -0.20
0.00 1116.50
884.00 15.04 9.00 3.77 315.67 218.88 32.19 -0.20
0.00 1206.10
873.00 14.84 8.57 3.00 315.92 220.75 31.55 -0.20
0.00 1312.00
860.70 14.44 8.32 2.91 316.90 224.46 29.39 -0.20
0.00 1432.00
847.30 14.04 8.17 3.07 318.33 224.40 26.11 -0.20
0.00 1564.40
833.10 12.94 7.90 3.63 319.61 225.35 22.40 -0.20
0.00 1706.70
818.00 11.84 7.36 3.54 320.26 228.09 20.36 -0.20
0.00 1860.20
802.10 11.34 6.20 1.48 319.39 231.50 21.83 -0.10
0.00 2024.30
785.60 10.64 4.28 -2.58 316.70 230.38 23.45 -0.10
0.00 2197.70
768.60 9.84 2.65 -6.34 315.00 227.43 22.69 -0.10
0.00 2379.60
751.00 8.94 1.61 -8.19 315.02 227.76 19.93 0.00
0.00 2571.50
732.80 7.84 0.70 -9.22 315.54 231.91 18.26 0.00
0.00 2774.00
714.10 6.34 -0.30 -9.80 316.03 239.15 16.30 0.10
0.00 2986.40
694.80 4.54 -1.47 -10.34 316.34 248.91 14.57 0.10
0.00 3210.10
675.00 3.14 -2.60 -11.48 316.89 249.95 15.31 0.10
0.00 3444.90
654.50 2.04 -3.66 -12.96 317.81 250.95 17.27 0.10
0.00 3694.20
633.30 0.74 -4.80 -14.31 318.79 249.00 20.59 0.10
0.00 3959.10
611.60 -0.96 -6.24 -16.01 319.35 244.06 23.97 0.00
0.00 4238.10
589.30 -3.46 -8.12 -17.49 319.31 242.66 25.80 0.00
0.00 4533.00
566.60 -5.96 -9.94 -18.46 319.70 239.53 26.83 0.00
0.00 4841.90
543.70 -8.36 -12.09 -21.21 319.67 238.29 28.09 0.00
0.00 5163.40
520.60 -10.36 -14.44 -27.39 319.48 239.88 29.41 0.00
0.00 5498.90
497.40 -11.66 -16.10 -34.13 320.85 245.33 28.87 0.00
0.00 5848.80
474.00 -13.26 -17.61 -38.21 322.84 252.65 29.31 0.00
0.00 6216.60
450.60 -15.96 -19.78 -40.09 324.00 257.78 31.20 0.00
0.00 6599.80
427.10 -18.86 -22.19 -43.08 325.06 257.05 34.67 0.00
0.00 7000.80
402.80 -22.16 -24.99 -46.88 326.03 257.30 34.44 0.00
0.00 7434.10
378.00 -25.86 -28.17 -51.32 326.91 254.69 36.05 -0.10
0.00 7897.50
353.40 -30.06 -31.75 -50.99 327.63 256.57 40.15 -0.10
0.00 8380.50
329.00 -34.26 -35.40 -49.33 328.74 266.45 47.11 -0.10
0.00 8885.20
305.00 -38.86 -39.20 -42.75 330.08 268.12 53.24 -0.10
2.00 9409.80
282.10 -42.56 -42.82 -46.43 331.89 269.61 56.53 -0.10
100.00 9941.00
260.40 -46.36 -46.55 -50.12 333.73 274.64 60.02 -0.10
100.00 10476.80
240.20 -50.76 -50.91 -55.13 334.66 277.28 72.07 -0.10
100.00 11007.70
221.40 -55.26 -55.35 -59.06 335.48 278.37 78.73 0.00
100.00 11532.90
203.10 -58.46 -58.54 -62.87 338.72 279.69 73.89 0.00
0.00 12079.10
184.20 -59.86 -59.98 -68.67 345.95 278.28 63.40 0.00
0.00 12691.00
163.00 -62.46 -62.57 -74.28 353.83 281.27 57.63 0.10
0.00 13449.70
139.40 -65.36 -65.44 -75.31 364.91 284.88 51.46 0.10
0.00 14407.60
114.70 -67.36 -9999.00 -9999.00 -9999.00 276.42 45.16 0.00
0.00 15588.10
89.70 -70.56 -9999.00 -9999.00 -9999.00 276.82 35.99 0.00
0.00 17057.60
64.70 -66.66 -9999.00 -9999.00 -9999.00 271.93 17.31 0.00
0.00 19013.60
39.60 -61.26 -9999.00 -9999.00 -9999.00 244.65 12.26 0.00
0.00 22019.70
14.50 -51.26 -9999.00 -9999.00 -9999.00 261.40 29.86 0.00
0.00 28398.10

STID = KSTJ STNM = 724490 TIME = 081019/1500 
SLAT = 39.79 SLON = -94.95 SELV = 284.0
STIM = 15

SHOW = 7.68 LIFT = 10.75 SWET = 174.92 KINX = 10.89
LCLP = 910.00 PWAT = 17.70 TOTL = 37.40 CAPE = 0.00
LCLT = 279.88 CINS = 0.00 EQLV = -9999.00 LFCT = -9999.00
BRCH = 0.00

PRES TMPC TMWC DWPC THTE DRCT SKNT OMEG
CFRL HGHT
983.80 13.04 10.23 7.88 306.95 175.60 15.19 0.00
0.00 303.60
979.20 12.44 9.84 7.64 306.49 176.96 18.28 0.00
0.00 343.00
974.60 11.94 9.54 7.48 306.25 177.80 20.22 0.00
0.00 382.50
969.90 11.54 9.29 7.34 306.15 178.45 21.56 0.00
0.00 423.00
965.10 11.14 9.03 7.18 306.05 179.51 22.92 0.00
0.00 464.50
960.20 11.14 8.83 6.80 306.12 181.75 25.47 0.00
0.00 507.00
955.30 11.04 8.69 6.61 306.32 185.60 29.86 0.00
0.00 549.70
950.20 12.14 8.98 6.21 307.62 189.04 34.62 0.00
0.00 594.50
945.00 13.14 9.18 5.71 308.70 193.06 38.69 0.00
0.00 640.60
939.60 13.54 9.23 5.47 309.46 197.10 42.27 0.00
0.00 688.80
934.00 14.94 9.67 5.12 311.23 203.00 43.26 0.00
0.00 739.30
928.10 15.44 9.89 5.17 312.52 205.97 41.71 0.00
0.00 793.00
922.00 15.74 10.08 5.34 313.76 208.41 40.42 -0.10
0.00 848.90
915.60 15.74 10.08 5.38 314.57 210.77 39.10 -0.10
0.00 908.00
908.80 15.64 9.97 5.27 315.13 212.63 37.82 -0.20
0.00 971.30
901.50 15.44 9.75 5.01 315.47 214.97 36.27 -0.20
0.00 1039.70
893.30 15.34 9.56 4.72 316.00 216.87 34.97 -0.20
0.00 1117.20
883.90 15.04 9.15 4.11 316.09 218.40 33.47 -0.20
0.00 1206.80
872.90 14.94 8.61 3.00 316.04 220.20 32.81 -0.30
0.00 1312.70
860.60 14.54 7.82 1.54 315.52 221.72 31.24 -0.30
0.00 1432.70
847.30 14.14 7.38 0.98 316.14 222.80 28.59 -0.30
0.00 1564.20
833.10 13.44 7.17 1.34 317.53 221.52 24.90 -0.20
0.00 1706.60
817.90 12.04 6.78 2.01 318.67 221.28 21.19 -0.20
0.00 1861.10
802.00 11.24 5.86 0.76 318.49 225.00 21.43 -0.20
0.00 2025.30
785.60 10.44 3.78 -3.79 315.43 227.05 23.10 -0.20
0.00 2197.50
768.60 9.64 2.25 -7.43 314.01 222.95 23.10 -0.20
0.00 2379.20
750.90 8.94 1.49 -8.67 314.72 220.08 20.82 -0.10
0.00 2572.20
732.70 7.94 0.80 -9.03 315.79 222.97 19.39 -0.10
0.00 2774.70
714.00 6.54 -0.14 -9.55 316.43 227.64 17.87 -0.10
0.00 2987.20
694.80 4.84 -1.33 -10.40 316.65 236.50 15.83 -0.10
0.00 3210.10
674.90 3.44 -2.42 -11.38 317.31 242.18 15.81 -0.10
0.00 3446.30
654.40 2.14 -3.51 -12.57 318.16 243.43 18.69 -0.10
0.00 3695.80
633.30 0.84 -4.70 -14.13 319.01 240.99 22.44 -0.20
0.00 3959.60
611.50 -1.16 -6.40 -16.21 319.04 237.69 26.88 -0.20
0.00 4239.80
589.20 -3.56 -8.27 -17.93 319.02 235.04 29.16 -0.20
0.00 4534.60
566.60 -6.06 -10.35 -20.21 318.86 235.47 29.47 -0.20
0.00 4842.10
543.70 -8.36 -12.65 -24.75 318.51 236.21 30.38 -0.10
0.00 5163.50
520.60 -10.16 -14.62 -30.38 319.07 238.85 30.42 -0.10
0.00 5499.00
497.30 -11.16 -15.82 -35.12 321.34 246.46 29.66 -0.10
0.00 5850.90
474.00 -13.06 -17.44 -37.57 323.16 254.55 30.63 -0.10
0.00 6217.70
450.60 -15.96 -19.76 -39.72 324.03 258.29 32.54 -0.10
0.00 6601.00
427.10 -18.86 -22.21 -43.56 325.02 255.81 35.66 -0.10
0.00 7002.00
402.80 -22.26 -25.08 -47.54 325.86 255.21 35.76 -0.20
0.00 7435.20
378.00 -25.76 -28.07 -50.41 327.08 252.21 38.15 -0.20
0.00 7898.60
353.40 -30.16 -31.79 -49.41 327.58 256.44 45.55 -0.20
0.00 8381.60
329.00 -34.56 -35.59 -47.49 328.45 262.45 48.80 -0.20
0.00 8885.90
305.00 -38.66 -39.11 -44.13 330.21 264.02 54.10 -0.20
0.00 9410.40
282.10 -42.56 -42.82 -46.43 331.89 266.50 57.23 -0.10
14.00 9941.80
260.40 -46.36 -46.55 -50.12 333.73 272.01 60.84 -0.20
66.00 10477.70
240.20 -50.86 -51.01 -55.13 334.50 274.76 70.16 -0.10
100.00 11008.40
221.40 -55.06 -55.16 -59.06 335.79 275.70 76.32 -0.10
97.00 11533.70
203.10 -58.36 -58.47 -65.02 338.84 276.34 73.87 -0.10
0.00 12080.30
184.20 -59.76 -59.88 -68.67 346.11 276.15 63.50 0.00
0.00 12692.40
163.00 -62.26 -62.37 -74.28 354.17 276.60 55.73 0.00
0.00 13451.70
139.40 -64.86 -64.95 -75.31 365.79 277.57 50.16 0.00
0.00 14411.20
114.70 -66.96 -9999.00 -9999.00 -9999.00 269.75 44.29 0.00
0.00 15594.30
89.70 -69.96 -9999.00 -9999.00 -9999.00 275.17 34.52 0.00
0.00 17067.30
64.70 -67.16 -9999.00 -9999.00 -9999.00 278.50 17.09 0.00
0.00 19023.90
39.60 -61.76 -9999.00 -9999.00 -9999.00 261.19 13.95 0.00
0.00 22022.80
14.50 -51.16 -9999.00 -9999.00 -9999.00 254.25 31.49 0.00
0.00 28395.30

STID = KSTJ STNM = 724490 TIME = 081019/1600 
SLAT = 39.79 SLON = -94.95 SELV = 284.0
STIM = 16

SHOW = 8.60 LIFT = 10.62 SWET = 177.76 KINX = 9.53
LCLP = 886.25 PWAT = 16.66 TOTL = 35.77 CAPE = 0.00
LCLT = 280.15 CINS = 0.00 EQLV = -9999.00 LFCT = -9999.00
BRCH = 0.00

PRES TMPC TMWC DWPC THTE DRCT SKNT OMEG
CFRL HGHT
983.30 15.44 11.56 8.53 310.48 179.35 17.09 0.00
0.00 303.80
978.70 14.74 11.13 8.25 309.86 180.55 20.20 0.00
0.00 343.60
974.10 14.24 10.82 8.07 309.58 181.02 21.76 0.00
0.00 383.40
969.40 13.74 10.54 7.94 309.39 181.94 22.94 0.00
0.00 424.20
964.60 13.34 10.31 7.83 309.35 182.33 23.91 0.00
0.00 466.00
959.80 12.84 10.02 7.69 309.16 183.13 24.90 0.00
0.00 508.00
954.80 12.44 9.77 7.55 309.11 184.30 25.91 0.00
0.00 551.90
949.70 12.04 9.52 7.41 309.06 185.67 27.53 0.00
0.00 596.80
944.50 12.64 9.30 6.45 309.10 189.76 30.94 0.00
0.00 642.90
939.10 12.44 9.09 6.20 309.19 193.73 35.20 0.00
0.00 691.00
933.50 14.54 9.58 5.30 311.06 199.39 40.37 0.00
0.00 741.40
927.70 14.34 9.42 5.16 311.34 202.14 42.77 0.00
0.00 794.00
921.60 15.44 9.77 4.92 312.98 208.71 44.08 0.00
0.00 849.90
915.20 15.74 9.85 4.85 313.98 211.64 42.21 -0.10
0.00 909.00
908.40 15.64 9.72 4.69 314.48 213.54 40.79 -0.10
0.00 972.30
901.10 15.44 9.51 4.46 314.86 215.04 38.91 -0.10
0.00 1040.70
892.90 15.24 9.33 4.28 315.41 216.51 37.22 -0.20
0.00 1118.10
883.50 14.84 9.07 4.13 315.94 218.12 35.55 -0.20
0.00 1207.70
872.50 14.54 8.69 3.61 316.34 219.11 34.79 -0.20
0.00 1313.70
860.20 14.24 7.89 2.06 315.79 220.60 34.03 -0.20
0.00 1433.60
846.90 13.94 6.86 -0.21 314.79 220.60 32.25 -0.20
0.00 1565.00
832.70 13.44 5.86 -2.30 314.09 220.76 29.76 -0.20
0.00 1707.30
817.60 12.34 5.23 -2.48 314.58 218.25 25.72 -0.20
0.00 1860.90
801.70 11.24 4.33 -3.49 314.51 218.80 24.18 -0.20
0.00 2025.10
785.30 10.14 2.80 -6.58 313.02 219.92 24.83 -0.30
0.00 2197.10
768.20 9.24 1.76 -8.52 312.91 216.42 24.86 -0.20
0.00 2379.70
750.60 8.54 1.23 -8.87 314.19 211.05 23.35 -0.20
0.00 2571.40
732.50 7.74 0.74 -8.89 315.68 211.31 22.05 -0.20
0.00 2772.70
713.80 6.54 -0.10 -9.41 316.54 215.91 20.86 -0.20
0.00 2985.20
694.50 4.94 -1.28 -10.40 316.81 222.47 18.71 -0.20
0.00 3209.30
674.70 3.44 -2.45 -11.49 317.28 228.93 18.03 -0.20
0.00 3444.40
654.20 2.14 -3.64 -13.08 317.90 232.50 21.06 -0.30
0.00 3694.00
633.10 0.74 -4.92 -14.87 318.54 234.52 24.09 -0.30
0.00 3957.80
611.40 -1.26 -6.55 -16.63 318.74 230.44 28.98 -0.30
0.00 4236.70
589.10 -3.76 -8.65 -19.26 318.24 230.71 30.36 -0.30
0.00 4531.40
566.50 -6.06 -11.04 -24.65 317.43 233.79 30.57 -0.20
0.00 4838.70
543.60 -8.16 -13.10 -29.74 317.59 236.60 31.41 -0.20
0.00 5160.20
520.50 -9.66 -14.51 -32.98 319.24 239.16 31.45 -0.10
0.00 5496.20
497.30 -10.86 -15.64 -35.38 321.68 246.33 30.96 -0.10
0.00 5847.20
474.00 -13.06 -17.47 -38.21 323.09 254.15 32.71 -0.10
0.00 6214.10
450.60 -16.16 -19.98 -41.26 323.63 257.67 36.38 -0.10
0.00 6597.30
427.10 -19.16 -22.44 -43.56 324.64 254.25 39.36 -0.10
0.00 6997.90
402.80 -22.56 -25.30 -46.88 325.51 251.74 39.69 -0.20
0.00 7430.60
378.00 -25.96 -28.17 -48.11 326.93 250.67 43.43 -0.20
0.00 7893.60
353.40 -30.46 -32.02 -48.70 327.21 254.77 47.32 -0.20
0.00 8376.10
329.00 -34.76 -35.81 -48.68 328.09 259.37 48.43 -0.10
0.00 8879.80
305.00 -38.66 -39.09 -43.77 330.25 261.19 53.26 -0.10
0.00 9404.10
282.10 -42.46 -42.73 -46.43 332.03 264.49 56.59 -0.10
34.00 9935.60
260.40 -46.46 -46.67 -50.72 333.55 268.39 62.18 -0.10
93.00 10471.50
240.20 -50.86 -51.01 -55.13 334.50 270.48 69.15 -0.10
99.00 11002.10
221.40 -54.86 -54.96 -59.06 336.10 271.94 74.63 -0.10
99.00 11527.70
203.10 -58.26 -58.37 -65.02 338.99 273.49 73.37 -0.10
0.00 12074.60
184.20 -59.46 -59.58 -68.67 346.60 276.76 64.36 0.00
0.00 12687.30
163.00 -61.86 -61.98 -74.28 354.84 275.23 55.40 0.00
0.00 13447.80
139.40 -64.66 -64.75 -75.31 366.14 274.03 52.58 0.00
0.00 14408.80
114.70 -66.96 -9999.00 -9999.00 -9999.00 268.54 45.86 0.00
0.00 15592.40
89.70 -69.56 -9999.00 -9999.00 -9999.00 272.36 33.04 0.00
0.00 17066.90
64.70 -66.36 -9999.00 -9999.00 -9999.00 278.75 15.33 0.00
0.00 19029.10
39.60 -60.96 -9999.00 -9999.00 -9999.00 268.26 12.82 0.00
0.00 22039.60
14.50 -51.06 -9999.00 -9999.00 -9999.00 254.05 32.52 0.00
0.00 28425.30

STID = KSTJ STNM = 724490 TIME = 081019/1700 
SLAT = 39.79 SLON = -94.95 SELV = 284.0
STIM = 17

SHOW = 8.62 LIFT = 9.99 SWET = 190.13 KINX = 9.95
LCLP = 871.69 PWAT = 16.18 TOTL = 35.76 CAPE = 0.00
LCLT = 280.68 CINS = 0.00 EQLV = -9999.00 LFCT = -9999.00
BRCH = 0.00

PRES TMPC TMWC DWPC THTE DRCT SKNT OMEG
CFRL HGHT
983.10 17.34 12.72 9.31 313.67 183.90 17.13 0.00
0.00 304.00
978.50 16.64 12.28 9.01 313.00 184.99 20.09 0.00
0.00 344.00
973.90 16.14 11.99 8.84 312.74 185.19 21.46 0.00
0.00 384.10
969.20 15.64 11.71 8.70 312.53 185.51 22.24 0.00
0.00 425.20
964.50 15.24 11.48 8.59 312.48 185.81 23.04 0.00
0.00 466.40
959.60 14.74 11.21 8.48 312.34 186.60 23.66 0.00
0.00 509.60
954.60 14.24 10.94 8.36 312.20 186.90 24.26 0.00
0.00 553.80
949.60 13.84 10.69 8.22 312.15 187.62 24.88 0.00
0.00 598.10
944.40 13.34 10.41 8.10 312.04 188.75 25.54 0.00
0.00 644.40
939.00 12.94 10.14 7.91 311.97 189.67 26.59 0.00
0.00 692.70
933.40 13.44 9.72 6.63 311.49 194.31 29.88 0.00
0.00 743.00
927.50 13.24 9.46 6.30 311.54 200.37 34.60 0.00
0.00 796.40
921.40 15.24 9.61 4.75 312.58 205.54 38.75 0.00
0.00 852.10
915.00 15.34 9.50 4.43 313.07 211.10 41.74 0.00
0.00 911.20
908.30 15.84 9.47 3.90 313.80 216.22 41.41 0.00
0.00 973.50
900.90 15.74 9.27 3.58 314.20 217.48 39.90 -0.10
0.00 1042.90
892.80 15.44 9.00 3.29 314.51 218.03 38.46 -0.10
0.00 1119.50
883.30 15.04 8.85 3.40 315.33 218.75 36.62 -0.10
0.00 1210.10
872.40 14.54 8.58 3.35 316.06 220.13 35.57 -0.20
0.00 1315.10
860.10 13.94 7.94 2.51 315.96 220.50 35.00 -0.20
0.00 1435.00
846.70 13.54 6.84 0.24 314.81 220.88 34.42 -0.20
0.00 1567.20
832.60 13.04 5.69 -2.27 313.68 220.75 33.33 -0.20
0.00 1708.40
817.40 12.24 4.54 -4.55 312.83 220.95 31.12 -0.20
0.00 1862.90
801.60 11.24 3.48 -6.35 312.37 220.39 29.08 -0.30
0.00 2025.90
785.20 10.04 2.53 -7.39 312.38 217.91 27.82 -0.30
0.00 2198.00
768.10 8.84 1.77 -7.72 312.99 213.23 26.94 -0.30
0.00 2380.40
750.50 7.94 1.18 -7.92 314.14 207.14 25.97 -0.30
0.00 2571.80
732.40 7.34 0.70 -8.28 315.64 205.78 25.45 -0.30
0.00 2772.70
713.70 6.34 -0.12 -9.08 316.54 209.36 24.96 -0.40
0.00 2985.10
694.40 4.84 -1.28 -10.20 316.83 213.42 23.27 -0.40
0.00 3209.10
674.60 3.34 -2.55 -11.70 317.06 218.90 21.97 -0.40
0.00 3444.20
654.10 1.84 -4.02 -14.04 317.06 227.00 23.64 -0.50
0.00 3693.60
633.00 0.54 -5.30 -16.14 317.71 227.67 26.53 -0.50
0.00 3957.20
611.30 -1.56 -7.13 -18.74 317.50 227.90 29.84 -0.40
0.00 4235.90
589.00 -3.86 -9.53 -24.71 316.37 229.56 29.35 -0.30
0.00 4530.30
566.40 -5.76 -11.60 -32.33 316.20 236.74 29.04 -0.30
0.00 4837.70
543.50 -7.46 -13.08 -35.91 317.50 241.58 32.25 -0.30
0.00 5159.80
520.40 -9.16 -14.39 -36.34 319.41 241.97 33.90 -0.20
0.00 5496.50
497.30 -10.86 -15.81 -38.41 321.31 245.91 34.27 -0.20
0.00 5846.30
474.00 -13.16 -17.72 -42.10 322.60 250.77 35.39 -0.20
0.00 6213.20
450.60 -16.46 -20.31 -44.09 323.03 256.71 39.72 -0.10
0.00 6596.10
427.10 -19.36 -22.64 -45.14 324.27 252.66 41.72 -0.10
0.00 6996.30
402.80 -22.96 -25.59 -46.26 325.02 248.29 44.11 -0.10
0.00 7428.40
378.00 -26.46 -28.52 -46.25 326.39 251.93 48.21 0.00
0.00 7890.60
353.40 -30.86 -32.32 -47.43 326.75 254.50 47.98 0.00
0.00 8372.20
329.00 -34.66 -35.70 -48.07 328.27 255.91 50.27 -0.10
0.00 8875.70
305.00 -38.46 -39.04 -46.17 330.30 256.70 54.90 -0.10
0.00 9400.30
282.10 -42.46 -42.73 -46.43 332.03 260.78 59.42 -0.10
28.00 9932.00
260.40 -46.56 -46.76 -50.72 333.40 263.85 63.50 -0.20
100.00 10467.70
240.20 -50.56 -50.72 -55.13 334.96 265.04 69.60 -0.20
100.00 10998.60
221.40 -54.96 -55.06 -59.06 335.95 266.44 75.12 -0.20
99.00 11524.40
203.10 -58.26 -58.37 -65.02 338.99 269.70 73.04 -0.20
0.00 12071.20
184.20 -59.26 -59.39 -68.67 346.92 273.48 64.02 -0.10
0.00 12684.20
163.00 -61.76 -61.88 -74.28 355.01 272.19 55.79 0.00
0.00 13445.30
139.40 -64.26 -64.36 -75.31 366.84 272.45 54.45 0.00
0.00 14407.30
114.70 -67.06 -9999.00 -9999.00 -9999.00 269.53 47.20 0.00
0.00 15591.80
89.70 -69.46 -9999.00 -9999.00 -9999.00 272.93 34.23 0.00
0.00 17066.30
64.70 -66.06 -9999.00 -9999.00 -9999.00 270.73 15.15 0.00
0.00 19030.50
39.60 -60.76 -9999.00 -9999.00 -9999.00 259.08 11.29 0.00
0.00 22044.50
14.50 -50.86 -9999.00 -9999.00 -9999.00 253.92 32.94 0.00
0.00 28436.10

STID = KSTJ STNM = 724490 TIME = 081019/1800 
SLAT = 39.79 SLON = -94.95 SELV = 284.0
STIM = 18

SHOW = 8.58 LIFT = 9.07 SWET = 202.76 KINX = 10.44
LCLP = 862.03 PWAT = 16.45 TOTL = 35.82 CAPE = 0.00
LCLT = 281.18 CINS = 0.00 EQLV = -9999.00 LFCT = -9999.00
BRCH = 0.00

PRES TMPC TMWC DWPC THTE DRCT SKNT OMEG
CFRL HGHT
982.50 18.74 13.60 9.98 316.27 186.48 17.21 0.00
0.00 304.10
977.90 18.04 13.17 9.68 315.58 187.26 19.97 0.00
0.00 344.30
973.30 17.54 12.88 9.52 315.33 187.84 21.37 0.00
0.00 384.70
968.60 17.14 12.65 9.39 315.24 188.13 21.97 0.00
0.00 426.00
963.90 16.64 12.39 9.28 315.08 188.41 22.57 0.00
0.00 467.50
959.00 16.14 12.12 9.16 314.93 188.67 23.19 0.00
0.00 510.90
954.00 15.74 11.90 9.05 314.91 189.07 23.41 0.00
0.00 555.30
949.00 15.24 11.63 8.93 314.78 189.39 23.82 0.00
0.00 599.90
943.80 14.84 11.40 8.83 314.81 189.69 24.24 0.00
0.00 646.50
938.40 14.34 11.12 8.69 314.70 190.43 24.69 0.00
0.00 695.00
932.80 13.84 10.84 8.56 314.62 192.25 25.64 0.00
0.00 745.60
927.00 13.44 10.51 8.25 314.43 194.83 27.33 0.00
0.00 798.20
920.90 14.54 9.71 5.67 312.97 200.73 30.73 0.00
0.00 853.90
914.50 14.34 9.41 5.22 312.95 208.24 35.72 0.10
0.00 912.80
907.70 15.64 9.40 3.94 313.69 213.85 39.06 0.10
0.00 976.00
900.40 15.64 9.28 3.70 314.28 219.49 40.02 0.00
0.00 1044.50
892.30 15.54 9.22 3.72 315.17 221.19 39.24 0.00
0.00 1121.10
882.80 15.04 8.92 3.57 315.59 220.83 37.74 0.00
0.00 1211.80
871.90 14.44 8.58 3.47 316.14 221.30 36.21 0.00
0.00 1316.90
859.60 13.74 7.99 2.86 316.19 221.66 35.35 0.00
0.00 1436.70
846.30 13.24 6.86 0.65 314.93 220.95 34.98 0.00
0.00 1568.00
832.10 12.74 5.57 -2.21 313.46 220.22 34.60 0.00
0.00 1710.10
817.00 11.84 4.36 -4.52 312.46 219.55 33.26 0.00
0.00 1863.40
801.20 10.84 3.42 -5.84 312.33 218.06 31.82 -0.10
0.00 2026.40
784.70 9.84 2.71 -6.37 312.91 215.20 30.67 -0.10
0.00 2199.40
767.80 8.84 2.06 -6.65 313.76 211.73 29.91 -0.20
0.00 2379.70
750.20 7.74 1.35 -6.95 314.62 207.94 29.02 -0.20
0.00 2571.10
732.00 6.84 0.65 -7.53 315.64 206.57 28.67 -0.30
0.00 2773.10
713.30 5.94 -0.26 -8.85 316.29 209.46 29.23 -0.30
0.00 2985.20
694.10 4.54 -1.46 -10.26 316.49 211.84 28.36 -0.30
0.00 3207.90
674.30 3.04 -2.76 -11.87 316.66 215.35 27.87 -0.30
0.00 3442.90
653.90 1.54 -4.37 -14.87 316.33 221.87 27.64 -0.40
0.00 3690.90
632.80 0.14 -5.78 -17.39 316.73 225.53 29.66 -0.40
0.00 3954.20
611.10 -1.96 -7.93 -22.31 315.83 226.25 31.47 -0.30
0.00 4232.50
588.80 -3.96 -10.05 -29.07 315.31 229.28 29.47 -0.30
0.00 4526.60
566.30 -5.56 -11.63 -34.91 316.11 237.06 28.92 -0.30
0.00 4832.80
543.40 -7.06 -12.92 -37.90 317.78 242.98 32.93 -0.30
0.00 5155.30
520.30 -8.66 -14.24 -40.31 319.63 243.43 36.48 -0.20
0.00 5492.70
497.20 -10.86 -15.96 -42.14 321.00 247.49 38.05 -0.10
0.00 5842.80
473.90 -13.36 -17.89 -43.09 322.29 250.96 40.48 -0.10
0.00 6209.60
450.60 -16.96 -20.68 -44.09 322.40 256.16 41.41 0.00
0.00 6590.40
427.10 -19.86 -23.00 -44.58 323.67 248.59 42.56 0.00
0.00 6989.80
402.80 -23.26 -25.81 -45.67 324.67 247.89 46.97 0.00
0.00 7421.20
378.00 -26.56 -28.60 -46.25 326.26 250.56 49.03 0.00
0.00 7883.00
353.40 -30.96 -32.40 -47.43 326.62 250.72 50.00 0.00
0.00 8364.50
329.00 -34.56 -35.61 -48.07 328.41 253.12 54.20 0.00
0.00 8867.90
305.00 -38.66 -39.18 -45.30 330.09 254.81 58.57 -0.10
0.00 9392.40
282.10 -42.76 -43.00 -46.43 331.60 257.51 61.07 -0.10
100.00 9923.60
260.40 -46.76 -46.95 -50.72 333.11 258.76 66.74 -0.10
100.00 10458.70
240.20 -50.76 -50.91 -55.13 334.66 260.05 70.80 -0.10
100.00 10989.10
221.40 -55.06 -55.16 -59.06 335.79 261.59 74.42 -0.10
99.00 11514.60
203.10 -58.26 -58.37 -65.02 338.99 266.33 72.80 -0.10
0.00 12061.30
184.20 -59.66 -59.78 -68.67 346.27 269.49 65.27 -0.10
0.00 12673.70
163.00 -61.56 -61.69 -74.28 355.34 269.02 56.72 -0.10
0.00 13434.40
139.40 -64.06 -64.16 -75.31 367.19 270.62 54.20 0.00
0.00 14397.40
114.70 -67.66 -9999.00 -9999.00 -9999.00 270.00 47.40 0.00
0.00 15580.70
89.70 -69.16 -9999.00 -9999.00 -9999.00 276.78 36.19 0.00
0.00 17054.10
64.70 -65.96 -9999.00 -9999.00 -9999.00 276.14 18.16 0.00
0.00 19020.20
39.60 -60.76 -9999.00 -9999.00 -9999.00 259.18 13.44 0.00
0.00 22035.00
14.50 -50.46 -9999.00 -9999.00 -9999.00 253.87 33.57 0.00
0.00 28432.50

STID = KSTJ STNM = 724490 TIME = 081019/1900 
SLAT = 39.79 SLON = -94.95 SELV = 284.0
STIM = 19

SHOW = 8.70 LIFT = 7.82 SWET = 205.54 KINX = 9.32
LCLP = 852.71 PWAT = 16.09 TOTL = 35.72 CAPE = 0.00
LCLT = 281.54 CINS = 0.00 EQLV = -9999.00 LFCT = -9999.00
BRCH = 0.00

PRES TMPC TMWC DWPC THTE DRCT SKNT OMEG
CFRL HGHT
981.60 19.94 14.31 10.49 318.48 185.19 17.17 0.00
0.00 303.30
977.00 19.24 13.87 10.16 317.74 186.16 19.93 0.00
0.00 343.70
972.40 18.74 13.59 10.00 317.48 186.34 21.11 0.00
0.00 384.30
967.70 18.24 13.31 9.85 317.26 186.62 21.91 0.00
0.00 425.90
963.00 17.84 13.09 9.74 317.20 186.94 22.49 0.00
0.00 467.60
958.10 17.34 12.82 9.61 317.04 187.31 22.92 0.00
0.00 511.20
953.10 16.94 12.59 9.49 317.01 187.72 23.14 0.00
0.00 555.80
948.10 16.44 12.33 9.38 316.89 188.06 23.54 0.00
0.00 600.70
942.90 15.94 12.06 9.26 316.78 188.46 23.76 0.10
0.00 647.50
937.50 15.44 11.79 9.12 316.67 188.78 24.18 0.10
0.00 696.30
931.90 14.94 11.50 8.97 316.57 189.54 24.63 0.00
0.00 747.10
926.10 14.44 11.17 8.74 316.37 190.27 25.08 0.10
0.00 799.90
920.00 14.04 10.69 8.14 315.80 193.22 26.34 0.10
0.00 855.80
913.60 13.64 10.24 7.59 315.36 199.76 29.31 0.10
0.00 914.70
906.90 15.44 9.52 4.45 314.15 207.76 33.37 0.10
0.00 976.90
899.60 15.14 9.23 4.11 314.30 214.20 36.64 0.10
0.00 1045.40
891.50 15.54 9.38 4.11 315.71 220.76 38.99 0.10
0.00 1122.00
882.10 15.14 9.14 4.01 316.30 221.05 37.86 0.10
0.00 1211.80
871.10 14.54 8.62 3.46 316.34 220.47 36.52 0.10
0.00 1318.00
858.90 13.84 7.74 2.14 315.59 220.84 35.94 0.00
0.00 1437.00
845.60 13.14 6.52 -0.14 314.13 219.73 35.86 0.00
0.00 1568.30
831.40 12.54 5.33 -2.64 312.97 219.05 35.76 0.00
0.00 1710.50
816.30 11.74 4.27 -4.65 312.34 219.40 35.20 0.00
0.00 1863.90
800.50 10.74 3.27 -6.20 312.05 218.81 34.40 -0.10
0.00 2026.90
784.10 9.84 2.55 -6.95 312.59 215.93 33.10 -0.10
0.00 2198.90
767.20 8.74 1.80 -7.41 313.20 213.02 32.44 -0.20
0.00 2379.40
749.60 7.54 1.03 -7.71 313.95 209.88 31.59 -0.30
0.00 2570.80
731.50 6.64 0.34 -8.25 314.99 209.09 31.57 -0.30
0.00 2771.70
712.90 5.54 -0.69 -9.67 315.37 210.43 32.21 -0.40
0.00 2982.50
693.70 4.24 -1.92 -11.46 315.49 212.15 32.13 -0.40
0.00 3205.10
673.90 2.84 -3.38 -14.11 315.29 214.74 32.38 -0.40
0.00 3439.90
653.50 1.54 -4.89 -17.55 315.21 219.54 31.74 -0.40
0.00 3687.90
632.40 -0.06 -6.75 -22.94 314.64 223.57 32.98 -0.40
0.00 3951.20
610.80 -1.96 -8.63 -28.68 314.34 225.71 33.37 -0.40
0.00 4228.20
588.50 -3.66 -10.13 -32.65 315.12 229.40 32.25 -0.40
0.00 4522.60
566.00 -5.16 -11.36 -34.63 316.66 237.85 32.13 -0.40
0.00 4829.30
543.20 -6.86 -12.74 -36.87 318.16 242.18 35.80 -0.40
0.00 5150.90
520.10 -8.26 -13.93 -39.08 320.26 245.21 39.37 -0.30
0.00 5488.80
497.00 -11.26 -16.20 -41.19 320.62 249.13 42.00 -0.20
0.00 5839.10
473.80 -13.86 -18.25 -43.09 321.69 249.75 42.66 -0.20
0.00 6203.80
450.50 -17.06 -20.77 -44.65 322.26 250.59 43.26 -0.20
0.00 6584.20
427.00 -20.06 -23.18 -45.14 323.39 246.04 44.00 -0.10
0.00 6983.50
402.80 -23.16 -25.73 -45.67 324.80 251.72 44.60 -0.10
0.00 7413.10
378.00 -26.66 -28.70 -46.83 326.08 249.44 48.14 -0.10
0.00 7874.90
353.40 -30.66 -32.13 -46.85 327.06 251.03 52.58 -0.20
0.00 8356.50
329.00 -34.56 -35.50 -45.48 328.60 255.44 57.21 -0.20
0.00 8860.30
305.00 -38.96 -39.43 -44.90 329.71 254.29 59.54 -0.20
0.00 9384.50
282.10 -43.16 -43.40 -46.87 330.98 253.73 61.71 -0.20
100.00 9914.80
260.40 -46.86 -47.05 -50.72 332.96 253.85 67.75 -0.20
100.00 10449.40
240.20 -51.36 -51.49 -55.13 333.75 256.38 70.96 -0.10
99.00 10979.00
221.40 -54.86 -54.99 -60.49 336.06 259.21 71.58 -0.10
0.00 11503.90
203.10 -57.66 -57.78 -65.02 339.94 263.80 70.14 0.00
0.00 12051.60
184.20 -59.26 -59.39 -68.67 346.92 268.49 66.26 0.00
0.00 12665.50
163.00 -60.76 -60.90 -74.28 356.69 268.15 60.26 0.00
0.00 13428.30
139.40 -63.66 -63.77 -75.31 367.89 270.60 55.75 0.00
0.00 14394.00
114.70 -68.76 -9999.00 -9999.00 -9999.00 270.23 47.98 0.00
0.00 15575.40
89.70 -68.86 -9999.00 -9999.00 -9999.00 273.65 36.60 0.00
0.00 17045.90
64.70 -65.76 -9999.00 -9999.00 -9999.00 281.06 17.21 0.00
0.00 19014.40
39.60 -60.36 -9999.00 -9999.00 -9999.00 246.80 13.31 0.00
0.00 22033.50
14.50 -49.76 -9999.00 -9999.00 -9999.00 254.60 33.64 0.00
0.00 28447.10

STID = KSTJ STNM = 724490 TIME = 081019/2000 
SLAT = 39.79 SLON = -94.95 SELV = 284.0
STIM = 20

SHOW = 8.84 LIFT = 6.84 SWET = 202.82 KINX = 4.48
LCLP = 847.24 PWAT = 15.09 TOTL = 35.54 CAPE = 0.00
LCLT = 281.66 CINS = 0.00 EQLV = -9999.00 LFCT = -9999.00
BRCH = 0.00

PRES TMPC TMWC DWPC THTE DRCT SKNT OMEG
CFRL HGHT
980.80 20.54 14.64 10.70 319.57 181.95 17.11 0.00
0.00 304.20
976.30 19.94 14.24 10.37 318.92 182.81 19.83 0.00
0.00 343.90
971.70 19.44 13.96 10.21 318.66 183.15 21.21 0.00
0.00 384.60
967.00 18.94 13.68 10.06 318.44 183.58 21.79 0.00
0.00 426.30
962.30 18.54 13.47 9.96 318.40 183.48 22.38 0.00
0.00 468.10
957.40 18.04 13.21 9.84 318.25 183.91 22.79 0.10
0.00 511.90
952.50 17.64 12.99 9.73 318.23 184.33 23.17 0.00
0.00 555.80
947.40 17.14 12.72 9.61 318.10 184.76 23.39 0.10
0.00 601.70
942.20 16.74 12.50 9.49 318.11 185.19 23.60 0.10
0.00 648.60
936.90 16.24 12.23 9.37 318.01 185.57 24.01 0.10
0.00 696.70
931.30 15.74 11.96 9.24 317.94 185.98 24.22 0.10
0.00 747.70
925.50 15.24 11.67 9.08 317.86 186.79 24.65 0.10
0.00 800.70
919.40 14.74 11.34 8.85 317.71 188.44 25.14 0.10
0.00 856.80
913.00 14.24 10.82 8.26 317.07 192.21 26.63 0.10
0.00 915.80
906.30 15.04 9.89 5.67 315.27 200.69 29.70 0.20
0.00 978.20
899.00 14.74 9.44 4.98 314.96 208.53 32.94 0.20
0.00 1046.60
890.90 15.64 9.17 3.50 315.19 215.14 36.11 0.20
0.00 1123.30
881.50 15.34 8.79 2.96 315.39 220.63 37.88 0.20
0.00 1213.20
870.60 14.74 8.11 1.98 314.99 220.11 37.08 0.20
0.00 1318.50
858.30 14.04 7.20 0.49 314.19 219.65 36.83 0.10
0.00 1438.60
845.00 13.34 6.20 -1.29 313.36 218.57 36.77 0.10
0.00 1570.00
830.90 12.54 5.20 -3.04 312.70 218.33 36.65 0.10
0.00 1711.30
815.80 11.74 4.22 -4.82 312.27 219.05 35.76 0.10
0.00 1864.80
800.00 10.84 3.24 -6.47 312.04 219.36 34.93 0.00
0.00 2027.90
783.70 9.84 2.25 -8.07 311.91 217.99 33.76 0.00
0.00 2199.00
766.70 8.84 1.30 -9.56 312.03 216.47 33.33 -0.10
0.00 2380.70
749.20 7.74 0.29 -11.06 312.20 215.38 32.89 -0.20
0.00 2571.10
731.10 6.64 -0.65 -12.30 312.67 215.19 33.04 -0.30
0.00 2772.10
712.50 5.34 -1.73 -13.69 312.99 215.07 33.47 -0.30
0.00 2982.90
693.30 4.04 -3.02 -16.15 313.03 216.41 34.03 -0.40
0.00 3205.30
673.60 2.84 -4.36 -19.56 313.11 219.27 34.38 -0.50
0.00 3438.90
653.20 1.34 -5.88 -23.69 313.05 221.40 34.97 -0.50
0.00 3686.80
632.20 -0.26 -7.40 -28.13 313.24 226.31 35.99 -0.60
0.00 3948.70
610.50 -1.76 -8.63 -30.24 314.34 229.07 36.77 -0.60
0.00 4227.00
588.30 -3.56 -9.88 -30.03 315.68 233.00 35.51 -0.60
0.00 4520.40
565.80 -5.26 -11.09 -29.86 317.31 239.98 34.56 -0.50
0.00 4827.30
543.00 -7.26 -12.69 -31.88 318.39 244.89 37.55 -0.50
0.00 5148.70
520.00 -8.86 -14.19 -36.35 319.84 246.91 40.11 -0.40
0.00 5484.60
496.90 -11.66 -16.46 -40.75 320.19 248.93 42.68 -0.30
0.00 5834.30
473.70 -14.16 -18.46 -43.10 321.34 251.40 42.64 -0.30
0.00 6198.60
450.50 -17.46 -21.07 -44.65 321.75 250.42 42.89 -0.30
0.00 6576.90
427.00 -20.16 -23.25 -45.14 323.27 249.08 42.42 -0.30
0.00 6975.80
402.80 -23.46 -25.97 -45.67 324.41 251.72 45.20 -0.40
0.00 7405.10
378.00 -26.96 -28.92 -46.25 325.73 247.17 52.06 -0.40
0.00 7866.30
353.40 -30.76 -32.06 -43.54 327.19 251.30 53.32 -0.40
0.00 8347.60
329.00 -34.76 -35.54 -43.06 328.55 254.08 55.94 -0.30
0.00 8851.10
305.00 -39.06 -39.47 -44.13 329.64 251.44 58.61 -0.30
0.00 9374.90
282.10 -43.46 -43.70 -47.33 330.51 250.37 64.76 -0.30
74.00 9904.80
260.40 -47.46 -47.66 -52.04 332.00 251.41 67.64 -0.20
0.00 10438.30
240.20 -51.56 -51.73 -57.18 333.37 253.21 68.59 -0.20
0.00 10966.90
221.40 -54.76 -54.92 -62.21 336.17 256.52 67.52 -0.10
0.00 11491.80
203.10 -56.86 -57.03 -67.97 341.16 261.38 67.39 0.00
0.00 12040.60
184.20 -58.66 -58.80 -68.67 347.89 268.33 66.65 0.00
0.00 12656.50
163.00 -60.06 -60.22 -74.28 357.86 268.93 62.18 0.00
0.00 13421.60
139.40 -63.66 -63.77 -75.31 367.89 272.51 57.75 0.00
0.00 14389.00
114.70 -69.16 -9999.00 -9999.00 -9999.00 271.37 48.78 0.00
0.00 15569.20
89.70 -68.56 -9999.00 -9999.00 -9999.00 273.89 37.18 0.00
0.00 17039.30
64.70 -65.06 -9999.00 -9999.00 -9999.00 287.39 16.90 0.00
0.00 19012.60
39.60 -60.26 -9999.00 -9999.00 -9999.00 242.74 14.41 0.00
0.00 22037.40
14.50 -50.06 -9999.00 -9999.00 -9999.00 254.98 32.98 0.00
0.00 28448.10

STID = KSTJ STNM = 724490 TIME = 081019/2100 
SLAT = 39.79 SLON = -94.95 SELV = 284.0
STIM = 21

SHOW = 8.72 LIFT = 5.94 SWET = 206.39 KINX = -1.17
LCLP = 845.25 PWAT = 14.64 TOTL = 35.76 CAPE = 0.00
LCLT = 281.82 CINS = 0.00 EQLV = -9999.00 LFCT = -9999.00
BRCH = 0.00

PRES TMPC TMWC DWPC THTE DRCT SKNT OMEG
CFRL HGHT
980.00 20.84 14.84 10.89 320.30 176.75 17.11 0.00
0.00 303.40
975.40 20.24 14.44 10.56 319.66 177.80 20.22 0.00
0.00 344.00
970.80 19.74 14.15 10.38 319.37 177.94 21.58 0.00
0.00 384.80
966.20 19.34 13.93 10.26 319.29 178.51 22.34 0.00
0.00 425.70
961.40 18.94 13.71 10.13 319.22 178.54 22.92 0.10
0.00 468.50
956.60 18.44 13.45 10.01 319.05 179.05 23.31 0.10
0.00 511.50
951.60 18.04 13.23 9.90 319.04 179.06 23.70 0.10
0.00 556.40
946.60 17.54 12.96 9.78 318.91 179.54 24.09 0.10
0.00 601.50
941.40 17.14 12.74 9.67 318.93 180.00 24.28 0.10
0.00 648.60
936.10 16.64 12.48 9.55 318.84 180.45 24.67 0.10
0.00 696.70
930.50 16.14 12.19 9.40 318.74 180.90 24.86 0.20
0.00 747.80
924.70 15.64 11.90 9.23 318.63 181.32 25.25 0.20
0.00 801.00
918.60 15.14 11.56 8.97 318.44 182.60 25.66 0.20
0.00 857.10
912.20 14.84 10.90 7.93 317.36 186.25 26.77 0.20
0.00 916.40
905.50 14.94 10.14 6.30 316.06 193.94 29.02 0.20
0.00 978.80
898.20 14.74 9.57 5.29 315.44 202.51 31.95 0.30
0.00 1047.30
890.10 15.94 8.94 2.62 314.65 209.98 34.98 0.30
0.00 1124.10
880.70 15.44 8.27 1.52 314.07 215.61 37.02 0.30
0.00 1214.10
869.90 15.14 7.54 -0.03 313.51 218.11 37.76 0.30
0.00 1318.60
857.60 14.44 6.74 -1.32 313.03 216.81 37.61 0.30
0.00 1438.90
844.40 13.64 5.91 -2.61 312.63 216.16 37.53 0.30
0.00 1569.60
830.30 12.74 5.01 -3.95 312.27 216.75 37.33 0.20
0.00 1711.10
815.20 11.94 4.13 -5.45 312.11 218.42 35.96 0.20
0.00 1864.70
799.40 11.14 3.17 -7.30 311.90 219.72 34.34 0.20
0.00 2028.10
783.10 10.24 2.14 -9.35 311.66 220.71 33.06 0.10
0.00 2199.60
766.20 9.24 1.04 -11.60 311.43 221.38 32.61 0.00
0.00 2380.50
748.70 8.14 -0.05 -13.76 311.38 222.83 32.58 -0.10
0.00 2571.30
730.60 6.84 -1.25 -16.06 311.27 223.34 33.12 -0.20
0.00 2772.50
712.00 5.54 -2.49 -18.73 311.26 223.83 33.66 -0.30
0.00 2983.60
692.90 4.24 -3.66 -21.21 311.55 226.36 34.62 -0.40
0.00 3205.00
673.20 2.94 -4.84 -23.88 312.04 228.11 35.49 -0.50
0.00 3438.80
652.80 1.24 -6.28 -27.09 312.22 229.43 37.33 -0.50
0.00 3686.80
631.80 -0.36 -7.36 -26.94 313.42 234.26 39.24 -0.50
0.00 3948.80
610.20 -1.66 -8.03 -24.45 315.71 238.50 39.41 -0.50
0.00 4226.00
588.10 -3.76 -9.27 -23.08 317.09 241.18 37.47 -0.50
0.00 4518.20
565.60 -5.66 -10.60 -23.30 318.45 245.56 35.20 -0.40
0.00 4824.90
542.80 -8.16 -12.73 -26.26 318.50 248.20 36.62 -0.40
0.00 5145.80
519.90 -9.86 -14.58 -32.13 319.25 247.03 38.81 -0.30
0.00 5479.20
496.80 -12.26 -16.74 -37.75 319.76 247.71 42.00 -0.30
0.00 5827.90
473.60 -14.56 -18.64 -40.38 321.08 251.40 42.64 -0.30
0.00 6191.60
450.40 -18.06 -21.46 -43.06 321.13 249.90 42.40 -0.30
0.00 6569.30
427.00 -20.06 -23.10 -43.08 323.55 251.08 43.75 -0.30
0.00 6966.10
402.80 -23.76 -26.08 -42.73 324.25 250.16 47.49 -0.40
0.00 7395.30
378.00 -27.66 -29.18 -40.08 325.36 249.62 50.78 -0.30
0.00 7855.60
353.40 -31.16 -32.23 -40.73 326.95 252.70 49.65 -0.30
0.00 8335.80
329.00 -34.86 -35.65 -43.43 328.37 251.63 54.23 -0.40
0.00 8838.80
305.00 -39.16 -39.75 -47.63 329.20 250.26 62.12 -0.40
0.00 9362.40
282.10 -43.76 -44.15 -51.36 329.81 250.36 64.14 -0.30
0.00 9891.80
260.40 -47.86 -48.14 -55.43 331.25 250.05 64.90 -0.20
0.00 10424.50
240.20 -51.56 -51.78 -59.85 333.29 251.41 66.39 -0.20
0.00 10952.60
221.40 -54.56 -54.75 -64.38 336.43 254.17 64.80 -0.10
0.00 11477.70
203.10 -56.26 -56.44 -67.97 342.10 260.82 65.71 0.00
0.00 12027.50
184.20 -58.46 -58.61 -68.67 348.22 268.51 67.04 0.00
0.00 12644.50
163.00 -59.76 -59.93 -74.28 358.37 270.35 63.71 0.00
0.00 13410.60
139.40 -63.46 -63.57 -75.31 368.25 274.69 59.44 0.00
0.00 14379.00
114.70 -68.76 -9999.00 -9999.00 -9999.00 274.04 49.65 0.00
0.00 15561.00
89.70 -68.26 -9999.00 -9999.00 -9999.00 276.27 37.33 0.00
0.00 17033.60
64.70 -64.46 -9999.00 -9999.00 -9999.00 288.64 17.02 0.00
0.00 19011.20
39.60 -60.26 -9999.00 -9999.00 -9999.00 239.17 14.02 0.00
0.00 22040.30
14.50 -50.56 -9999.00 -9999.00 -9999.00 255.17 34.17 0.00
0.00 28443.70

STID = KSTJ STNM = 724490 TIME = 081019/2200 
SLAT = 39.79 SLON = -94.95 SELV = 284.0
STIM = 22

SHOW = 8.56 LIFT = 5.31 SWET = 215.68 KINX = 3.30
LCLP = 851.89 PWAT = 15.69 TOTL = 35.97 CAPE = 0.00
LCLT = 282.13 CINS = 0.00 EQLV = -9999.00 LFCT = -9999.00
BRCH = 0.00

PRES TMPC TMWC DWPC THTE DRCT SKNT OMEG
CFRL HGHT
979.30 20.44 14.78 11.07 320.23 171.25 17.89 0.00
0.00 303.40
974.70 20.04 14.48 10.79 319.88 171.72 21.60 0.00
0.00 344.00
970.10 19.64 14.22 10.59 319.67 172.41 23.52 0.00
0.00 384.80
965.50 19.24 13.99 10.45 319.56 172.76 24.67 0.00
0.00 425.70
960.70 18.74 13.72 10.30 319.35 172.98 25.45 0.00
0.00 468.50
955.90 18.34 13.49 10.17 319.28 173.57 25.99 0.10
0.00 511.50
951.00 17.94 13.27 10.06 319.25 173.71 26.57 0.10
0.00 555.60
945.90 17.44 13.00 9.92 319.10 174.21 26.94 0.10
0.00 601.60
940.80 17.04 12.77 9.80 319.09 174.69 27.31 0.10
0.00 647.70
935.40 16.54 12.50 9.68 319.01 175.17 27.68 0.10
0.00 696.80
929.90 16.04 12.22 9.52 318.88 175.63 28.05 0.10
0.00 747.00
924.10 15.54 11.93 9.37 318.81 176.47 28.42 0.10
0.00 800.20
918.00 15.04 11.59 9.11 318.61 177.71 29.16 0.20
0.00 856.40
911.60 15.14 10.65 7.19 316.73 182.55 30.54 0.20
0.00 915.70
904.90 14.94 9.99 5.99 315.73 188.67 32.23 0.20
0.00 978.20
897.60 14.94 9.39 4.69 315.00 197.32 34.60 0.30
0.00 1046.70
889.50 16.04 8.80 2.14 314.32 204.39 36.69 0.30
0.00 1123.60
880.20 15.64 8.00 0.54 313.38 210.47 38.31 0.30
0.00 1212.80
869.30 15.44 7.29 -1.17 312.88 214.48 39.12 0.30
0.00 1318.30
857.10 14.64 6.40 -2.66 312.18 212.82 39.06 0.30
0.00 1437.80
843.80 13.84 5.53 -4.17 311.70 213.77 38.79 0.30
0.00 1569.70
829.80 13.14 4.66 -5.86 311.39 215.64 38.00 0.20
0.00 1710.30
814.70 12.44 3.75 -7.82 311.15 217.61 36.29 0.20
0.00 1864.30
799.00 11.64 2.75 -10.13 310.83 219.72 34.34 0.10
0.00 2027.00
782.60 10.84 1.74 -12.67 310.66 222.39 33.14 0.10
0.00 2199.80
765.70 9.74 0.66 -15.03 310.49 225.24 32.83 0.00
0.00 2381.10
748.30 8.54 -0.30 -16.44 310.77 228.34 33.02 -0.10
0.00 2571.30
730.20 7.24 -1.15 -16.73 311.51 231.08 33.70 -0.30
0.00 2772.90
711.60 5.74 -1.94 -15.91 312.58 233.83 34.89 -0.40
0.00 2984.30
692.50 4.24 -2.65 -14.78 313.96 237.19 35.14 -0.50
0.00 3206.00
672.90 2.84 -3.53 -14.79 315.11 238.13 35.68 -0.50
0.00 3438.80
652.50 1.44 -4.41 -14.77 316.47 239.66 36.91 -0.50
0.00 3687.10
631.60 -0.26 -5.35 -14.22 317.93 246.28 36.71 -0.50
0.00 3948.30
610.00 -1.66 -6.46 -15.14 319.21 252.46 35.45 -0.40
0.00 4225.90
587.80 -3.96 -8.32 -16.96 319.21 253.70 34.62 -0.40
0.00 4519.60
565.40 -6.16 -10.12 -18.71 319.56 251.35 33.41 -0.30
0.00 4824.80
542.70 -8.76 -12.45 -21.77 319.16 251.67 34.58 -0.20
0.00 5143.70
519.70 -10.56 -14.58 -27.41 319.40 248.88 36.65 -0.10
0.00 5477.90
496.70 -12.96 -16.97 -33.68 319.46 249.12 40.33 -0.10
0.00 5824.40
473.60 -15.06 -18.75 -35.87 320.97 253.04 40.62 -0.10
0.00 6185.70
450.40 -18.16 -21.34 -39.03 321.37 252.17 40.60 -0.10
0.00 6563.00
427.00 -20.66 -23.36 -39.22 323.15 251.11 46.19 -0.10
0.00 6959.30
402.80 -24.36 -26.14 -36.25 324.24 251.42 48.15 -0.10
0.00 7387.40
378.00 -27.96 -29.24 -37.60 325.29 250.90 47.49 -0.10
0.00 7847.00
353.40 -31.36 -32.51 -42.39 326.49 251.34 47.36 -0.20
0.00 8326.70
329.00 -35.16 -36.16 -48.68 327.54 252.44 56.64 -0.20
0.00 8829.10
305.00 -39.36 -40.11 -53.14 328.60 252.76 58.97 -0.20
0.00 9352.20
282.10 -43.66 -44.17 -55.87 329.75 252.58 59.03 -0.20
0.00 9881.40
260.40 -47.46 -47.81 -57.77 331.75 251.97 60.88 -0.20
0.00 10414.70
240.20 -51.26 -51.52 -61.59 333.70 253.56 61.77 -0.10
0.00 10943.60
221.40 -54.56 -54.72 -62.21 336.48 254.15 62.59 -0.10
0.00 11469.10
203.10 -56.36 -56.52 -65.02 341.99 260.76 65.35 0.00
0.00 12018.80
184.20 -58.46 -58.61 -68.67 348.22 269.02 68.01 0.00
0.00 12635.60
163.00 -59.96 -60.12 -74.28 358.03 271.03 64.70 0.00
0.00 13401.30
139.40 -63.16 -63.28 -75.31 368.77 274.34 59.03 0.00
0.00 14370.00
114.70 -68.36 -9999.00 -9999.00 -9999.00 277.24 49.34 0.00
0.00 15554.00
89.70 -68.66 -9999.00 -9999.00 -9999.00 277.01 36.60 0.00
0.00 17026.60
64.70 -64.36 -9999.00 -9999.00 -9999.00 284.04 16.82 0.00
0.00 19002.80
39.60 -59.96 -9999.00 -9999.00 -9999.00 240.87 13.56 0.00
0.00 22034.80
14.50 -50.56 -9999.00 -9999.00 -9999.00 256.04 34.63 0.00
0.00 28442.60

STID = KSTJ STNM = 724490 TIME = 081019/2300 
SLAT = 39.79 SLON = -94.95 SELV = 284.0
STIM = 23

SHOW = 7.50 LIFT = 4.67 SWET = 223.20 KINX = 10.76
LCLP = 867.62 PWAT = 18.30 TOTL = 38.00 CAPE = 0.00
LCLT = 282.62 CINS = 0.00 EQLV = -9999.00 LFCT = -9999.00
BRCH = 0.00

PRES TMPC TMWC DWPC THTE DRCT SKNT OMEG
CFRL HGHT
979.50 19.44 14.53 11.30 319.46 167.82 17.48 0.00
0.00 303.30
974.90 19.24 14.34 11.09 319.45 168.79 21.99 0.00
0.00 343.80
970.30 18.94 14.12 10.90 319.36 169.05 24.53 0.00
0.00 384.50
965.70 18.64 13.91 10.74 319.32 169.77 26.24 0.00
0.00 425.30
960.90 18.24 13.68 10.59 319.22 170.34 27.78 0.00
0.00 468.10
956.10 17.84 13.43 10.43 319.10 170.73 28.92 0.00
0.00 511.00
951.20 17.44 13.19 10.28 319.01 171.40 29.86 0.00
0.00 554.90
946.10 17.04 12.95 10.12 318.94 171.61 30.63 0.00
0.00 600.80
940.90 16.64 12.71 9.99 318.93 172.12 31.18 0.00
0.00 647.90
935.60 16.24 12.47 9.83 318.88 172.61 31.74 0.00
0.00 696.00
930.00 15.74 12.15 9.61 318.67 173.51 32.65 0.00
0.00 747.00
924.20 15.24 11.85 9.43 318.55 175.32 33.33 0.00
0.00 800.10
918.20 14.84 11.47 9.04 318.26 177.74 34.40 0.00
0.00 855.40
911.80 15.14 10.66 7.21 316.74 181.89 35.37 0.10
0.00 914.60
905.10 15.14 9.95 5.72 315.59 187.54 37.02 0.10
0.00 977.10
897.80 15.14 9.23 4.11 314.51 194.95 38.40 0.10
0.00 1045.70
889.70 15.94 8.75 2.12 314.17 201.28 39.61 0.20
0.00 1122.50
880.30 15.84 8.06 0.45 313.50 207.06 40.58 0.20
0.00 1212.70
869.40 15.54 7.42 -0.90 313.21 211.48 40.54 0.20
0.00 1318.30
857.20 14.94 6.61 -2.44 312.68 211.68 39.94 0.10
0.00 1437.90
844.00 14.14 5.71 -4.01 312.13 213.77 39.49 0.10
0.00 1568.80
829.90 13.54 4.89 -5.73 311.90 216.75 38.31 0.00
0.00 1710.60
814.90 12.84 4.00 -7.62 311.69 219.46 36.99 0.00
0.00 1863.80
799.10 12.04 3.09 -9.46 311.62 222.15 35.90 -0.10
0.00 2027.70
782.80 11.14 2.27 -10.79 311.90 225.00 35.43 -0.20
0.00 2199.70
765.90 10.04 1.57 -11.01 312.66 228.52 35.78 -0.30
0.00 2381.20
748.40 8.84 1.00 -10.40 313.90 232.88 36.05 -0.40
0.00 2572.70
730.30 7.44 0.43 -9.46 315.28 236.74 35.78 -0.40
0.00 2774.50
711.70 5.94 -0.28 -8.88 316.50 241.31 35.20 -0.50
0.00 2986.20
692.60 4.54 -1.03 -8.68 317.74 245.97 33.39 -0.50
0.00 3208.30
673.00 2.94 -1.92 -8.61 318.82 250.25 32.19 -0.60
0.00 3441.30
652.60 1.74 -2.72 -8.88 320.34 254.34 31.66 -0.60
0.00 3690.00
631.60 0.04 -3.81 -9.21 321.42 260.83 31.68 -0.50
0.00 3952.90
610.00 -1.96 -5.36 -10.43 321.69 264.61 31.02 -0.40
0.00 4230.60
587.90 -4.36 -7.83 -13.94 320.28 261.82 31.39 -0.30
0.00 4522.70
565.40 -6.46 -9.92 -16.95 320.00 255.71 31.47 -0.30
0.00 4828.90
542.70 -9.16 -12.21 -19.19 319.69 255.31 32.93 -0.20
0.00 5147.50
519.80 -11.26 -14.33 -22.54 319.96 253.70 34.62 -0.10
0.00 5479.60
496.70 -13.76 -16.88 -27.36 319.75 253.53 37.68 -0.10
0.00 5826.60
473.60 -15.76 -18.55 -28.55 321.46 257.82 37.76 -0.10
0.00 6187.00
450.40 -18.46 -21.19 -33.81 321.71 254.09 38.99 -0.10
0.00 6563.50
427.00 -21.36 -23.34 -32.45 323.29 253.40 44.19 -0.10
0.00 6959.20
402.80 -24.96 -26.27 -32.88 324.06 254.15 46.23 -0.10
0.00 7386.20
378.00 -28.06 -29.45 -39.19 324.94 252.79 45.96 -0.10
0.00 7845.10
353.40 -31.36 -32.70 -46.31 326.15 253.87 50.35 -0.10
0.00 8324.70
329.00 -35.36 -36.43 -51.60 327.11 257.74 53.07 -0.10
0.00 8826.90
305.00 -39.26 -40.07 -55.23 328.66 259.51 53.34 -0.10
0.00 9349.90
282.10 -43.16 -43.73 -57.13 330.43 259.80 54.88 -0.10
0.00 9879.80
260.40 -47.26 -47.65 -59.22 332.01 256.92 56.64 -0.10
0.00 10413.90
240.20 -51.66 -51.87 -59.85 333.14 255.49 57.38 -0.10
0.00 10942.60
221.40 -54.36 -54.50 -60.49 336.83 254.10 60.99 0.00
0.00 11467.80
203.10 -56.46 -56.61 -65.02 341.83 262.44 66.43 0.00
0.00 12017.70
184.20 -57.86 -58.02 -68.67 349.19 268.34 67.23 0.00
0.00 12635.20
163.00 -59.66 -59.83 -74.28 358.53 268.93 62.57 0.00
0.00 13402.50
139.40 -62.26 -62.40 -75.31 370.35 272.33 57.34 0.00
0.00 14374.00
114.70 -67.76 -9999.00 -9999.00 -9999.00 280.55 48.80 0.00
0.00 15562.20
89.70 -68.86 -9999.00 -9999.00 -9999.00 279.67 34.67 0.00
0.00 17036.30
64.70 -64.76 -9999.00 -9999.00 -9999.00 285.31 16.92 0.00
0.00 19009.60
39.60 -60.16 -9999.00 -9999.00 -9999.00 247.44 13.68 0.00
0.00 22037.20
14.50 -50.26 -9999.00 -9999.00 -9999.00 257.20 35.06 0.00
0.00 28446.50

STID = KSTJ STNM = 724490 TIME = 081020/0000 
SLAT = 39.79 SLON = -94.95 SELV = 284.0
STIM = 24

SHOW = 5.88 LIFT = 4.18 SWET = 225.03 KINX = 15.13
LCLP = 892.13 PWAT = 20.85 TOTL = 41.27 CAPE = 0.00
LCLT = 283.13 CINS = 0.00 EQLV = -9999.00 LFCT = -9999.00
BRCH = 0.00

PRES TMPC TMWC DWPC THTE DRCT SKNT OMEG
CFRL HGHT
979.50 17.64 13.90 11.39 317.59 168.69 15.85 -0.10
0.00 304.10
974.90 17.74 13.86 11.25 318.03 169.65 20.53 -0.10
0.00 344.40
970.30 17.64 13.75 11.13 318.28 170.15 23.85 -0.10
0.00 384.80
965.70 17.54 13.62 10.98 318.48 171.16 26.53 -0.10
0.00 425.50
961.00 17.34 13.47 10.84 318.60 171.92 29.04 -0.20
0.00 467.20
956.10 17.04 13.26 10.69 318.62 172.43 30.96 -0.20
0.00 510.90
951.20 16.74 13.07 10.56 318.67 173.09 32.28 -0.20
0.00 554.70
946.20 16.44 12.90 10.47 318.81 173.73 33.80 -0.30
0.00 599.60
941.00 15.94 12.63 10.35 318.70 174.54 34.73 -0.30
0.00 646.50
935.60 15.74 12.32 9.92 318.46 175.03 35.88 -0.30
0.00 695.50
930.10 15.34 12.06 9.74 318.41 175.72 36.42 -0.40
0.00 745.50
924.30 14.84 11.81 9.65 318.43 177.00 37.16 -0.40
0.00 798.60
918.20 14.64 11.21 8.69 317.50 179.71 38.66 -0.40
0.00 854.60
911.80 14.34 10.69 7.93 316.85 183.10 39.49 -0.40
0.00 913.80
905.10 14.34 10.17 6.90 316.24 187.74 40.38 -0.40
0.00 976.10
897.80 14.74 9.44 5.00 315.13 194.23 41.08 -0.30
0.00 1044.60
889.70 15.14 8.77 3.06 314.29 200.12 41.78 -0.30
0.00 1121.30
880.30 15.24 8.25 1.69 314.07 205.50 41.96 -0.30
0.00 1211.20
869.50 15.04 7.75 0.67 314.12 210.45 41.01 -0.30
0.00 1315.70
857.30 14.74 7.18 -0.42 314.21 213.85 39.76 -0.30
0.00 1435.20
844.00 14.04 6.42 -1.57 314.01 216.36 39.32 -0.40
0.00 1567.10
829.90 13.34 5.79 -2.35 314.28 220.03 38.05 -0.40
0.00 1708.90
814.90 12.54 5.16 -2.95 314.74 223.52 37.24 -0.50
0.00 1862.00
799.10 11.74 4.60 -3.35 315.52 226.72 36.56 -0.50
0.00 2025.90
782.80 10.74 3.78 -4.21 315.79 229.33 36.36 -0.60
0.00 2197.80
765.90 9.74 3.06 -4.76 316.44 232.58 36.44 -0.60
0.00 2379.20
748.40 8.54 2.33 -5.02 317.22 237.34 35.99 -0.60
0.00 2570.60
730.30 7.34 1.43 -5.76 317.76 242.29 34.67 -0.60
0.00 2772.50
711.80 5.94 0.36 -6.69 318.04 246.80 32.54 -0.60
0.00 2983.10
692.70 4.74 -0.45 -7.12 319.09 251.92 30.03 -0.50
0.00 3205.20
673.00 3.44 -1.36 -7.65 320.12 257.26 29.08 -0.50
0.00 3439.80
652.60 1.94 -2.45 -8.37 320.95 260.99 28.52 -0.40
0.00 3688.80
631.60 0.14 -3.72 -9.12 321.60 263.33 30.11 -0.30
0.00 3951.80
610.00 -2.06 -5.41 -10.43 321.57 263.16 29.35 -0.20
0.00 4229.60
587.90 -4.46 -7.90 -14.00 320.12 260.60 29.74 -0.10
0.00 4521.60
565.50 -6.46 -10.03 -17.42 319.76 257.47 30.44 -0.10
0.00 4826.30
542.70 -9.16 -12.05 -18.46 320.01 259.91 32.17 0.00
0.00 5146.30
519.80 -11.76 -13.94 -19.04 320.75 260.71 32.48 0.00
0.00 5478.10
496.70 -14.36 -16.32 -21.56 320.87 259.40 33.80 0.00
0.00 5824.50
473.60 -16.36 -18.13 -23.31 322.29 262.32 34.89 0.00
0.00 6184.20
450.40 -19.06 -20.92 -27.78 322.26 256.33 36.99 0.00
0.00 6559.90
427.00 -21.96 -23.35 -28.98 323.31 254.79 41.47 0.00
0.00 6954.70
402.80 -25.16 -26.59 -34.34 323.51 254.61 43.92 0.00
0.00 7381.10
378.00 -27.96 -29.56 -42.13 324.74 254.98 46.46 0.00
0.00 7839.90
353.40 -31.56 -32.98 -49.41 325.69 259.34 50.41 0.00
0.00 8319.40
329.00 -35.16 -36.30 -53.49 327.30 260.82 52.35 -0.10
0.00 8821.60
305.00 -38.96 -39.77 -54.13 329.12 262.47 54.86 -0.10
0.00 9345.10
282.10 -43.36 -43.87 -54.77 330.22 260.41 57.13 -0.10
0.00 9875.10
260.40 -47.56 -47.88 -56.52 331.65 256.72 57.48 -0.10
0.00 10408.60
240.20 -51.86 -52.04 -58.41 332.88 255.27 58.04 -0.10
0.00 10936.70
221.40 -54.06 -54.24 -62.21 337.25 259.31 63.85 0.00
0.00 11462.00
203.10 -55.66 -55.84 -65.02 343.10 265.61 68.57 0.00
0.00 12013.30
184.20 -57.06 -57.24 -68.67 350.49 268.66 66.65 0.00
0.00 12633.10
163.00 -59.06 -59.24 -74.28 359.54 267.14 62.24 0.00
0.00 13403.00
139.40 -61.56 -61.71 -75.31 371.58 270.99 56.14 0.00
0.00 14377.40
114.70 -67.16 -9999.00 -9999.00 -9999.00 280.65 46.25 0.00
0.00 15569.30
89.70 -68.76 -9999.00 -9999.00 -9999.00 282.97 32.89 0.00
0.00 17045.90
64.70 -65.56 -9999.00 -9999.00 -9999.00 286.84 15.42 0.00
0.00 19015.90
39.60 -60.66 -9999.00 -9999.00 -9999.00 238.61 13.42 0.00
0.00 22034.20
14.50 -49.76 -9999.00 -9999.00 -9999.00 259.75 34.95 0.00
0.00 28443.50

STID = KSTJ STNM = 724490 TIME = 081020/0100 
SLAT = 39.79 SLON = -94.95 SELV = 284.0
STIM = 25

SHOW = 4.54 LIFT = 3.63 SWET = 252.26 KINX = 16.31
LCLP = 909.37 PWAT = 22.45 TOTL = 43.91 CAPE = 0.00
LCLT = 283.43 CINS = 0.00 EQLV = -9999.00 LFCT = -9999.00
BRCH = 0.00

PRES TMPC TMWC DWPC THTE DRCT SKNT OMEG
CFRL HGHT
980.40 16.44 13.46 11.42 316.19 181.74 12.82 0.00
0.00 304.00
975.80 16.54 13.43 11.30 316.66 181.30 17.09 0.00
0.00 344.00
971.20 16.54 13.35 11.16 316.98 181.65 20.20 -0.10
0.00 384.30
966.60 16.44 13.23 11.03 317.22 181.93 23.14 -0.10
0.00 424.80
961.80 16.34 13.12 10.91 317.49 182.60 25.66 -0.10
0.00 467.20
957.00 16.04 12.94 10.81 317.58 182.78 28.01 -0.10
0.00 509.80
952.00 16.24 12.86 10.52 317.95 183.67 30.36 -0.20
0.00 554.40
947.00 15.94 12.68 10.41 318.05 183.79 32.32 -0.20
0.00 599.20
941.80 15.54 12.42 10.24 317.97 184.32 33.51 -0.20
0.00 646.00
936.40 15.14 12.14 10.03 317.86 184.71 35.47 -0.30
0.00 694.80
930.90 14.94 11.93 9.79 317.94 185.74 36.91 -0.30
0.00 744.70
925.10 14.54 11.62 9.52 317.79 185.41 37.08 -0.40
0.00 797.70
919.00 13.94 11.30 9.38 317.66 187.77 38.81 -0.40
0.00 853.60
912.60 13.84 10.88 8.68 317.29 188.72 39.70 -0.40
0.00 912.60
905.90 13.34 10.42 8.21 316.87 192.17 40.54 -0.40
0.00 974.70
898.60 13.24 9.85 7.19 316.21 196.98 41.24 -0.40
0.00 1042.90
890.50 13.34 9.24 5.89 315.58 202.29 42.00 -0.40
0.00 1119.10
881.10 13.44 8.63 4.52 315.14 207.86 42.40 -0.40
0.00 1208.40
870.20 13.34 8.09 3.44 315.09 213.18 42.25 -0.40
0.00 1313.20
858.00 13.04 7.60 2.66 315.39 217.85 40.83 -0.50
0.00 1431.90
844.70 12.64 6.94 1.58 315.42 221.45 39.92 -0.50
0.00 1563.10
830.60 12.24 6.29 0.48 315.61 225.20 38.60 -0.60
0.00 1704.30
815.50 11.64 5.74 -0.12 316.26 228.81 37.16 -0.70
0.00 1857.80
799.70 10.74 5.03 -0.78 316.64 232.26 35.86 -0.70
0.00 2021.10
783.40 9.74 4.32 -1.30 317.16 234.46 35.08 -0.70
0.00 2192.40
766.40 8.94 3.54 -2.23 317.66 236.22 34.60 -0.70
0.00 2374.30
748.90 7.84 2.34 -3.97 317.24 239.43 33.61 -0.70
0.00 2565.10
730.80 6.84 1.11 -5.99 316.94 242.83 32.75 -0.60
0.00 2766.40
712.20 5.84 0.09 -7.42 317.33 246.15 31.22 -0.60
0.00 2977.80
693.10 4.74 -0.78 -8.19 318.24 250.05 27.89 -0.50
0.00 3199.70
673.40 3.64 -1.70 -9.09 319.24 254.93 26.15 -0.40
0.00 3434.20
653.00 2.34 -2.66 -9.75 320.37 258.77 25.95 -0.30
0.00 3683.30
632.00 0.54 -3.91 -10.43 321.08 261.87 27.47 -0.20
0.00 3946.50
610.40 -1.66 -5.86 -12.73 320.48 261.98 27.86 -0.10
0.00 4224.40
588.20 -3.96 -7.66 -14.22 320.55 262.13 29.80 -0.10
0.00 4518.00
565.70 -6.16 -9.17 -14.69 321.50 264.51 30.44 -0.10
0.00 4824.40
542.90 -9.26 -11.20 -14.91 321.68 267.84 30.91 -0.10
0.00 5144.50
519.90 -11.96 -13.49 -16.75 321.61 269.28 30.89 -0.10
0.00 5477.60
496.90 -14.96 -16.19 -19.21 321.09 267.74 29.55 -0.10
0.00 5821.90
473.70 -17.06 -18.41 -22.27 321.78 266.12 31.55 -0.10
0.00 6182.20
450.40 -19.76 -20.84 -24.34 322.45 257.82 34.98 0.00
0.00 6558.50
427.00 -22.56 -23.70 -28.23 322.74 254.52 39.30 0.00
0.00 6952.30
402.80 -25.26 -26.92 -36.97 322.96 254.23 43.59 0.00
0.00 7378.10
378.00 -27.86 -29.71 -47.45 324.46 261.16 46.79 0.00
0.00 7836.90
353.40 -31.66 -33.11 -50.99 325.48 262.23 51.75 -0.10
0.00 8316.40
329.00 -35.06 -36.14 -50.78 327.56 263.18 54.00 -0.10
0.00 8818.50
305.00 -39.46 -40.18 -52.25 328.50 264.27 56.43 -0.10
0.00 9341.60
282.10 -43.86 -44.31 -53.79 329.55 263.51 58.45 -0.10
0.00 9870.50
260.40 -47.86 -48.16 -56.52 331.21 261.71 59.29 -0.10
0.00 10403.00
240.20 -51.86 -52.07 -59.85 332.83 260.48 59.87 -0.10
0.00 10930.80
221.40 -54.06 -54.24 -62.21 337.25 262.71 65.79 0.00
0.00 11456.10
203.10 -55.26 -55.47 -67.97 343.68 267.22 68.07 0.00
0.00 12007.90
184.20 -56.36 -56.59 -73.46 351.58 268.25 63.75 0.00
0.00 12629.30
163.00 -58.66 -58.85 -74.28 360.21 266.64 63.05 0.00
0.00 13401.10
139.40 -61.36 -61.52 -75.31 371.93 270.00 54.58 0.00
0.00 14376.90
114.70 -66.76 -9999.00 -9999.00 -9999.00 278.90 42.66 0.00
0.00 15570.50
89.70 -68.36 -9999.00 -9999.00 -9999.00 286.85 28.83 0.00
0.00 17050.00
64.70 -65.76 -9999.00 -9999.00 -9999.00 288.69 13.95 0.00
0.00 19020.90
39.60 -60.96 -9999.00 -9999.00 -9999.00 243.43 15.21 0.00
0.00 22035.70
14.50 -49.86 -9999.00 -9999.00 -9999.00 263.27 34.81 0.00
0.00 28439.00

STID = KSTJ STNM = 724490 TIME = 081020/0200 
SLAT = 39.79 SLON = -94.95 SELV = 284.0
STIM = 26

SHOW = 3.46 LIFT = 3.60 SWET = 278.64 KINX = 19.89
LCLP = 922.45 PWAT = 24.26 TOTL = 45.63 CAPE = 0.00
LCLT = 283.56 CINS = 0.00 EQLV = -9999.00 LFCT = -9999.00
BRCH = 0.00

PRES TMPC TMWC DWPC THTE DRCT SKNT OMEG
CFRL HGHT
981.00 15.44 13.03 11.34 314.87 185.81 11.52 0.00
0.00 303.00
976.40 15.64 13.04 11.22 315.45 187.21 15.46 0.00
0.00 342.90
971.80 15.84 13.02 11.06 315.97 188.21 19.04 0.00
0.00 383.10
967.10 15.74 12.90 10.92 316.20 188.79 21.62 0.00
0.00 424.30
962.40 15.74 12.81 10.76 316.51 190.19 25.25 0.00
0.00 465.70
957.50 15.44 12.61 10.63 316.56 190.75 27.08 0.00
0.00 509.10
952.60 15.84 12.57 10.28 317.05 191.81 30.36 0.00
0.00 552.70
947.50 15.44 12.36 10.18 317.06 191.85 32.15 0.00
0.00 598.30
942.40 15.44 12.13 9.77 317.05 192.39 34.40 0.00
0.00 644.10
937.00 15.04 11.88 9.60 317.00 193.36 36.13 0.00
0.00 692.80
931.40 14.64 11.64 9.47 317.04 194.11 37.45 -0.10
0.00 743.60
925.60 14.44 11.35 9.08 316.94 194.45 38.91 -0.10
0.00 796.50
919.50 13.84 11.03 8.96 316.84 195.06 39.63 -0.10
0.00 852.30
913.10 13.54 10.68 8.54 316.68 196.36 40.70 -0.10
0.00 911.30
906.40 13.14 10.32 8.18 316.53 198.86 41.47 -0.10
0.00 973.30
899.10 12.74 9.87 7.64 316.22 202.15 41.74 -0.10
0.00 1041.30
891.00 12.64 9.35 6.73 315.85 207.16 42.13 -0.20
0.00 1117.40
881.60 12.54 8.88 5.87 315.77 213.03 42.40 -0.20
0.00 1206.40
870.70 12.34 8.57 5.45 316.37 218.37 41.63 -0.20
0.00 1310.90
858.40 11.64 8.15 5.25 316.89 223.10 41.51 -0.20
0.00 1430.10
845.10 11.04 7.32 4.09 316.46 227.28 41.51 -0.30
0.00 1560.60
831.00 10.74 6.64 2.94 316.56 231.51 41.20 -0.40
0.00 1701.00
815.90 10.14 6.05 2.29 317.10 235.68 39.28 -0.50
0.00 1853.70
800.10 9.34 5.53 2.01 317.98 239.09 36.67 -0.60
0.00 2016.20
783.80 8.64 4.69 0.90 318.14 239.48 34.05 -0.70
0.00 2186.70
766.80 8.04 3.60 -0.97 317.81 238.68 32.52 -0.70
0.00 2368.00
749.30 7.34 2.56 -2.66 317.78 238.73 30.69 -0.60
0.00 2558.30
731.20 6.54 1.68 -3.87 318.30 240.49 28.79 -0.50
0.00 2759.20
712.50 5.84 0.95 -4.77 319.39 243.62 26.67 -0.40
0.00 2971.60
693.40 4.94 0.02 -5.99 320.12 246.86 23.23 -0.30
0.00 3193.60
673.60 3.94 -1.14 -7.76 320.52 253.55 21.27 -0.20
0.00 3429.50
653.20 2.64 -2.30 -9.08 321.16 260.11 21.48 -0.10
0.00 3678.80
632.20 0.84 -4.08 -11.63 320.62 263.32 25.04 -0.10
0.00 3942.20
610.60 -1.16 -5.63 -12.94 320.92 264.45 28.11 -0.10
0.00 4220.40
588.40 -3.56 -6.78 -11.89 322.42 268.16 30.32 -0.10
0.00 4514.40
565.80 -6.26 -8.73 -12.91 322.43 271.88 29.55 -0.10
0.00 4822.40
543.00 -9.46 -10.87 -13.41 322.34 271.88 29.55 -0.10
0.00 5142.20
520.00 -12.16 -13.47 -16.22 321.64 273.09 28.79 -0.10
0.00 5475.10
496.90 -15.36 -16.48 -19.28 320.56 270.82 27.19 -0.10
0.00 5820.50
473.70 -17.66 -18.75 -21.85 321.19 265.75 28.83 0.00
0.00 6180.00
450.50 -20.36 -20.96 -22.83 322.23 257.33 33.64 0.00
20.00 6553.90
427.00 -23.16 -24.24 -28.73 321.83 252.92 39.02 0.00
0.00 6948.40
402.80 -25.26 -27.20 -41.16 322.45 255.78 45.09 0.00
0.00 7373.60
378.00 -27.86 -29.69 -46.83 324.50 260.64 51.38 0.00
0.00 7832.40
353.40 -31.46 -32.88 -48.70 325.86 262.85 54.62 0.00
0.00 8312.00
329.00 -35.46 -36.47 -50.03 327.05 265.45 56.31 0.00
0.00 8814.00
305.00 -39.66 -40.36 -52.25 328.22 266.36 58.20 0.00
0.00 9336.40
282.10 -43.96 -44.43 -54.77 329.36 265.24 60.82 0.00
0.00 9865.00
260.40 -47.96 -48.28 -57.77 331.02 264.47 62.45 -0.10
0.00 10397.30
240.20 -52.26 -52.45 -59.85 332.23 261.80 63.99 -0.10
0.00 10924.50
221.40 -53.76 -53.97 -64.38 337.67 266.61 69.08 -0.10
0.00 11449.70
203.10 -54.86 -55.09 -67.97 344.31 270.32 68.96 0.00
0.00 12002.30
184.20 -56.06 -56.30 -73.46 352.06 268.41 63.15 0.00
0.00 12624.70
163.00 -58.36 -58.56 -74.28 360.72 267.74 63.97 0.00
0.00 13397.60
139.40 -61.26 -61.42 -75.31 372.11 270.62 54.20 0.00
0.00 14374.30
114.70 -66.26 -9999.00 -9999.00 -9999.00 277.98 40.60 0.00
0.00 15569.70
89.70 -68.46 -9999.00 -9999.00 -9999.00 290.65 26.98 0.00
0.00 17050.60
64.70 -66.26 -9999.00 -9999.00 -9999.00 284.44 13.25 0.00
0.00 19018.60
39.60 -60.96 -9999.00 -9999.00 -9999.00 247.83 17.00 0.00
0.00 22029.80
14.50 -49.56 -9999.00 -9999.00 -9999.00 266.40 34.05 0.00
0.00 28437.60

STID = KSTJ STNM = 724490 TIME = 081020/0300 
SLAT = 39.79 SLON = -94.95 SELV = 284.0
STIM = 27

SHOW = 2.79 LIFT = 3.65 SWET = 267.10 KINX = 22.10
LCLP = 930.55 PWAT = 25.88 TOTL = 46.63 CAPE = 0.00
LCLT = 283.52 CINS = 0.00 EQLV = -9999.00 LFCT = -9999.00
BRCH = 0.00

PRES TMPC TMWC DWPC THTE DRCT SKNT OMEG
CFRL HGHT
981.70 14.74 12.66 11.18 313.76 182.08 10.68 0.00
0.00 303.80
977.10 14.84 12.62 11.04 314.19 185.26 14.82 0.00
0.00 343.60
972.50 15.34 12.69 10.82 314.95 187.79 18.63 0.00
0.00 383.60
967.80 15.24 12.57 10.68 315.17 189.46 21.27 0.00
0.00 424.70
963.10 15.34 12.50 10.48 315.53 191.48 25.37 0.00
0.00 466.10
958.20 15.24 12.36 10.31 315.75 192.93 26.90 0.00
0.00 509.30
953.30 15.74 12.36 9.95 316.34 194.73 31.33 0.10
0.00 552.90
948.20 15.34 12.13 9.83 316.32 195.52 32.65 0.10
0.00 598.40
943.00 15.44 11.94 9.41 316.43 196.55 35.47 0.00
0.00 645.10
937.60 15.14 11.72 9.23 316.48 198.25 37.22 0.10
0.00 693.80
932.10 14.74 11.47 9.07 316.46 199.52 38.95 0.00
0.00 743.60
926.30 14.54 11.20 8.71 316.42 200.82 39.90 0.00
0.00 796.50
920.10 13.94 10.87 8.57 316.30 201.49 40.29 0.00
0.00 853.20
913.80 13.74 10.55 8.12 316.20 203.77 40.97 0.00
0.00 911.20
907.00 13.24 10.17 7.81 316.04 205.84 41.01 0.00
0.00 974.20
899.70 13.04 9.79 7.23 315.91 209.71 41.16 0.00
0.00 1042.20
891.60 12.84 9.49 6.83 316.14 214.59 41.06 0.00
0.00 1118.20
882.20 12.64 9.30 6.65 316.85 220.57 40.91 0.00
0.00 1207.30
871.30 12.24 9.00 6.41 317.46 226.00 39.43 -0.10
0.00 1311.70
859.00 11.54 8.51 6.06 317.78 230.59 39.47 -0.10
0.00 1430.80
845.70 10.54 7.62 5.17 317.19 233.69 40.02 -0.20
0.00 1561.10
831.50 10.04 6.80 3.98 316.96 240.63 40.79 -0.20
0.00 1702.20
816.40 9.44 6.71 4.38 318.81 247.87 38.17 -0.30
0.00 1854.50
800.60 8.14 6.53 5.19 320.60 254.32 34.50 -0.40
0.00 2016.40
784.20 7.34 6.02 4.91 321.62 256.98 29.31 -0.50
0.00 2187.30
767.30 6.94 5.18 3.65 321.88 253.93 25.27 -0.60
0.00 2366.80
749.70 6.54 4.08 1.82 321.63 248.20 23.02 -0.50
0.00 2557.60
731.60 6.14 2.89 -0.32 321.32 244.36 21.54 -0.40
0.00 2758.20
712.90 5.64 1.68 -2.55 321.16 244.68 19.99 -0.30
0.00 2970.30
693.70 4.94 0.35 -5.02 320.90 246.48 18.01 -0.20
0.00 3193.40
674.00 4.14 -1.10 -7.96 320.55 253.87 16.78 -0.20
0.00 3428.10
653.50 2.64 -3.14 -12.15 319.12 263.18 18.01 -0.20
0.00 3678.50
632.50 1.04 -4.67 -14.45 319.20 268.11 23.52 -0.20
0.00 3941.80
610.80 -1.06 -5.57 -12.93 321.01 269.17 26.81 -0.20
0.00 4221.20
588.60 -3.66 -6.85 -11.93 322.24 271.59 27.99 -0.20
0.00 4515.10
566.00 -6.46 -8.75 -12.61 322.35 270.80 27.78 -0.20
0.00 4822.90
543.20 -9.66 -10.90 -13.12 322.24 270.40 27.78 -0.10
0.00 5142.40
520.20 -12.46 -13.37 -15.21 321.80 270.00 27.00 -0.10
0.00 5474.80
497.00 -15.56 -16.39 -18.41 320.71 266.61 26.26 -0.10
0.00 5821.30
473.80 -18.06 -18.69 -20.40 321.29 261.70 28.26 -0.10
4.00 6180.40
450.50 -20.86 -21.47 -23.43 321.36 255.56 33.49 0.00
0.00 6555.20
427.00 -23.36 -25.11 -34.56 320.33 254.28 41.57 0.00
0.00 6949.10
402.80 -25.56 -27.55 -43.17 321.87 260.38 47.67 0.00
0.00 7373.90
378.00 -28.46 -30.16 -46.25 323.74 262.77 54.04 0.00
0.00 7831.80
353.40 -31.56 -32.94 -48.05 325.77 263.16 57.13 0.00
0.00 8310.70
329.00 -35.46 -36.47 -50.03 327.05 265.31 59.44 0.00
0.00 8812.60
305.00 -39.76 -40.45 -52.25 328.08 265.74 62.72 0.00
0.00 9334.90
282.10 -43.96 -44.41 -53.79 329.40 263.20 63.97 -0.10
0.00 9863.30
260.40 -48.26 -48.54 -56.52 330.62 262.09 63.54 -0.10
0.00 10395.30
240.20 -52.36 -52.55 -59.85 332.08 264.96 66.30 -0.10
0.00 10922.00
221.40 -53.66 -53.88 -64.38 337.82 270.94 71.10 -0.10
0.00 11447.20
203.10 -54.86 -55.09 -67.97 344.31 271.27 70.14 -0.10
0.00 12000.00
184.20 -56.26 -56.49 -73.46 351.74 266.15 63.66 0.00
0.00 12622.10
163.00 -58.16 -58.37 -74.28 361.05 266.52 60.72 0.00
0.00 13395.00
139.40 -60.96 -61.13 -75.31 372.64 269.57 51.67 0.10
0.00 14372.80
114.70 -64.96 -9999.00 -9999.00 -9999.00 277.31 36.62 0.00
0.00 15572.80
89.70 -67.86 -9999.00 -9999.00 -9999.00 291.04 27.06 0.00
0.00 17060.50
64.70 -66.66 -9999.00 -9999.00 -9999.00 283.65 13.99 0.00
0.00 19029.50
39.60 -60.76 -9999.00 -9999.00 -9999.00 254.14 17.77 0.00
0.00 22039.20
14.50 -49.26 -9999.00 -9999.00 -9999.00 267.60 32.46 0.00
0.00 28454.40

STID = KSTJ STNM = 724490 TIME = 081020/0400 
SLAT = 39.79 SLON = -94.95 SELV = 284.0
STIM = 28

SHOW = 2.73 LIFT = 3.61 SWET = 240.85 KINX = 22.69
LCLP = 935.63 PWAT = 25.94 TOTL = 46.89 CAPE = 0.00
LCLT = 283.39 CINS = 0.00 EQLV = -9999.00 LFCT = -9999.00
BRCH = 0.00

PRES TMPC TMWC DWPC THTE DRCT SKNT OMEG
CFRL HGHT
981.50 14.14 12.30 10.96 312.77 176.12 11.48 0.00
0.00 303.80
977.00 14.14 12.23 10.84 313.11 180.00 15.54 0.00
0.00 342.60
972.30 14.74 12.34 10.60 313.96 183.43 19.46 0.00
0.00 383.40
967.70 14.74 12.26 10.46 314.29 186.94 22.49 0.00
0.00 423.60
962.90 15.04 12.22 10.19 314.78 190.08 26.63 0.00
0.00 465.70
958.10 15.04 12.12 10.00 315.06 192.07 28.81 0.00
0.00 508.10
953.10 15.64 12.12 9.57 315.68 195.34 33.04 0.00
0.00 552.50
948.10 15.34 11.92 9.43 315.73 197.13 34.97 0.00
0.00 597.10
942.90 15.44 11.76 9.05 315.91 199.01 36.99 0.00
0.00 643.80
937.50 15.14 11.52 8.83 315.90 200.45 38.34 0.10
0.00 692.50
931.90 14.84 11.26 8.58 315.88 202.94 39.86 0.10
0.00 743.30
926.10 14.74 10.99 8.14 315.84 204.49 40.77 0.00
0.00 796.10
920.00 14.24 10.68 7.96 315.77 206.57 41.26 0.00
0.00 852.00
913.60 14.24 10.46 7.55 315.98 209.21 41.39 0.00
0.00 911.00
906.90 13.84 10.18 7.34 316.06 212.80 41.59 0.00
0.00 973.20
899.60 13.84 10.05 7.10 316.64 217.14 41.18 0.00
0.00 1041.30
891.50 13.54 9.84 6.95 317.11 221.91 40.71 0.00
0.00 1117.60
882.00 13.04 9.49 6.69 317.39 226.18 40.11 0.00
0.00 1207.80
871.10 12.64 8.99 6.05 317.45 231.47 38.99 -0.10
0.00 1312.30
858.90 11.94 8.28 5.24 317.15 236.70 39.28 -0.10
0.00 1430.70
845.60 10.74 7.58 4.92 317.10 238.17 39.78 -0.20
0.00 1561.10
831.40 10.24 7.43 5.10 318.65 247.38 37.88 -0.20
0.00 1702.30
816.30 9.64 7.57 5.92 321.17 258.49 33.10 -0.30
0.00 1854.80
800.50 8.34 7.21 6.31 322.48 266.78 31.14 -0.30
0.00 2017.00
784.10 7.14 6.53 6.01 323.01 276.38 27.95 -0.30
0.00 2187.90
767.20 6.34 5.58 4.93 322.98 283.66 21.39 -0.30
0.00 2367.20
749.60 5.84 4.45 3.23 322.65 274.88 15.99 -0.30
0.00 2557.70
731.50 5.54 3.23 1.06 322.24 257.64 14.51 -0.20
0.00 2757.90
712.80 5.24 1.86 -1.64 321.65 249.89 14.69 -0.10
0.00 2969.70
693.70 4.84 0.32 -4.98 320.82 248.48 14.82 -0.10
0.00 3191.50
673.90 4.14 -1.55 -9.48 319.48 255.22 14.47 -0.10
0.00 3427.30
653.50 2.54 -3.98 -15.69 317.16 264.49 16.20 -0.10
0.00 3676.40
632.40 0.84 -5.48 -17.94 317.38 272.14 20.80 -0.10
0.00 3940.70
610.70 -1.36 -6.18 -14.69 319.69 271.88 23.72 -0.10
0.00 4219.90
588.50 -3.86 -7.15 -12.57 321.60 270.00 25.25 -0.10
0.00 4513.60
566.00 -6.66 -8.89 -12.66 322.07 268.32 26.44 -0.10
0.00 4819.70
543.20 -9.76 -10.98 -13.16 322.09 267.91 26.63 -0.10
0.00 5139.10
520.10 -12.76 -13.34 -14.49 321.89 265.03 26.90 -0.10
16.00 5472.70
497.00 -15.76 -16.18 -17.17 321.10 260.89 25.78 -0.10
100.00 5817.40
473.80 -18.46 -19.03 -20.62 320.68 258.54 29.33 -0.10
49.00 6176.10
450.50 -21.16 -22.36 -26.93 319.81 254.27 35.12 -0.10
0.00 6550.30
427.00 -23.36 -25.33 -37.17 319.94 257.02 43.26 -0.10
0.00 6943.90
402.80 -25.66 -27.59 -42.32 321.81 262.42 48.60 -0.10
0.00 7368.70
378.00 -28.86 -30.44 -44.68 323.33 265.07 56.55 0.00
0.00 7826.10
353.40 -31.76 -33.11 -48.05 325.50 265.30 61.60 0.00
0.00 8304.50
329.00 -35.36 -36.41 -50.78 327.15 266.87 64.01 0.00
0.00 8806.30
305.00 -39.86 -40.57 -53.14 327.90 266.39 64.82 -0.10
0.00 9328.50
282.10 -44.06 -44.52 -54.77 329.22 264.34 65.00 -0.10
0.00 9856.70
260.40 -48.46 -48.76 -57.77 330.28 264.67 64.76 -0.10
0.00 10388.40
240.20 -52.06 -52.28 -61.59 332.49 269.68 68.57 -0.10
0.00 10915.20
221.40 -53.16 -53.40 -64.38 338.59 273.03 73.52 -0.10
0.00 11441.30
203.10 -55.16 -55.38 -67.97 343.84 271.81 73.66 -0.10
0.00 11994.40
184.20 -57.06 -57.27 -73.46 350.44 265.71 67.60 0.00
0.00 12614.90
163.00 -58.16 -58.37 -74.28 361.05 266.10 59.96 0.00
0.00 13386.30
139.40 -60.76 -60.93 -75.31 372.99 269.33 50.12 0.10
0.00 14364.70
114.70 -63.76 -9999.00 -9999.00 -9999.00 275.74 34.95 0.00
0.00 15568.60
89.70 -67.46 -9999.00 -9999.00 -9999.00 285.77 26.44 0.00
0.00 17062.10
64.70 -67.16 -9999.00 -9999.00 -9999.00 287.90 13.27 0.00
0.00 19030.60
39.60 -60.86 -9999.00 -9999.00 -9999.00 258.94 17.21 0.00
0.00 22036.00
14.50 -49.06 -9999.00 -9999.00 -9999.00 264.25 31.04 0.00
0.00 28452.60

STID = KSTJ STNM = 724490 TIME = 081020/0500 
SLAT = 39.79 SLON = -94.95 SELV = 284.0
STIM = 29

SHOW = 1.87 LIFT = 3.61 SWET = 234.77 KINX = 23.06
LCLP = 939.30 PWAT = 25.21 TOTL = 48.24 CAPE = 0.00
LCLT = 283.22 CINS = 0.00 EQLV = -9999.00 LFCT = -9999.00
BRCH = 0.00

PRES TMPC TMWC DWPC THTE DRCT SKNT OMEG
CFRL HGHT
981.40 13.64 11.97 10.73 311.87 176.25 11.87 0.00
0.00 302.90
976.80 13.54 11.87 10.62 312.12 178.59 15.73 0.00
0.00 342.50
972.20 14.14 11.98 10.38 312.96 180.57 19.42 0.00
0.00 382.40
967.50 14.14 11.89 10.24 313.30 184.93 22.61 0.00
0.00 423.30
962.80 14.74 11.95 9.91 314.03 188.65 27.12 0.00
0.00 464.50
957.90 14.94 11.90 9.66 314.46 190.87 29.88 0.00
0.00 507.70
953.00 15.34 11.83 9.24 314.87 195.63 33.90 0.00
0.00 551.20
947.90 15.34 11.71 9.01 315.14 198.14 36.19 0.00
0.00 596.70
942.70 15.54 11.58 8.63 315.43 200.11 37.86 0.00
0.00 643.40
937.30 15.54 11.36 8.19 315.45 202.68 39.78 0.00
0.00 692.20
931.80 15.14 11.11 8.04 315.46 205.23 41.01 0.00
0.00 742.10
926.00 15.34 10.94 7.56 315.71 207.87 41.98 0.00
0.00 795.00
919.90 14.94 10.68 7.38 315.76 211.01 42.60 -0.10
0.00 851.10
913.50 15.14 10.60 7.07 316.34 214.41 42.62 -0.10
0.00 910.20
906.70 14.74 10.33 6.88 316.47 218.29 42.33 -0.10
0.00 973.50
899.40 14.64 10.12 6.55 316.81 221.99 41.82 -0.10
0.00 1041.90
891.30 14.34 9.78 6.14 316.93 226.34 41.08 -0.10
0.00 1118.30
881.90 13.84 9.34 5.70 316.97 230.23 40.70 -0.20
0.00 1207.80
871.00 13.14 8.92 5.48 317.27 235.23 40.19 -0.20
0.00 1312.60
858.70 12.14 8.37 5.25 317.42 238.99 40.35 -0.30
0.00 1432.00
845.40 11.34 8.17 5.59 318.70 244.20 39.28 -0.30
0.00 1562.70
831.30 10.64 8.10 6.08 320.48 252.05 35.94 -0.40
0.00 1703.20
816.20 10.04 7.98 6.37 322.31 263.38 30.30 -0.40
0.00 1856.00
800.40 8.94 7.53 6.42 323.36 274.97 26.90 -0.40
0.00 2018.50
784.00 7.44 6.74 6.16 323.61 284.47 24.88 -0.30
0.00 2189.70
767.00 6.24 5.77 5.36 323.53 295.62 21.11 -0.30
0.00 2370.20
749.50 5.34 4.52 3.79 322.84 297.30 13.56 -0.20
0.00 2559.50
731.40 5.14 3.27 1.54 322.38 272.16 10.30 -0.10
0.00 2759.40
712.80 5.14 1.81 -1.64 321.53 254.58 11.69 -0.10
0.00 2969.90
693.60 4.94 -0.02 -6.10 320.00 253.14 13.40 -0.10
0.00 3192.90
673.80 4.14 -2.18 -11.93 317.96 260.41 13.99 -0.10
0.00 3428.70
653.40 2.44 -4.40 -17.64 316.23 268.60 15.93 -0.10
0.00 3677.70
632.40 0.64 -5.93 -20.01 316.37 277.20 18.61 -0.10
0.00 3940.60
610.70 -1.56 -7.00 -18.04 317.88 275.82 21.10 -0.10
0.00 4219.60
588.50 -4.06 -7.73 -14.27 320.35 273.39 22.96 -0.10
0.00 4512.90
566.00 -6.86 -9.17 -13.20 321.49 270.00 25.45 -0.20
0.00 4818.80
543.10 -9.96 -11.21 -13.51 321.64 268.69 25.45 -0.10
0.00 5139.30
520.10 -13.06 -13.80 -15.32 321.01 264.54 26.53 -0.10
0.00 5471.20
497.00 -15.96 -16.60 -18.15 320.34 259.51 26.67 -0.10
0.00 5815.60
473.80 -18.66 -19.58 -22.35 319.71 257.16 31.47 -0.20
0.00 6173.90
450.50 -21.06 -22.89 -31.21 318.89 259.49 38.33 -0.20
0.00 6548.00
427.00 -23.86 -25.79 -38.00 319.19 262.05 44.91 -0.20
0.00 6941.30
402.80 -26.06 -27.83 -40.80 321.44 265.03 49.34 -0.10
0.00 7365.20
378.00 -29.06 -30.65 -45.70 322.98 267.27 57.17 -0.10
0.00 7822.10
353.40 -31.96 -33.33 -49.41 325.15 268.02 61.81 0.00
0.00 8300.10
329.00 -35.66 -36.72 -52.50 326.66 269.31 64.30 0.00
0.00 8801.30
305.00 -39.86 -40.59 -54.13 327.86 269.66 66.04 -0.10
0.00 9323.20
282.10 -44.36 -44.83 -55.87 328.75 269.17 66.82 0.00
0.00 9851.10
260.40 -48.36 -48.66 -57.77 330.43 270.00 67.79 0.00
0.00 10382.50
240.20 -51.66 -51.90 -61.59 333.09 273.49 70.26 0.00
0.00 10909.90
221.40 -53.06 -53.32 -67.35 338.70 275.80 74.98 0.00
0.00 11436.70
203.10 -55.46 -55.67 -67.97 343.37 273.35 76.48 0.00
0.00 11989.40
184.20 -57.86 -58.05 -73.46 349.14 267.83 71.74 0.00
0.00 12608.40
163.00 -58.46 -58.66 -74.28 360.55 267.43 64.94 0.00
0.00 13377.90
139.40 -60.46 -60.64 -75.31 373.51 269.11 49.92 0.10
0.00 14356.20
114.70 -62.86 -9999.00 -9999.00 -9999.00 270.95 35.16 0.00
0.00 15563.50
89.70 -67.06 -9999.00 -9999.00 -9999.00 276.24 25.02 0.00
0.00 17061.70
64.70 -67.26 -9999.00 -9999.00 -9999.00 282.93 12.16 0.00
0.00 19031.70
39.60 -61.16 -9999.00 -9999.00 -9999.00 262.32 17.44 0.00
0.00 22034.20
14.50 -48.96 -9999.00 -9999.00 -9999.00 262.60 30.17 0.00
0.00 28447.90

STID = KSTJ STNM = 724490 TIME = 081020/0600 
SLAT = 39.79 SLON = -94.95 SELV = 284.0
STIM = 30

SHOW = 0.35 LIFT = 3.58 SWET = 260.24 KINX = 23.61
LCLP = 946.74 PWAT = 24.88 TOTL = 50.46 CAPE = 0.00
LCLT = 283.16 CINS = 0.00 EQLV = -9999.00 LFCT = -9999.00
BRCH = 0.00

PRES TMPC TMWC DWPC THTE DRCT SKNT OMEG
CFRL HGHT
981.50 12.94 11.59 10.55 310.81 177.09 11.48 0.00
0.00 303.70
976.90 12.84 11.49 10.46 311.09 178.53 15.15 0.00
0.00 343.20
972.30 13.84 11.73 10.15 312.27 181.74 19.23 0.00
0.00 383.00
967.60 13.74 11.61 10.02 312.51 186.51 22.28 0.00
0.00 423.90
962.90 14.14 11.62 9.74 313.09 189.67 26.59 0.00
0.00 465.00
958.00 14.94 11.73 9.34 313.97 193.50 29.97 -0.10
0.00 508.20
953.10 14.74 11.52 9.11 314.00 196.73 33.06 -0.10
0.00 551.60
948.00 15.84 11.61 8.42 314.84 201.02 36.83 -0.10
0.00 597.10
942.80 15.34 11.35 8.32 314.76 203.31 38.29 -0.10
0.00 643.80
937.40 15.94 11.31 7.76 315.29 205.69 39.88 -0.10
0.00 692.60
931.90 15.64 11.08 7.57 315.35 209.78 41.84 -0.10
0.00 742.60
926.10 16.04 11.02 7.13 315.90 212.89 42.56 -0.10
0.00 795.60
920.00 15.74 10.75 6.84 315.91 216.92 43.01 -0.10
0.00 851.70
913.60 15.74 10.57 6.48 316.21 220.37 42.58 -0.20
0.00 911.00
906.80 15.44 10.25 6.10 316.20 224.25 42.04 -0.20
0.00 974.40
899.50 15.34 10.08 5.85 316.66 227.85 41.39 -0.20
0.00 1042.90
891.40 14.84 9.81 5.75 316.97 232.20 40.56 -0.30
0.00 1119.60
882.00 14.34 9.59 5.77 317.61 236.70 39.98 -0.30
0.00 1209.20
871.10 13.64 9.42 6.09 318.64 241.55 39.55 -0.40
0.00 1314.10
858.80 12.74 9.21 6.47 319.74 244.95 39.45 -0.40
0.00 1433.80
845.50 11.94 9.01 6.77 321.04 251.38 37.10 -0.50
0.00 1564.80
831.40 11.24 8.76 6.88 322.33 260.15 32.93 -0.40
0.00 1705.60
816.30 10.34 8.34 6.82 323.32 270.40 27.97 -0.40
0.00 1858.70
800.50 9.14 7.74 6.65 323.94 282.13 24.05 -0.40
0.00 2021.30
784.10 7.54 6.89 6.35 324.01 288.43 22.11 -0.30
0.00 2192.60
767.10 6.04 5.88 5.71 323.80 297.87 19.11 -0.30
0.00 2373.10
749.60 5.04 4.66 4.31 323.21 304.70 12.28 -0.20
0.00 2562.10
731.50 4.84 3.30 1.88 322.44 277.94 8.43 -0.10
0.00 2761.90
712.80 5.04 1.57 -2.10 320.93 258.69 10.90 -0.10
0.00 2973.40
693.60 5.04 -0.57 -8.01 318.65 260.13 13.60 -0.10
0.00 3196.20
673.90 4.14 -2.61 -13.80 316.94 266.28 15.00 -0.10
0.00 3430.80
653.50 2.34 -4.42 -17.47 316.17 273.45 16.16 -0.10
0.00 3679.80
632.40 0.34 -5.99 -19.28 316.28 280.81 17.60 -0.10
0.00 3943.70
610.70 -1.76 -7.43 -19.78 316.97 280.20 19.74 -0.10
0.00 4222.40
588.50 -4.36 -8.45 -16.47 318.85 279.29 21.66 -0.10
0.00 4515.40
566.00 -7.26 -9.66 -14.03 320.49 274.09 24.53 -0.10
0.00 4820.80
543.20 -10.36 -11.72 -14.32 320.62 272.73 24.49 -0.20
0.00 5139.40
520.10 -13.36 -14.20 -15.99 320.26 264.77 25.54 -0.20
0.00 5472.30
497.00 -16.16 -16.93 -18.87 319.73 259.25 27.08 -0.20
0.00 5816.30
473.80 -18.36 -20.18 -26.74 318.64 259.58 34.36 -0.20
0.00 6174.60
450.50 -21.26 -23.20 -32.62 318.36 265.79 39.74 -0.20
0.00 6548.70
427.00 -23.76 -25.65 -37.17 319.43 266.32 45.36 -0.10
0.00 6941.90
402.80 -25.86 -27.75 -42.32 321.55 270.45 49.73 0.00
0.00 7366.10
378.00 -29.06 -30.73 -48.11 322.83 271.97 56.37 0.00
0.00 7823.20
353.40 -32.06 -33.46 -50.99 324.94 273.63 61.31 0.00
0.00 8301.00
329.00 -35.96 -36.98 -52.50 326.24 274.22 63.31 0.00
0.00 8801.90
305.00 -39.96 -40.68 -54.13 327.72 274.10 65.25 0.00
0.00 9323.30
282.10 -44.86 -45.29 -55.87 328.03 273.68 66.57 0.00
0.00 9850.50
260.40 -48.16 -48.47 -57.77 330.72 273.88 68.92 0.00
0.00 10381.60
240.20 -51.66 -51.90 -61.59 333.09 275.25 72.18 0.00
0.00 10909.20
221.40 -53.26 -53.49 -64.38 338.43 276.91 77.49 -0.10
0.00 11435.70
203.10 -56.16 -56.35 -67.97 342.26 273.27 78.42 -0.10
0.00 11987.40
184.20 -58.26 -58.44 -73.46 348.49 269.41 75.17 0.00
0.00 12604.80
163.00 -58.96 -59.15 -74.28 359.71 269.02 68.40 0.00
0.00 13372.60
139.40 -59.96 -9999.00 -9999.00 -9999.00 269.11 49.92 0.00
0.00 14350.90
114.70 -62.26 -9999.00 -9999.00 -9999.00 266.21 35.24 0.00
0.00 15561.40
89.70 -66.46 -9999.00 -9999.00 -9999.00 268.63 24.28 0.00
0.00 17063.90
64.70 -66.66 -9999.00 -9999.00 -9999.00 277.99 11.19 0.00
0.00 19039.60
39.60 -61.36 -9999.00 -9999.00 -9999.00 272.66 16.72 0.00
0.00 22045.00
14.50 -49.26 -9999.00 -9999.00 -9999.00 260.60 30.91 0.00
0.00 28451.30

STID = KSTJ STNM = 724490 TIME = 081020/0700 
SLAT = 39.79 SLON = -94.95 SELV = 284.0
STIM = 31

SHOW = -0.36 LIFT = 3.62 SWET = 233.91 KINX = 23.31
LCLP = 954.88 PWAT = 24.86 TOTL = 51.53 CAPE = 0.00
LCLT = 283.13 CINS = 0.00 EQLV = -9999.00 LFCT = -9999.00
BRCH = 0.00

PRES TMPC TMWC DWPC THTE DRCT SKNT OMEG
CFRL HGHT
981.80 12.24 11.21 10.40 309.77 182.12 10.49 0.00
0.00 303.60
977.20 12.04 11.09 10.33 309.97 183.22 13.81 -0.10
0.00 343.10
972.60 13.44 11.45 9.94 311.48 184.92 18.12 0.00
0.00 382.70
967.90 13.34 11.34 9.82 311.74 190.07 21.11 -0.10
0.00 423.60
963.20 13.24 11.23 9.69 311.98 193.06 24.92 -0.10
0.00 464.60
958.30 14.84 11.51 8.99 313.32 197.47 29.12 -0.10
0.00 507.60
953.40 14.64 11.35 8.86 313.49 201.16 32.28 -0.10
0.00 551.00
948.30 15.74 11.45 8.18 314.35 204.29 34.95 -0.10
0.00 596.50
943.10 15.54 11.25 7.96 314.44 208.28 37.72 -0.20
0.00 643.20
937.70 15.94 11.22 7.58 315.01 210.91 38.95 -0.20
0.00 692.00
932.20 16.14 11.04 7.05 315.17 215.79 41.18 -0.10
0.00 742.00
926.30 16.14 10.87 6.72 315.44 219.29 41.41 -0.20
0.00 795.90
920.20 16.24 10.68 6.23 315.64 223.68 41.63 -0.20
0.00 852.10
913.80 16.04 10.47 5.99 315.88 227.29 41.24 -0.30
0.00 911.50
907.10 15.84 10.30 5.84 316.28 231.00 40.73 -0.30
0.00 974.00
899.80 15.44 10.12 5.84 316.72 234.56 40.54 -0.30
0.00 1042.50
891.70 15.14 10.08 6.08 317.70 238.85 40.17 -0.40
0.00 1119.20
882.20 14.44 9.85 6.25 318.34 242.32 40.15 -0.50
0.00 1209.80
871.30 13.84 9.78 6.66 319.63 247.88 39.22 -0.50
0.00 1314.80
859.10 13.14 9.63 6.98 320.89 253.44 37.49 -0.50
0.00 1433.60
845.70 12.34 9.38 7.16 322.05 260.27 34.50 -0.50
0.00 1565.80
831.60 11.54 9.03 7.15 323.06 268.52 30.13 -0.50
0.00 1706.70
816.50 10.44 8.48 7.01 323.70 277.45 25.47 -0.50
0.00 1859.90
800.70 9.04 7.76 6.77 323.98 286.30 21.45 -0.40
0.00 2022.40
784.30 7.44 6.92 6.49 324.08 289.69 19.60 -0.30
10.00 2193.70
767.30 5.94 5.91 5.83 323.84 295.10 16.94 -0.20
10.00 2374.00
749.80 4.74 4.67 4.56 323.18 300.41 10.35 -0.10
10.00 2562.90
731.60 4.44 3.31 2.27 322.45 268.45 7.19 0.00
10.00 2763.50
713.00 5.04 1.31 -2.76 320.24 257.91 11.13 0.00
0.00 2973.70
693.80 5.04 -0.98 -9.44 317.63 265.30 14.22 -0.10
0.00 3196.40
674.00 4.04 -2.66 -13.80 316.81 272.12 15.75 -0.10
0.00 3432.10
653.60 2.14 -4.33 -16.33 316.40 278.90 16.32 -0.10
0.00 3680.90
632.50 0.04 -5.74 -16.87 316.88 283.88 17.02 -0.10
0.00 3944.60
610.80 -2.16 -7.24 -17.43 317.42 283.45 18.38 -0.10
0.00 4222.90
588.60 -4.76 -8.42 -15.32 318.93 282.76 21.11 -0.10
0.00 4515.50
566.10 -7.66 -9.99 -14.35 319.80 277.66 23.33 -0.10
0.00 4820.40
543.20 -10.86 -12.16 -14.74 319.76 276.29 23.06 0.00
0.00 5139.80
520.20 -13.56 -14.68 -17.23 319.33 264.56 24.59 0.00
0.00 5470.70
497.10 -16.26 -17.77 -22.14 318.20 261.53 27.70 0.00
0.00 5814.40
473.80 -18.46 -20.51 -28.55 318.04 268.03 33.82 0.00
0.00 6174.00
450.50 -20.96 -23.10 -34.02 318.49 268.86 39.04 0.00
0.00 6548.30
427.00 -23.06 -25.25 -39.55 320.04 271.55 43.14 0.00
0.00 6942.20
402.80 -25.56 -27.63 -45.12 321.72 275.87 47.46 0.00
0.00 7367.20
378.00 -28.86 -30.56 -48.11 323.10 276.61 53.96 0.00
0.00 7824.70
353.40 -32.36 -33.69 -50.16 324.57 276.91 58.12 0.00
0.00 8302.50
329.00 -36.06 -37.05 -51.60 326.15 276.48 60.22 0.00
0.00 8802.90
305.00 -40.16 -40.84 -53.14 327.48 276.22 62.72 0.00
0.00 9324.10
282.10 -44.86 -45.27 -54.77 328.07 275.42 65.75 0.00
0.00 9851.00
260.40 -48.06 -48.38 -57.77 330.87 275.57 72.03 0.00
0.00 10382.20
240.20 -51.56 -51.80 -61.59 333.24 276.39 76.83 0.00
0.00 10910.10
221.40 -53.96 -54.17 -64.38 337.36 277.61 82.11 -0.10
0.00 11435.90
203.10 -57.06 -57.20 -65.02 340.89 274.45 82.61 0.00
0.00 11985.50
184.20 -58.76 -58.90 -68.67 347.73 270.56 79.25 0.00
0.00 12600.90
163.00 -59.26 -59.44 -74.28 359.21 271.26 70.73 0.00
0.00 13367.30
139.40 -59.86 -9999.00 -9999.00 -9999.00 271.28 52.27 0.00
0.00 14345.20
114.70 -62.26 -9999.00 -9999.00 -9999.00 267.20 35.78 0.00
0.00 15555.90
89.70 -66.06 -9999.00 -9999.00 -9999.00 268.66 24.86 0.00
0.00 17059.90
64.70 -66.16 -9999.00 -9999.00 -9999.00 267.09 11.48 0.00
0.00 19039.90
39.60 -61.26 -9999.00 -9999.00 -9999.00 279.34 15.56 0.00
0.00 22049.60
14.50 -49.46 -9999.00 -9999.00 -9999.00 258.55 32.30 0.00
0.00 28454.40

STID = KSTJ STNM = 724490 TIME = 081020/0800 
SLAT = 39.79 SLON = -94.95 SELV = 284.0
STIM = 32

SHOW = -0.59 LIFT = 3.77 SWET = 235.41 KINX = 22.05
LCLP = 956.32 PWAT = 24.94 TOTL = 51.81 CAPE = 0.00
LCLT = 283.03 CINS = 0.00 EQLV = -9999.00 LFCT = -9999.00
BRCH = 0.00

PRES TMPC TMWC DWPC THTE DRCT SKNT OMEG
CFRL HGHT
982.10 12.04 11.06 10.28 309.34 189.64 10.45 0.00
0.00 303.60
977.60 11.84 10.93 10.19 309.50 191.31 12.88 0.00
0.00 342.10
972.90 13.04 11.22 9.82 310.83 192.38 16.32 0.00
0.00 382.60
968.30 13.04 11.15 9.69 311.17 197.19 19.72 -0.10
0.00 422.50
963.50 12.84 10.99 9.56 311.31 199.62 23.72 -0.10
0.00 464.30
958.70 14.44 11.27 8.84 312.62 203.84 27.39 -0.10
0.00 506.40
953.70 14.34 11.13 8.67 312.85 207.36 31.27 -0.20
0.00 550.60
948.60 15.44 11.27 8.06 313.82 209.95 33.86 -0.20
0.00 596.10
943.50 15.54 11.13 7.71 314.05 214.37 36.48 -0.20
0.00 641.80
938.10 15.64 10.97 7.31 314.26 218.03 38.46 -0.20
0.00 690.50
932.50 16.14 10.94 6.84 314.86 222.42 39.74 -0.30
0.00 741.40
926.70 16.14 10.73 6.40 314.97 226.76 40.27 -0.30
0.00 794.40
920.50 16.14 10.58 6.10 315.33 230.83 40.60 -0.30
0.00 851.50
914.10 15.94 10.45 6.04 315.80 234.56 40.54 -0.30
0.00 910.80
907.40 15.74 10.32 5.98 316.31 238.37 40.38 -0.40
0.00 973.30
900.10 15.24 10.16 6.11 316.81 241.35 40.50 -0.50
0.00 1041.80
892.00 14.94 10.10 6.28 317.71 245.17 40.25 -0.50
0.00 1118.30
882.50 14.34 10.00 6.64 318.72 249.61 39.59 -0.60
0.00 1208.90
871.60 13.74 9.93 7.03 320.00 255.32 37.55 -0.60
0.00 1313.80
859.30 13.04 9.77 7.32 321.25 261.64 34.75 -0.60
0.00 1433.60
846.00 12.24 9.50 7.47 322.36 268.55 30.71 -0.50
0.00 1564.70
831.90 11.34 9.11 7.46 323.27 276.01 25.97 -0.40
0.00 1705.50
816.80 10.14 8.51 7.28 323.73 282.53 21.48 -0.40
0.00 1858.50
800.90 8.84 7.82 7.03 324.12 288.02 16.96 -0.20
0.00 2021.90
784.50 7.24 6.96 6.71 324.16 287.99 15.73 -0.10
10.00 2193.00
767.50 5.94 5.87 5.76 323.70 287.57 12.22 0.10
51.00 2373.20
750.00 5.04 4.58 4.16 322.93 273.01 7.40 0.20
10.00 2562.20
731.80 4.94 2.99 1.14 321.59 247.11 9.48 0.10
10.00 2762.90
713.20 5.74 0.81 -5.04 318.94 259.48 13.83 0.00
0.00 2973.40
694.00 5.24 -1.01 -9.96 317.50 273.33 16.72 0.00
0.00 3196.40
674.20 3.84 -2.46 -12.43 317.28 280.81 17.60 -0.10
0.00 3432.00
653.70 1.94 -3.91 -13.80 317.36 283.88 17.81 -0.10
0.00 3681.80
632.70 -0.36 -5.38 -14.14 317.69 285.52 18.14 -0.10
0.00 3944.00
611.00 -2.56 -6.89 -14.75 318.19 283.89 18.61 -0.10
0.00 4221.90
588.70 -5.26 -8.39 -14.04 319.01 283.03 21.54 -0.10
0.00 4515.30
566.20 -8.16 -10.24 -14.13 319.31 278.34 22.77 0.00
0.00 4819.60
543.30 -11.26 -12.39 -14.63 319.32 277.37 22.73 0.00
0.00 5138.40
520.30 -13.86 -15.23 -18.54 318.30 265.31 23.78 0.00
0.00 5468.70
497.10 -16.26 -18.16 -24.22 317.48 267.49 26.63 0.10
0.00 5813.60
473.90 -18.46 -20.80 -30.84 317.51 270.99 33.61 0.10
0.00 6171.70
450.50 -20.46 -22.88 -35.86 318.85 271.78 37.51 0.10
0.00 6547.80
427.10 -22.76 -25.12 -41.36 320.22 275.74 38.85 0.10
0.00 6940.60
402.80 -25.06 -27.23 -45.12 322.37 276.85 45.59 0.10
0.00 7368.10
378.00 -28.96 -30.63 -47.45 323.00 277.23 52.47 0.00
0.00 7825.90
353.40 -32.36 -33.67 -49.41 324.61 277.08 55.21 0.00
0.00 8303.60
329.00 -36.26 -37.21 -50.78 325.91 276.51 58.26 0.00
0.00 8803.80
305.00 -40.36 -41.00 -52.25 327.24 276.70 61.62 0.00
0.00 9324.60
282.10 -44.36 -44.80 -54.77 328.79 277.05 69.68 0.00
0.00 9851.90
260.40 -48.16 -48.47 -57.77 330.72 277.00 79.66 0.00
0.00 10383.50
240.20 -51.76 -51.97 -59.85 332.99 276.84 81.58 0.00
0.00 10911.00
221.40 -54.76 -54.92 -62.21 336.17 276.76 84.11 0.00
0.00 11435.60
203.10 -57.56 -57.68 -65.02 340.10 275.11 85.02 0.00
0.00 11983.60
184.20 -59.36 -59.49 -68.67 346.76 272.03 82.42 0.00
0.00 12597.40
163.00 -59.66 -59.83 -74.28 358.53 272.58 73.31 0.00
0.00 13362.10
139.40 -59.66 -9999.00 -9999.00 -9999.00 276.03 55.48 0.00
0.00 14339.50
114.70 -62.46 -9999.00 -9999.00 -9999.00 272.02 38.48 0.00
0.00 15550.20
89.70 -65.96 -9999.00 -9999.00 -9999.00 273.47 25.68 0.00
0.00 17053.80
64.70 -66.16 -9999.00 -9999.00 -9999.00 262.78 13.91 0.00
0.00 19034.30
39.60 -60.86 -9999.00 -9999.00 -9999.00 277.54 13.33 0.00
0.00 22046.90
14.50 -49.46 -9999.00 -9999.00 -9999.00 259.10 31.86 0.00
0.00 28457.60

STID = KSTJ STNM = 724490 TIME = 081020/0900 
SLAT = 39.79 SLON = -94.95 SELV = 284.0
STIM = 33

SHOW = -0.63 LIFT = 4.13 SWET = 224.90 KINX = 22.15
LCLP = 957.07 PWAT = 24.83 TOTL = 51.58 CAPE = 0.00
LCLT = 282.93 CINS = 0.00 EQLV = -9999.00 LFCT = -9999.00
BRCH = 0.00

PRES TMPC TMWC DWPC THTE DRCT SKNT OMEG
CFRL HGHT
981.70 11.84 10.91 10.16 308.98 202.44 9.67 0.00
0.00 302.80
977.10 11.64 10.78 10.07 309.16 202.69 11.58 0.00
0.00 342.10
972.50 12.64 10.99 9.70 310.25 204.57 14.96 0.00
0.00 381.70
967.80 12.64 10.91 9.55 310.58 207.65 18.41 -0.10
0.00 422.40
963.00 12.44 10.76 9.44 310.75 209.49 22.09 -0.10
0.00 464.20
958.20 14.04 11.05 8.74 312.09 212.71 25.16 -0.10
0.00 506.30
953.20 13.84 10.88 8.58 312.23 216.03 29.06 -0.20
0.00 550.40
948.20 14.94 11.02 7.97 313.19 218.77 31.64 -0.20
0.00 594.90
943.00 14.74 10.83 7.77 313.31 222.71 34.36 -0.30
0.00 641.50
937.60 15.44 10.80 7.13 313.86 226.95 36.42 -0.30
0.00 690.10
932.00 15.34 10.60 6.81 313.99 231.66 37.90 -0.30
0.00 740.90
926.20 15.64 10.56 6.48 314.58 235.75 38.31 -0.40
0.00 793.90
920.10 15.44 10.39 6.34 314.91 240.08 38.56 -0.40
0.00 849.90
913.70 15.34 10.34 6.35 315.58 243.69 38.58 -0.40
0.00 909.10
907.00 14.94 10.18 6.39 316.00 247.82 38.60 -0.50
0.00 971.50
899.70 14.64 10.19 6.71 316.99 250.92 38.03 -0.50
0.00 1039.90
891.60 14.24 10.19 7.07 318.05 255.82 36.46 -0.50
0.00 1116.30
882.10 13.74 10.17 7.48 319.29 260.59 34.46 -0.50
0.00 1206.80
871.20 13.14 10.11 7.87 320.61 266.78 31.14 -0.40
0.00 1311.50
859.00 12.44 9.93 8.09 321.78 274.11 27.08 -0.40
0.00 1430.10
845.60 11.64 9.61 8.12 322.74 281.69 23.02 -0.20
0.00 1562.00
831.50 10.84 9.18 7.96 323.53 288.25 18.61 -0.10
0.00 1702.70
816.40 9.84 8.59 7.64 324.01 290.65 14.32 0.10
0.00 1855.50
800.60 8.64 7.88 7.28 324.33 283.78 10.61 0.20
0.00 2017.80
784.20 7.14 6.83 6.54 323.82 277.28 9.21 0.30
0.00 2188.90
767.20 6.24 5.51 4.87 322.78 257.20 8.76 0.30
0.00 2369.20
749.70 6.24 4.05 2.05 321.57 244.86 10.51 0.20
0.00 2558.70
731.60 6.54 2.30 -2.20 319.81 255.96 15.21 0.10
0.00 2759.30
712.90 6.54 0.69 -6.63 318.62 278.30 18.84 0.00
0.00 2971.80
693.70 5.14 -0.73 -8.75 318.23 289.13 20.14 0.00
0.00 3195.20
674.00 3.34 -2.16 -10.19 318.07 293.13 20.28 0.00
0.00 3429.50
653.50 1.34 -3.65 -11.37 318.07 289.47 20.40 0.00
0.00 3678.90
632.50 -0.86 -5.36 -12.88 317.82 286.60 21.08 0.00
0.00 3940.70
610.80 -3.16 -7.02 -13.87 317.98 282.88 20.92 0.00
0.00 4218.10
588.60 -5.76 -8.64 -13.87 318.52 283.07 22.34 0.00
0.00 4509.70
566.00 -8.66 -10.66 -14.52 318.51 278.75 23.00 0.00
0.00 4814.90
543.20 -11.66 -12.84 -15.29 318.47 274.44 22.59 0.10
0.00 5131.80
520.20 -13.96 -15.78 -20.62 317.30 265.24 23.39 0.10
0.00 5461.90
497.00 -16.06 -18.51 -27.35 316.85 270.00 27.97 0.10
0.00 5806.80
473.80 -17.96 -20.61 -32.68 317.81 273.33 33.47 0.10
0.00 6165.40
450.50 -19.96 -22.63 -37.77 319.23 274.76 35.08 0.10
0.00 6540.70
427.00 -22.46 -24.92 -42.19 320.55 275.59 37.86 0.10
0.00 6935.90
402.80 -24.86 -27.05 -44.60 322.67 278.95 46.21 0.10
0.00 7362.00
378.00 -28.86 -30.50 -46.25 323.21 278.76 52.27 0.10
0.00 7820.20
353.40 -32.26 -33.54 -48.05 324.82 277.50 55.05 0.00
0.00 8298.10
329.00 -36.26 -37.16 -49.33 325.99 277.10 59.71 0.00
0.00 8798.40
305.00 -40.06 -40.73 -52.25 327.66 278.18 65.54 0.10
0.00 9319.40
282.10 -44.06 -44.52 -54.77 329.22 280.02 75.95 0.10
0.00 9847.40
260.40 -48.06 -48.35 -56.52 330.91 278.49 82.89 0.00
0.00 10379.50
240.20 -52.16 -52.33 -58.41 332.43 276.24 82.26 0.00
0.00 10906.70
221.40 -55.36 -55.47 -60.49 335.29 276.45 88.17 0.00
0.00 11430.10
203.10 -58.06 -58.17 -65.02 339.31 275.26 86.81 0.00
0.00 11976.70
184.20 -59.66 -59.78 -68.67 346.27 273.73 83.51 0.00
0.00 12589.40
163.00 -60.36 -60.51 -74.28 357.36 274.38 76.36 0.00
0.00 13352.20
139.40 -59.86 -9999.00 -9999.00 -9999.00 278.76 57.38 0.00
0.00 14327.60
114.70 -62.56 -9999.00 -9999.00 -9999.00 273.53 41.06 0.00
0.00 15537.50
89.70 -65.46 -9999.00 -9999.00 -9999.00 276.81 26.22 0.00
0.00 17042.50
64.70 -66.26 -9999.00 -9999.00 -9999.00 266.59 16.34 0.00
0.00 19024.90
39.60 -60.56 -9999.00 -9999.00 -9999.00 263.35 11.73 0.00
0.00 22038.90
14.50 -49.56 -9999.00 -9999.00 -9999.00 259.23 32.23 0.00
0.00 28452.60

STID = KSTJ STNM = 724490 TIME = 081020/1000 
SLAT = 39.79 SLON = -94.95 SELV = 284.0
STIM = 34

SHOW = -0.54 LIFT = 4.51 SWET = 203.97 KINX = 21.20
LCLP = 965.09 PWAT = 24.10 TOTL = 51.08 CAPE = 0.00
LCLT = 282.79 CINS = 0.00 EQLV = -9999.00 LFCT = -9999.00
BRCH = 0.00

PRES TMPC TMWC DWPC THTE DRCT SKNT OMEG
CFRL HGHT
981.90 11.04 10.43 9.90 307.70 214.08 7.96 0.00
0.00 303.60
977.30 11.04 10.40 9.85 308.15 215.66 10.99 0.00
0.00 342.80
972.70 12.14 10.73 9.60 309.53 217.94 14.53 -0.10
0.00 382.30
968.00 12.44 10.75 9.42 310.15 221.07 18.03 -0.10
0.00 423.00
963.30 12.34 10.65 9.31 310.42 223.15 21.31 -0.10
0.00 463.80
958.40 13.54 10.85 8.76 311.54 226.33 23.64 -0.20
0.00 506.70
953.50 13.44 10.71 8.58 311.75 229.44 26.59 -0.20
0.00 549.90
948.40 14.34 10.82 8.06 312.62 231.71 28.21 -0.30
0.00 595.20
943.20 14.14 10.58 7.77 312.62 236.41 31.25 -0.30
0.00 641.60
937.80 14.54 10.55 7.39 313.19 240.34 32.19 -0.40
0.00 690.20
932.30 14.54 10.46 7.22 313.61 245.08 33.20 -0.40
0.00 739.90
926.40 14.54 10.46 7.24 314.34 249.96 32.87 -0.40
0.00 793.60
920.30 14.34 10.42 7.35 315.00 255.22 32.75 -0.40
0.00 849.40
913.90 14.14 10.48 7.66 315.98 259.79 31.78 -0.50
0.00 908.40
907.20 13.84 10.50 7.97 316.92 265.27 30.59 -0.40
0.00 970.50
899.90 13.44 10.50 8.30 317.87 270.00 29.14 -0.40
0.00 1038.70
891.80 13.14 10.53 8.61 319.04 276.25 26.77 -0.40
0.00 1114.80
882.30 12.74 10.47 8.82 320.15 283.59 23.99 -0.30
0.00 1204.90
871.40 12.34 10.34 8.89 321.25 292.20 20.55 -0.20
0.00 1309.40
859.20 11.94 10.13 8.82 322.33 300.07 17.06 0.00
0.00 1427.70
845.80 11.34 9.77 8.63 323.19 306.87 13.60 0.10
0.00 1559.40
831.70 10.64 9.27 8.27 323.77 305.17 10.45 0.10
0.00 1700.00
816.60 9.74 8.61 7.75 324.04 289.75 8.04 0.20
0.00 1852.70
800.80 8.74 7.74 6.96 323.91 262.69 7.63 0.20
0.00 2015.00
784.40 7.94 6.54 5.41 323.02 247.11 9.48 0.20
0.00 2186.20
767.40 7.64 5.18 3.03 321.86 246.12 12.96 0.10
0.00 2367.10
749.80 7.84 3.71 -0.34 320.63 257.91 16.69 0.00
0.00 2558.60
731.70 7.74 2.18 -4.10 319.41 278.37 20.03 0.00
0.00 2760.10
713.00 6.44 0.56 -6.87 318.31 297.49 21.46 0.00
0.00 2972.90
693.80 4.74 -1.35 -10.26 316.76 301.14 21.79 0.00
0.00 3196.00
674.10 2.84 -2.88 -11.93 316.42 298.81 22.16 0.00
0.00 3429.80
653.60 0.84 -4.42 -13.33 316.35 290.27 22.98 0.00
0.00 3678.80
632.60 -1.26 -6.08 -14.95 316.24 285.30 23.56 0.10
0.00 3940.00
610.90 -3.66 -7.58 -14.93 316.81 283.24 23.74 0.10
0.00 4216.90
588.70 -6.36 -9.39 -15.32 317.00 281.86 23.62 0.10
0.00 4507.80
566.10 -9.16 -11.52 -16.54 316.82 278.00 23.74 0.10
0.00 4812.20
543.30 -11.76 -13.87 -19.03 316.49 267.16 23.52 0.10
0.00 5128.60
520.20 -13.86 -16.34 -23.92 316.25 265.53 24.94 0.10
0.00 5460.00
497.10 -15.66 -18.46 -29.21 316.89 274.17 29.41 0.10
0.00 5803.70
473.80 -17.46 -20.39 -34.39 318.16 277.34 31.92 0.10
0.00 6164.40
450.50 -19.86 -22.63 -39.03 319.21 275.68 33.37 0.10
0.00 6540.20
427.00 -22.36 -24.84 -42.19 320.68 277.05 37.98 0.10
0.00 6935.50
402.80 -24.76 -26.92 -43.62 322.87 281.54 46.60 0.10
0.00 7361.80
378.00 -28.96 -30.54 -45.18 323.15 278.68 51.48 0.10
0.00 7819.90
353.40 -31.96 -33.24 -46.85 325.31 277.44 57.01 0.10
0.00 8298.00
329.00 -35.96 -36.87 -48.68 326.44 277.26 63.05 0.10
0.00 8799.00
305.00 -39.86 -40.50 -50.69 328.02 279.73 68.98 0.00
0.00 9320.60
282.10 -44.06 -44.45 -52.10 329.34 279.51 74.05 0.00
0.00 9848.80
260.40 -48.16 -48.40 -54.46 330.85 275.46 75.52 0.00
0.00 10380.80
240.20 -51.86 -52.02 -57.18 332.92 275.81 80.63 0.00
0.00 10908.20
221.40 -55.86 -55.96 -60.49 334.52 275.34 85.64 0.00
7.00 11431.40
203.10 -58.56 -58.66 -65.02 338.52 275.48 85.47 0.00
0.00 11976.70
184.20 -59.96 -60.07 -68.67 345.78 274.77 81.68 0.00
0.00 12588.30
163.00 -60.76 -60.90 -74.28 356.69 276.96 76.90 0.00
0.00 13349.90
139.40 -59.96 -9999.00 -9999.00 -9999.00 278.73 57.58 0.00
0.00 14324.10
114.70 -62.56 -9999.00 -9999.00 -9999.00 272.50 40.05 0.00
0.00 15533.70
89.70 -64.76 -9999.00 -9999.00 -9999.00 275.34 27.12 0.00
0.00 17041.20
64.70 -66.06 -9999.00 -9999.00 -9999.00 273.58 18.69 0.00
0.00 19027.90
39.60 -60.26 -9999.00 -9999.00 -9999.00 256.93 11.17 0.00
0.00 22045.50
14.50 -49.96 -9999.00 -9999.00 -9999.00 257.55 32.42 0.00
0.00 28457.70

STID = KSTJ STNM = 724490 TIME = 081020/1100 
SLAT = 39.79 SLON = -94.95 SELV = 284.0
STIM = 35

SHOW = -0.15 LIFT = 4.87 SWET = 179.90 KINX = 18.56
LCLP = 969.37 PWAT = 23.69 TOTL = 50.26 CAPE = 0.00
LCLT = 282.51 CINS = 0.00 EQLV = -9999.00 LFCT = -9999.00
BRCH = 0.00

PRES TMPC TMWC DWPC THTE DRCT SKNT OMEG
CFRL HGHT
982.40 10.44 9.98 9.56 306.50 229.76 6.62 0.00
0.00 303.50
977.80 10.64 10.10 9.62 307.32 232.50 10.53 0.00
0.00 342.70
973.20 11.54 10.46 9.57 308.77 235.15 13.25 -0.10
0.00 382.10
968.50 12.24 10.67 9.42 309.87 238.82 17.25 -0.10
0.00 422.70
963.80 12.24 10.62 9.33 310.28 241.66 19.64 -0.20
0.00 463.50
958.90 12.94 10.74 9.02 311.18 244.83 21.46 -0.20
0.00 506.30
953.90 13.04 10.65 8.77 311.52 248.90 23.74 -0.30
0.00 550.30
948.90 13.44 10.69 8.55 312.25 252.00 24.51 -0.30
0.00 594.60
943.70 13.44 10.64 8.47 312.75 257.42 25.87 -0.30
0.00 640.90
938.30 13.64 10.75 8.53 313.70 263.42 25.43 -0.30
0.00 689.20

932.70 13.44 10.71 8.62 314.27 270.00 25.06 -0.30
0.00 739.70
926.90 13.34 10.78 8.85 315.20 276.55 23.85 -0.30
0.00 792.30
920.80 13.14 10.77 9.00 315.95 283.21 22.94 -0.30
0.00 847.90
914.40 12.94 10.78 9.18 316.80 289.90 21.70 -0.20
0.00 906.60
907.60 12.74 10.73 9.25 317.54 297.78 20.42 -0.20
0.00 969.40
900.30 12.54 10.68 9.32 318.36 305.47 19.08 -0.10
0.00 1037.30
892.20 12.54 10.67 9.31 319.39 315.00 17.85 0.00
0.00 1113.20
882.70 12.54 10.65 9.29 320.61 325.56 16.49 0.00
0.00 1203.20
871.80 12.44 10.54 9.18 321.78 332.74 14.41 0.10
0.00 1307.60
859.50 12.14 10.27 8.93 322.70 335.10 11.99 0.10
0.00 1426.90
846.20 11.44 9.82 8.65 323.28 329.83 9.65 0.10
0.00 1557.70
832.10 10.64 9.24 8.21 323.62 310.91 7.71 0.10
0.00 1698.10
816.90 9.84 8.53 7.54 323.78 280.18 7.69 0.00
0.00 1851.80
801.10 9.04 7.59 6.45 323.42 257.83 10.14 -0.10
0.00 2014.10
784.70 8.54 6.36 4.55 322.44 251.83 13.09 -0.20
0.00 2185.60
767.70 8.44 5.07 2.03 321.49 259.46 17.00 -0.30
0.00 2366.80
750.10 8.24 3.77 -0.66 320.70 274.36 20.45 -0.30
0.00 2558.50
732.00 7.44 2.26 -3.46 319.60 292.46 21.85 -0.20
0.00 2760.00
713.30 6.04 -0.21 -8.85 316.41 300.62 22.13 -0.20
0.00 2972.40
694.10 4.34 -2.28 -13.25 314.59 300.79 22.38 -0.10
0.00 3195.10
674.30 2.44 -3.63 -14.24 314.71 297.65 23.02 -0.10
0.00 3429.60
653.80 0.34 -4.99 -14.61 315.08 290.77 24.11 0.00
0.00 3678.00
632.80 -1.76 -6.47 -15.40 315.41 285.38 24.18 0.00
0.00 3938.70
611.00 -4.16 -8.13 -16.02 315.67 284.37 24.26 0.10
0.00 4216.20
588.80 -6.76 -10.16 -17.57 315.43 281.40 23.58 0.10
0.00 4506.50
566.20 -9.36 -12.30 -19.40 315.29 275.48 24.40 0.10
0.00 4810.50
543.40 -11.56 -14.33 -21.94 315.59 268.67 25.06 0.10
0.00 5126.80
520.30 -13.46 -16.41 -26.21 316.06 272.88 27.04 0.10
0.00 5458.40
497.10 -15.16 -18.35 -31.60 317.02 281.31 29.72 0.10
0.00 5804.20
473.90 -17.36 -20.43 -35.87 318.05 280.18 30.79 0.00
0.00 6163.70
450.50 -19.96 -22.72 -39.37 319.05 275.35 33.35 0.00
0.00 6541.00
427.10 -22.46 -24.88 -41.36 320.60 277.59 38.21 0.10
0.00 6934.40
402.80 -24.86 -26.98 -43.17 322.78 282.50 45.77 0.10
0.00 7362.30
378.00 -28.86 -30.39 -43.76 323.40 278.43 51.65 0.00
0.00 7820.40
353.40 -31.76 -33.00 -45.30 325.69 277.51 58.00 0.00
0.00 8298.80
329.00 -35.76 -36.58 -45.95 326.91 276.13 63.69 0.00
0.00 8800.20
305.00 -40.16 -40.68 -48.17 327.75 275.40 64.01 0.00
0.00 9321.70
282.10 -44.26 -44.59 -50.67 329.13 275.18 66.71 0.00
0.00 9849.40
260.40 -47.96 -48.19 -53.58 331.18 275.18 75.29 0.00
0.00 10381.40
240.20 -52.06 -52.21 -57.18 332.62 274.85 78.17 0.00
0.00 10908.80
221.40 -55.96 -56.06 -60.49 334.36 274.91 84.03 0.00
4.00 11431.60
203.10 -58.56 -58.64 -62.87 338.56 275.59 83.74 0.00
0.00 11976.80
184.20 -59.96 -60.07 -68.67 345.78 276.14 79.91 0.00
0.00 12588.40
163.00 -60.36 -60.51 -74.28 357.36 279.68 75.08 0.00
0.00 13350.70
139.40 -60.26 -60.44 -75.31 373.86 278.89 57.81 0.00
0.00 14325.10
114.70 -62.86 -9999.00 -9999.00 -9999.00 270.00 41.18 0.00
0.00 15533.00
89.70 -64.56 -9999.00 -9999.00 -9999.00 278.18 30.03 0.00
0.00 17040.20
64.70 -66.26 -9999.00 -9999.00 -9999.00 278.95 21.23 0.00
0.00 19026.90
39.60 -60.16 -9999.00 -9999.00 -9999.00 248.96 10.82 0.00
0.00 22043.80
14.50 -50.26 -9999.00 -9999.00 -9999.00 256.76 33.92 0.00
0.00 28453.00

STID = KSTJ STNM = 724490 TIME = 081020/1200 
SLAT = 39.79 SLON = -94.95 SELV = 284.0
STIM = 36

SHOW = 0.11 LIFT = 4.67 SWET = 172.07 KINX = 20.91
LCLP = 971.38 PWAT = 24.23 TOTL = 49.83 CAPE = 0.00
LCLT = 282.22 CINS = 0.00 EQLV = -9999.00 LFCT = -9999.00
BRCH = 0.00

PRES TMPC TMWC DWPC THTE DRCT SKNT OMEG
CFRL HGHT
983.10 10.04 9.63 9.25 305.55 243.43 5.65 0.00
0.00 303.50
978.60 10.44 9.94 9.48 306.81 249.44 9.97 -0.10
0.00 341.70
973.90 11.14 10.29 9.58 308.26 256.87 11.97 -0.10
0.00 381.90
969.30 11.74 10.55 9.59 309.46 260.29 14.98 -0.20
0.00 421.50
964.50 12.04 10.66 9.57 310.32 267.37 16.92 -0.20
0.00 463.10
959.60 12.34 10.78 9.57 311.23 273.14 17.70 -0.20
0.00 505.90
954.70 12.44 10.86 9.63 312.00 280.95 18.40 -0.20
0.00 548.90
949.60 12.54 10.94 9.72 312.85 288.63 18.24 -0.20
0.00 593.90
944.40 12.44 10.95 9.82 313.52 297.65 18.41 -0.10
0.00 640.00
939.00 12.44 11.00 9.92 314.32 307.23 18.30 -0.10
0.00 688.20
933.40 12.44 11.02 9.96 315.07 315.87 18.12 -0.10
0.00 738.40
927.60 12.44 11.00 9.92 315.73 324.39 17.68 -0.10
0.00 790.80
921.40 12.54 10.98 9.82 316.46 332.00 17.39 -0.10
0.00 847.10
915.00 12.74 11.01 9.74 317.37 338.68 17.09 0.00
0.00 905.70
908.30 13.04 11.08 9.66 318.43 345.65 17.25 0.00
0.00 967.60
901.00 13.34 11.19 9.65 319.70 351.69 17.46 0.00
0.00 1035.60
892.80 13.54 11.24 9.62 320.96 355.55 17.54 0.00
0.00 1112.70
883.40 13.54 11.17 9.52 322.04 357.31 16.53 0.00
0.00 1201.90
872.40 13.14 10.83 9.21 322.56 354.60 14.43 0.00
0.00 1307.50
860.10 12.34 10.31 8.86 322.74 348.34 12.49 0.00
0.00 1427.00
846.80 11.34 9.73 8.55 322.92 339.57 10.57 -0.10
0.00 1557.60
832.60 10.34 9.11 8.20 323.18 320.19 9.11 -0.10
0.00 1698.90
817.50 9.44 8.41 7.62 323.35 293.96 9.56 -0.20
0.00 1851.30
801.60 8.74 7.49 6.50 323.08 275.53 12.10 -0.20
0.00 2014.30
785.20 8.24 6.32 4.73 322.27 270.75 14.76 -0.30
0.00 2185.50
768.20 8.14 5.25 2.72 321.93 275.59 17.95 -0.30
0.00 2366.50
750.60 7.54 4.02 0.69 321.32 288.78 20.51 -0.20
0.00 2557.70
732.40 6.54 2.04 -2.90 319.02 297.26 21.64 -0.20
0.00 2759.60
713.70 5.34 -0.05 -7.06 316.81 297.95 21.54 -0.10
0.00 2971.40
694.50 3.94 -1.93 -10.86 315.38 295.87 21.37 -0.10
0.00 3193.50
674.60 2.04 -3.50 -12.70 315.00 292.93 21.93 0.00
0.00 3428.90
654.20 -0.06 -4.93 -13.37 315.19 288.43 22.73 0.00
0.00 3675.60
633.00 -2.36 -6.58 -14.32 315.21 282.06 23.23 0.10
0.00 3938.10
611.30 -4.66 -8.68 -17.13 314.53 281.13 24.15 0.10
0.00 4213.70
589.00 -6.86 -10.59 -19.34 314.55 278.00 23.74 0.10
0.00 4504.90
566.40 -9.06 -12.66 -22.44 314.53 276.24 25.02 0.10
0.00 4808.80
543.50 -11.16 -14.71 -26.11 314.81 275.54 26.15 0.00
0.00 5126.80
520.40 -12.96 -16.63 -31.12 315.57 282.53 28.65 0.00
0.00 5458.80
497.30 -15.06 -18.55 -34.87 316.59 286.81 30.23 0.00
0.00 5803.40
474.00 -17.66 -20.73 -36.97 317.52 280.40 31.20 0.00
0.00 6164.10
450.60 -20.16 -22.84 -38.70 318.85 275.40 35.12 0.00
0.00 6541.00
427.10 -22.26 -24.66 -40.24 320.97 279.24 41.12 0.00
0.00 6936.00
402.80 -25.16 -27.17 -41.92 322.50 281.73 46.81 0.00
0.00 7363.80
378.00 -29.06 -30.50 -42.51 323.25 279.29 52.95 -0.10
0.00 7821.50
353.40 -32.06 -33.13 -42.76 325.51 278.08 58.08 -0.10
0.00 8299.50
329.00 -36.06 -36.69 -43.06 326.76 276.08 60.57 -0.10
0.00 8800.20
305.00 -40.46 -40.83 -45.73 327.52 272.51 62.02 -0.10
0.00 9321.10
282.10 -44.36 -44.63 -49.42 329.06 274.24 68.38 -0.10
0.00 9848.30
260.40 -48.06 -48.26 -52.78 331.07 275.18 75.29 -0.10
0.00 10380.10
240.20 -52.26 -52.40 -57.18 332.32 275.55 78.26 0.00
2.00 10907.10
221.40 -55.86 -55.96 -60.49 334.52 275.23 83.10 0.00
0.00 11429.80
203.10 -58.36 -58.47 -65.02 338.84 275.89 81.43 0.00
0.00 11975.40
184.20 -59.76 -59.88 -68.67 346.11 276.72 78.05 0.10
0.00 12587.50
163.00 -59.96 -60.12 -74.28 358.03 281.40 70.75 0.00
0.00 13350.90
139.40 -60.46 -9999.00 -9999.00 -9999.00 280.66 56.72 0.00
0.00 14325.80
114.70 -62.96 -9999.00 -9999.00 -9999.00 275.12 43.49 -0.10
0.00 15532.80
89.70 -64.66 -9999.00 -9999.00 -9999.00 281.77 33.33 0.00
0.00 17039.30
64.70 -66.76 -9999.00 -9999.00 -9999.00 284.64 22.28 0.00
0.00 19023.10
39.60 -59.86 -9999.00 -9999.00 -9999.00 244.75 11.38 0.00
0.00 22038.60
14.50 -50.46 -9999.00 -9999.00 -9999.00 256.35 34.58 0.00
0.00 28449.30

STID = KSTJ STNM = 724490 TIME = 081020/1300 
SLAT = 39.79 SLON = -94.95 SELV = 284.0
STIM = 37

SHOW = 0.14 LIFT = 4.16 SWET = 178.03 KINX = 20.83
LCLP = 975.96 PWAT = 24.04 TOTL = 49.85 CAPE = 0.00
LCLT = 282.15 CINS = 0.00 EQLV = -9999.00 LFCT = -9999.00
BRCH = 0.00

PRES TMPC TMWC DWPC THTE DRCT SKNT OMEG
CFRL HGHT
983.70 9.64 9.39 9.12 304.87 276.58 5.09 0.00
0.00 303.40
979.10 10.34 9.89 9.47 306.63 280.41 9.67 0.00
0.00 342.40
974.50 10.94 10.34 9.82 308.31 294.90 11.99 -0.10
0.00 381.70
969.80 11.44 10.73 10.14 309.88 305.45 14.06 0.00
0.00 422.20
965.00 11.54 10.89 10.35 310.86 315.99 15.93 0.00
0.00 463.70
960.20 11.64 10.99 10.47 311.72 325.06 17.31 -0.10
0.00 505.50
955.20 11.84 11.18 10.66 312.84 333.43 19.11 -0.10
0.00 549.20
950.10 11.84 11.20 10.69 313.50 340.02 20.45 -0.10
0.00 594.10
944.90 11.94 11.25 10.71 314.28 346.09 21.81 -0.10
0.00 640.20
939.50 11.94 11.23 10.68 314.89 352.15 22.75 -0.10
0.00 688.20
933.90 12.04 11.23 10.61 315.59 357.11 23.15 -0.10
0.00 738.40
928.10 12.14 11.19 10.48 316.22 0.97 22.92 -0.10
0.00 790.70
921.90 12.34 11.17 10.31 316.95 4.05 22.01 -0.10
0.00 847.00
915.50 12.64 11.20 10.15 317.84 6.86 21.13 -0.10
0.00 905.50
908.80 13.14 11.32 10.02 319.06 9.28 20.47 -0.10
0.00 967.30
901.40 13.54 11.43 9.94 320.35 10.55 20.16 -0.10
0.00 1036.30
893.30 13.74 11.45 9.86 321.51 9.74 19.50 -0.10
0.00 1112.40
883.80 13.64 11.31 9.70 322.40 6.14 18.16 -0.10
0.00 1202.70
872.90 13.04 10.92 9.43 322.73 360.00 16.32 -0.20
0.00 1307.30
860.60 12.04 10.27 9.01 322.57 355.24 14.02 -0.10
0.00 1426.50
847.20 10.84 9.53 8.56 322.30 350.10 12.43 -0.10
0.00 1557.90
833.00 9.74 8.84 8.15 322.34 338.20 10.47 -0.10
0.00 1698.90
817.90 8.64 8.16 7.76 322.58 314.22 10.02 -0.10
0.00 1850.80
802.00 8.04 7.29 6.68 322.48 294.90 11.99 -0.10
0.00 2013.30
785.50 7.74 6.17 4.86 321.83 289.86 14.88 -0.10
0.00 2185.10
768.50 7.74 5.08 2.73 321.43 296.00 17.72 -0.10
0.00 2365.70
750.90 7.24 3.28 -0.71 319.38 302.13 19.72 -0.10
0.00 2556.70
732.70 6.24 1.48 -4.02 317.61 302.35 20.69 -0.10
0.00 2758.20
714.00 4.94 -0.38 -7.47 316.00 298.74 20.61 -0.10
0.00 2969.60
694.70 3.54 -2.18 -11.02 314.80 292.99 20.88 -0.10
0.00 3192.50
674.90 1.64 -3.64 -12.36 314.68 288.91 22.18 -0.10
0.00 3426.20
654.40 -0.46 -5.05 -12.91 314.95 282.63 23.10 -0.10
0.00 3673.70
633.30 -2.66 -7.02 -15.45 314.26 277.01 23.87 0.00
0.00 3934.50
611.50 -4.66 -9.43 -21.27 312.94 276.91 25.84 0.00
0.00 4211.10
589.20 -6.76 -11.31 -24.21 313.06 274.21 26.50 0.00
0.00 4502.10
566.60 -8.76 -13.24 -28.45 313.30 277.73 27.45 0.00
0.00 4806.10
543.70 -10.56 -14.93 -32.30 314.25 282.45 28.85 0.00
0.00 5124.40
520.50 -12.76 -16.73 -34.15 315.31 288.20 30.48 0.00
0.00 5458.30
497.30 -15.36 -18.79 -35.12 316.19 286.67 31.84 0.00
0.00 5804.10
474.00 -18.06 -20.99 -36.41 317.09 280.18 32.96 0.00
0.00 6164.40
450.60 -20.26 -22.86 -37.77 318.83 277.34 38.00 0.00
0.00 6540.90
427.10 -22.16 -24.55 -39.55 321.17 281.06 44.54 0.00
0.00 6936.00
402.80 -25.36 -27.24 -40.45 322.39 281.13 49.30 0.00
0.00 7363.70
378.00 -29.36 -30.62 -40.40 323.07 280.16 55.05 0.00
0.00 7820.90
353.40 -32.56 -33.38 -40.13 325.13 276.98 57.54 -0.10
0.00 8298.10
329.00 -36.76 -37.17 -41.10 326.02 275.14 58.51 -0.10
0.00 8797.60
305.00 -40.46 -40.79 -44.90 327.60 273.97 64.45 -0.10
0.00 9317.70
282.10 -44.56 -44.80 -48.86 328.81 274.18 69.33 -0.10
6.00 9844.70
260.40 -48.26 -48.45 -52.78 330.78 274.31 75.00 0.00
8.00 10376.00
240.20 -52.56 -52.69 -57.18 331.86 275.28 78.03 0.00
5.00 10902.50
221.40 -55.66 -55.77 -60.49 334.83 275.87 81.62 0.10
0.00 11425.10
203.10 -57.76 -57.88 -65.02 339.78 276.43 79.76 0.10
0.00 11971.70
184.20 -59.36 -59.49 -68.67 346.76 277.50 77.39 0.10
0.00 12585.20
163.00 -59.46 -59.63 -74.28 358.87 282.09 66.74 0.00
0.00 13350.20
139.40 -60.06 -9999.00 -9999.00 -9999.00 283.34 53.90 0.00
0.00 14327.10
114.70 -62.86 -9999.00 -9999.00 -9999.00 281.94 45.07 0.00
0.00 15535.60
89.70 -65.26 -9999.00 -9999.00 -9999.00 277.59 35.28 0.00
0.00 17040.30
64.70 -66.96 -9999.00 -9999.00 -9999.00 287.80 22.24 0.00
0.00 19020.30
39.60 -59.86 -9999.00 -9999.00 -9999.00 245.94 11.91 0.00
0.00 22034.30
14.50 -50.56 -9999.00 -9999.00 -9999.00 256.12 34.01 0.00
0.00 28443.60

STID = KSTJ STNM = 724490 TIME = 081020/1400 
SLAT = 39.79 SLON = -94.95 SELV = 284.0
STIM = 38

SHOW = -0.01 LIFT = 3.98 SWET = 188.75 KINX = 19.59
LCLP = 958.09 PWAT = 23.36 TOTL = 50.15 CAPE = 0.00
LCLT = 283.28 CINS = 0.00 EQLV = -9999.00 LFCT = -9999.00
BRCH = 0.00

PRES TMPC TMWC DWPC THTE DRCT SKNT OMEG
CFRL HGHT
984.50 12.34 11.33 10.54 309.78 331.78 9.03 0.00
0.00 303.60
979.90 11.84 11.06 10.43 309.59 332.05 10.78 0.00
0.00 342.90
975.30 11.44 10.85 10.36 309.57 337.04 12.45 0.00
0.00 382.30
970.60 11.14 10.70 10.32 309.72 339.70 15.11 0.00
0.00 422.70
965.80 11.34 10.90 10.52 310.80 345.26 19.08 0.00
0.00 464.20
960.90 11.04 10.77 10.52 311.05 350.87 22.03 0.00
0.00 506.80
955.90 12.04 11.34 10.78 313.17 356.13 25.89 -0.10
0.00 550.40
950.90 11.74 11.18 10.72 313.34 359.18 27.19 -0.10
0.00 594.40
945.70 12.04 11.29 10.71 314.29 3.48 28.81 -0.10
0.00 640.40
940.20 11.74 11.12 10.62 314.49 6.38 29.70 -0.10
0.00 689.30
934.60 11.64 11.03 10.55 314.95 10.51 29.84 -0.10
0.00 739.40
928.80 11.54 10.93 10.44 315.38 13.76 29.39 -0.10
0.00 791.60
922.70 11.44 10.83 10.34 315.87 16.93 28.01 -0.10
0.00 846.70
916.20 11.64 10.86 10.27 316.81 19.25 25.93 -0.20
0.00 906.00
909.50 12.04 10.98 10.19 317.99 20.77 24.11 -0.20
0.00 967.50
902.10 12.64 11.13 10.04 319.39 20.61 22.63 -0.20
0.00 1036.10
894.00 13.04 11.18 9.87 320.63 17.60 21.19 -0.20
0.00 1112.00
884.50 13.04 11.06 9.66 321.55 12.22 19.27 -0.20
0.00 1202.00
873.50 12.34 10.64 9.42 321.83 5.02 17.75 -0.20
0.00 1307.20
861.20 11.44 10.11 9.14 322.00 360.00 15.54 -0.20
0.00 1426.20
847.80 10.44 9.48 8.75 322.06 355.79 13.25 -0.10
0.00 1557.20
833.60 9.24 8.68 8.22 321.79 348.11 11.31 0.00
0.00 1697.90
818.40 8.04 7.82 7.60 321.55 329.04 10.20 0.00
0.00 1850.40
802.50 7.44 6.95 6.52 321.46 311.71 11.97 0.00
0.00 2012.50
786.10 7.44 5.79 4.38 320.73 308.66 14.92 0.00
0.00 2182.80
769.00 7.74 4.27 0.97 319.24 310.95 17.48 0.00
0.00 2364.20
751.40 7.44 2.54 -2.88 317.40 309.73 19.44 0.00
0.00 2555.00
733.10 6.14 0.81 -5.87 315.92 305.35 20.47 0.00
0.00 2757.50
714.40 4.74 -1.10 -9.65 314.26 299.42 20.96 0.00
0.00 2968.60
695.10 3.14 -2.72 -12.33 313.56 293.81 21.66 0.00
0.00 3191.00
675.30 1.24 -4.17 -13.65 313.48 290.32 22.38 0.00
0.00 3424.20
654.70 -0.96 -5.88 -15.25 313.14 282.74 22.90 0.10
0.00 3672.40
633.60 -2.96 -8.11 -20.27 311.93 277.66 23.33 0.10
0.00 3932.60
611.80 -4.56 -9.97 -25.77 311.77 278.07 24.92 0.10
0.00 4208.90
589.40 -6.36 -11.50 -28.19 312.57 281.06 26.32 0.10
0.00 4501.30
566.80 -8.26 -12.99 -29.30 313.69 287.67 27.53 0.10
0.00 4805.60
543.80 -10.46 -14.62 -29.56 314.83 291.66 29.47 0.00
0.00 5125.60
520.70 -12.96 -16.57 -30.56 315.62 289.22 31.27 0.00
0.00 5457.90
497.50 -15.66 -18.82 -32.79 316.13 283.95 33.02 0.00
0.00 5803.40
474.10 -18.26 -21.04 -35.10 317.00 279.36 34.65 0.00
0.00 6164.80
450.70 -19.96 -22.59 -37.18 319.26 281.47 41.03 0.10
0.00 6541.20
427.10 -22.36 -24.62 -38.29 321.06 283.16 46.08 0.10
0.00 6938.00
402.80 -25.36 -27.10 -38.29 322.64 281.96 50.64 0.00
0.00 7365.60
378.00 -29.66 -30.68 -37.85 323.00 279.26 55.50 0.00
0.00 7822.60
353.40 -32.96 -33.57 -38.26 324.84 276.59 59.25 0.00
0.00 8299.10
329.00 -37.06 -37.46 -41.41 325.56 277.21 63.44 0.00
0.00 8797.90
305.00 -40.86 -41.18 -45.30 327.00 275.15 69.23 0.00
0.00 9317.20
282.10 -44.66 -44.89 -48.86 328.67 275.61 73.58 0.00
0.00 9843.60
260.40 -48.76 -48.92 -52.78 330.04 275.26 76.28 0.00
0.00 10374.20
240.20 -52.56 -52.69 -57.18 331.86 276.52 80.36 0.00
0.00 10900.10
221.40 -55.16 -55.28 -60.49 335.60 276.62 82.52 0.00
0.00 11423.30
203.10 -57.16 -57.29 -65.02 340.73 277.32 79.31 0.00
0.00 11971.30
184.20 -58.86 -59.00 -68.67 347.57 279.37 77.56 0.00
0.00 12586.40
163.00 -59.06 -59.24 -74.28 359.54 283.33 64.88 0.00
0.00 13353.00
139.40 -59.96 -9999.00 -9999.00 -9999.00 285.98 51.52 0.00
0.00 14331.10
114.70 -62.76 -9999.00 -9999.00 -9999.00 287.98 45.94 0.00
0.00 15540.10
89.70 -65.96 -9999.00 -9999.00 -9999.00 277.99 34.91 0.00
0.00 17042.60
64.70 -66.56 -9999.00 -9999.00 -9999.00 290.07 21.50 0.00
0.00 19021.20
39.60 -59.76 -9999.00 -9999.00 -9999.00 245.04 12.43 0.00
0.00 22038.80
14.50 -50.06 -9999.00 -9999.00 -9999.00 254.92 33.61 0.00
0.00 28456.90

STID = KSTJ STNM = 724490 TIME = 081020/1500 
SLAT = 39.79 SLON = -94.95 SELV = 284.0
STIM = 39

SHOW = 0.43 LIFT = 4.41 SWET = 176.44 KINX = 18.72
LCLP = 935.61 PWAT = 23.01 TOTL = 49.52 CAPE = 0.00
LCLT = 283.63 CINS = 0.00 EQLV = -9999.00 LFCT = -9999.00
BRCH = 0.00

PRES TMPC TMWC DWPC THTE DRCT SKNT OMEG
CFRL HGHT
985.70 14.74 12.72 11.27 313.43 353.48 13.69 0.00
0.00 303.70
981.10 14.14 12.38 11.10 313.03 354.43 16.01 0.00
0.00 343.30
976.40 13.64 12.10 10.97 312.82 354.81 17.17 0.00
0.00 383.90
971.80 13.24 11.88 10.87 312.76 355.65 17.93 0.00
0.00 423.70
967.00 12.74 11.61 10.76 312.60 355.83 18.71 0.00
0.00 465.40
962.10 12.34 11.39 10.66 312.58 356.60 19.66 -0.10
0.00 508.10
957.10 11.84 11.12 10.55 312.44 357.78 20.03 -0.10
0.00 551.80
952.00 11.44 10.89 10.43 312.42 359.49 21.76 -0.10
0.00 596.60
946.80 11.04 10.61 10.24 312.30 2.82 23.72 -0.10
0.00 642.40
941.30 10.64 10.36 10.10 312.30 6.81 26.22 -0.10
0.00 691.10
935.70 10.74 10.17 9.69 312.46 11.31 28.73 -0.10
0.00 740.90
929.90 10.34 9.93 9.56 312.52 13.68 30.38 -0.10
0.00 792.80
923.70 10.44 9.90 9.44 313.21 18.89 31.20 -0.10
0.00 848.60
917.30 10.54 10.01 9.57 314.32 24.04 29.56 -0.10
0.00 906.60
910.50 10.94 10.29 9.77 315.94 26.57 26.92 -0.20
0.00 968.70
903.10 11.34 10.48 9.83 317.44 26.36 24.49 -0.20
0.00 1037.00
895.00 11.84 10.63 9.73 318.90 24.36 22.61 -0.20
0.00 1112.40
885.50 12.04 10.56 9.48 319.97 17.74 20.40 -0.20
0.00 1202.00
874.50 11.74 10.26 9.17 320.59 12.01 18.67 -0.20
0.00 1306.80
862.10 10.94 9.79 8.93 320.96 7.55 16.26 -0.20
0.00 1426.30
848.70 9.94 9.22 8.66 321.21 2.45 13.62 -0.10
0.00 1557.00
834.50 8.84 8.53 8.25 321.24 352.87 10.96 -0.10
0.00 1697.20
819.30 7.74 7.63 7.49 320.90 335.92 10.00 0.00
0.00 1849.40
803.30 7.14 6.63 6.18 320.48 323.13 11.65 0.00
0.00 2012.20
786.80 7.04 5.18 3.52 319.02 321.46 14.65 0.00
0.00 2183.10
769.70 7.84 3.85 -0.14 318.04 318.75 16.80 0.00
0.00 2364.20
752.10 7.14 2.22 -3.36 316.53 312.91 18.82 0.00
0.00 2554.70
733.80 5.84 0.38 -6.74 314.82 305.54 20.05 0.00
0.00 2756.80
715.00 4.54 -1.30 -10.03 313.72 299.61 21.23 0.00
0.00 2968.60
695.70 2.84 -2.99 -12.80 312.89 296.57 21.72 0.10
0.00 3190.70
675.80 0.94 -4.75 -15.57 312.17 292.66 21.68 0.10
0.00 3424.60
655.20 -1.06 -6.55 -18.43 311.64 287.47 21.99 0.10
0.00 3672.30
634.00 -2.76 -8.17 -21.47 311.72 287.03 22.55 0.10
0.00 3933.60
612.20 -4.36 -9.55 -23.43 312.53 290.06 23.78 0.10
0.00 4209.90
589.80 -6.16 -10.95 -24.45 313.60 294.59 25.21 0.10
0.00 4502.40
567.10 -8.36 -12.69 -25.91 314.26 294.75 27.37 0.10
0.00 4808.00
544.10 -10.56 -14.50 -27.78 315.03 291.40 30.89 0.10
0.00 5127.70
520.90 -13.16 -16.66 -30.02 315.44 286.57 32.01 0.10
0.00 5461.10
497.60 -15.66 -18.78 -32.37 316.18 280.42 34.36 0.00
0.00 5807.80
474.20 -17.86 -20.72 -34.85 317.51 280.66 36.77 0.00
0.00 6169.40
450.80 -19.76 -22.38 -36.37 319.60 284.55 41.74 0.10
0.00 6546.30
427.10 -22.46 -24.58 -36.64 321.15 283.10 46.27 0.00
0.00 6944.80
402.80 -25.46 -27.00 -36.02 322.84 281.73 51.57 0.00
0.00 7372.20
378.00 -29.66 -30.46 -35.58 323.36 278.24 56.92 0.00
0.00 7829.10
353.40 -33.16 -33.70 -37.78 324.64 277.58 63.29 0.00
0.00 8305.40
329.00 -37.06 -37.48 -41.72 325.53 278.08 67.70 0.00
0.00 8804.00
305.00 -41.06 -41.38 -45.73 326.68 276.84 73.37 0.00
0.00 9323.10
282.10 -44.86 -45.10 -49.42 328.34 276.52 77.04 0.00
0.00 9849.10
260.40 -49.16 -49.33 -53.58 329.41 276.51 80.56 0.00
0.00 10379.00
240.20 -52.56 -52.69 -57.18 331.86 277.11 84.77 0.00
0.00 10904.40
221.40 -54.96 -55.11 -62.21 335.86 276.94 83.57 0.00
0.00 11427.80
203.10 -56.76 -56.91 -65.02 341.36 277.75 79.20 0.00
0.00 11976.50
184.20 -58.36 -58.51 -68.67 348.38 281.22 76.85 0.00
0.00 12592.90
163.00 -58.76 -58.95 -74.28 360.04 285.35 63.85 0.00
0.00 13361.00
139.40 -60.16 -60.35 -75.31 374.04 287.87 50.00 0.00
0.00 14339.30
114.70 -62.76 -9999.00 -9999.00 -9999.00 289.98 45.47 0.00
0.00 15547.80
89.70 -66.26 -9999.00 -9999.00 -9999.00 277.33 33.49 0.00
0.00 17049.20
64.70 -66.16 -9999.00 -9999.00 -9999.00 292.91 20.45 0.00
0.00 19028.20
39.60 -59.96 -9999.00 -9999.00 -9999.00 245.88 14.26 0.00
0.00 22047.30
14.50 -49.66 -9999.00 -9999.00 -9999.00 255.15 33.35 0.00
0.00 28468.30

STID = KSTJ STNM = 724490 TIME = 081020/1600 
SLAT = 39.79 SLON = -94.95 SELV = 284.0
STIM = 40

SHOW = 1.38 LIFT = 4.88 SWET = 164.59 KINX = 18.63
LCLP = 914.89 PWAT = 23.39 TOTL = 48.11 CAPE = 0.40
LCLT = 282.95 CINS = -1.18 EQLV = 914.34 LFCT = 918.05
BRCH = 0.01

PRES TMPC TMWC DWPC THTE DRCT SKNT OMEG
CFRL HGHT
986.30 15.94 13.01 10.93 314.16 0.73 15.15 0.00
0.00 303.80
981.70 15.24 12.61 10.71 313.58 1.27 17.48 0.00
0.00 343.50
977.00 14.74 12.32 10.57 313.36 1.81 18.45 0.00
0.00 384.20
972.30 14.34 12.10 10.46 313.30 2.34 19.06 0.00
0.00 425.00
967.50 13.84 11.84 10.37 313.17 2.83 19.64 0.00
0.00 466.80
962.60 13.44 11.62 10.27 313.15 2.78 20.03 0.00
0.00 509.70
957.60 12.94 11.37 10.18 313.04 3.30 20.24 -0.10
0.00 553.50
952.50 12.44 11.10 10.08 312.94 3.27 20.44 -0.10
0.00 598.40
947.30 12.04 10.88 9.98 312.96 3.74 20.82 -0.10
0.00 644.40
941.90 11.54 10.61 9.88 312.90 4.24 21.04 -0.10
0.00 692.30
936.30 11.04 10.34 9.77 312.85 4.20 21.23 -0.10
0.00 742.20
930.40 10.54 10.07 9.66 312.84 5.19 21.46 -0.10
0.00 795.00
924.20 9.94 9.74 9.54 312.74 5.10 21.83 -0.10
0.00 850.70
917.80 9.44 9.39 9.29 312.58 7.92 22.55 -0.10
52.00 908.50
911.00 9.34 9.20 9.03 312.92 13.82 24.40 -0.10
6.00 970.30
903.60 10.34 9.66 9.10 315.09 26.57 26.07 -0.20
0.00 1038.20
895.50 10.74 9.85 9.16 316.67 26.97 24.42 -0.20
0.00 1113.40
886.00 10.94 9.89 9.08 318.01 23.46 22.46 -0.20
0.00 1202.50
874.90 10.74 9.65 8.82 318.83 17.42 20.77 -0.20
0.00 1307.80
862.60 10.14 9.21 8.48 319.25 12.26 18.28 -0.20
0.00 1425.90
849.20 9.34 8.74 8.25 319.79 8.13 15.11 -0.20
0.00 1556.20
834.90 8.34 8.17 7.99 320.19 358.09 11.65 -0.10
0.00 1697.00
819.70 7.44 7.39 7.30 320.20 340.20 10.31 -0.10
68.00 1848.90
803.70 6.64 6.43 6.21 319.89 330.85 11.56 -0.10
2.00 2011.30
787.20 6.44 5.01 3.73 318.54 329.97 14.36 0.00
0.00 2181.90
770.10 7.14 4.07 1.12 318.57 327.85 16.06 0.00
0.00 2362.50
752.40 6.34 2.45 -1.73 317.10 316.79 17.60 0.00
0.00 2553.60
734.10 5.34 0.60 -5.28 315.33 307.57 19.11 0.00
0.00 2755.10
715.30 4.04 -1.15 -8.50 314.08 302.18 20.44 0.00
0.00 2966.50
696.00 2.44 -3.08 -12.26 312.67 297.03 21.37 0.10
0.00 3188.10
676.10 0.74 -4.81 -15.35 311.99 294.02 21.48 0.10
0.00 3421.70
655.50 -1.06 -6.39 -17.52 311.94 293.13 21.76 0.10
0.00 3669.20
634.20 -2.66 -7.71 -18.99 312.64 294.57 22.44 0.10
0.00 3931.80
612.40 -4.46 -9.16 -20.38 313.33 296.14 23.37 0.10
0.00 4208.00
590.00 -6.46 -10.84 -22.29 313.84 295.96 24.84 0.10
0.00 4500.20
567.30 -8.56 -12.64 -24.52 314.36 294.21 27.47 0.10
0.00 4805.40
544.20 -10.66 -14.48 -27.05 315.06 290.85 30.56 0.10
0.00 5126.30
521.00 -13.16 -16.64 -29.85 315.46 285.13 31.99 0.10
0.00 5459.60
497.70 -15.46 -18.62 -32.17 316.44 283.42 35.14 0.00
0.00 5806.40
474.30 -17.46 -20.35 -33.93 318.13 284.68 37.55 0.00
0.00 6168.30
450.80 -19.86 -22.34 -34.89 319.68 285.19 42.27 0.00
0.00 6547.00
427.10 -22.66 -24.58 -34.77 321.17 283.58 47.16 0.00
0.00 6945.30
402.80 -25.66 -26.95 -33.96 322.93 281.52 52.53 -0.10
0.00 7372.30
378.00 -29.86 -30.44 -33.87 323.41 278.08 58.08 -0.10
0.00 7828.90
353.40 -33.36 -33.76 -36.67 324.55 277.49 64.06 -0.10
44.00 8304.90
329.00 -37.16 -37.48 -40.53 325.54 276.84 66.90 -0.10
99.00 8803.20
305.00 -41.06 -41.33 -44.90 326.75 276.99 71.81 0.00
63.00 9322.20
282.10 -45.06 -45.29 -49.42 328.06 273.70 75.33 0.00
6.00 9847.90
260.40 -49.36 -49.52 -53.58 329.12 275.19 81.53 0.00
0.00 10377.30
240.20 -52.76 -52.91 -58.41 331.52 276.61 86.03 0.00
0.00 10902.20
221.40 -54.86 -55.01 -62.21 336.02 277.17 83.99 0.00
0.00 11425.50
203.10 -56.66 -56.81 -65.02 341.52 277.68 79.97 0.00
0.00 11974.50
184.20 -58.06 -58.22 -68.67 348.87 281.88 76.42 0.00
0.00 12591.50
163.00 -58.56 -58.76 -74.28 360.38 286.38 63.36 0.00
0.00 13360.40
139.40 -60.46 -60.64 -75.31 373.51 288.07 48.83 0.00
0.00 14338.50
114.70 -62.86 -9999.00 -9999.00 -9999.00 288.76 43.49 0.00
0.00 15545.90
89.70 -66.16 -9999.00 -9999.00 -9999.00 277.66 33.51 0.00
0.00 17047.30
64.70 -65.96 -9999.00 -9999.00 -9999.00 297.08 19.19 0.00
0.00 19027.80
39.60 -60.26 -9999.00 -9999.00 -9999.00 246.89 17.33 0.00
0.00 22046.10
14.50 -49.46 -9999.00 -9999.00 -9999.00 256.70 32.93 0.00
0.00 28465.60

STID = KSTJ STNM = 724490 TIME = 081020/1700 
SLAT = 39.79 SLON = -94.95 SELV = 284.0
STIM = 41

SHOW = 2.61 LIFT = 5.14 SWET = 160.60 KINX = 19.66
LCLP = 898.92 PWAT = 23.91 TOTL = 46.33 CAPE = 0.00
LCLT = 282.37 CINS = 0.00 EQLV = -9999.00 LFCT = -9999.00
BRCH = 0.00

PRES TMPC TMWC DWPC THTE DRCT SKNT OMEG
CFRL HGHT
986.70 16.84 13.20 10.62 314.64 0.74 14.96 0.00
0.00 303.90
982.00 16.14 12.79 10.39 314.06 1.30 17.09 0.00
0.00 344.50
977.40 15.64 12.52 10.26 313.84 1.25 17.87 0.00
0.00 384.50
972.70 15.14 12.25 10.15 313.67 1.81 18.45 0.00
0.00 425.40
967.90 14.74 12.04 10.06 313.65 1.79 18.65 0.00
0.00 467.30
963.00 14.24 11.78 9.97 313.54 1.75 19.04 0.00
0.00 510.20
958.00 13.84 11.56 9.87 313.53 2.31 19.25 0.00
0.00 554.20
952.90 13.34 11.30 9.77 313.43 2.29 19.44 0.00
0.00 599.20
947.70 12.84 11.04 9.67 313.34 2.83 19.64 0.00
0.00 645.30
942.20 12.34 10.78 9.59 313.32 2.81 19.83 -0.10
0.00 694.20
936.60 11.84 10.51 9.48 313.27 3.33 20.05 -0.10
0.00 744.20
930.70 11.34 10.24 9.38 313.28 3.33 20.05 -0.10
0.00 797.10
924.60 10.84 9.97 9.27 313.30 3.85 20.24 -0.10
0.00 852.10
918.10 10.24 9.65 9.15 313.24 4.90 20.47 -0.10
0.00 911.00
911.30 9.64 9.33 9.04 313.24 3.81 20.44 -0.10
0.00 972.90
904.00 9.14 8.93 8.71 313.09 7.91 21.17 -0.10
0.00 1039.70
895.80 9.54 8.96 8.46 314.20 18.87 24.01 -0.10
0.00 1115.40
886.30 9.94 9.08 8.38 315.75 26.16 24.67 -0.10
0.00 1204.10
875.20 9.74 8.91 8.24 316.75 23.96 22.96 -0.10
0.00 1309.00
862.90 9.24 8.51 7.90 317.29 17.06 20.53 -0.10
0.00 1426.70
849.40 8.64 8.07 7.59 317.93 10.81 17.60 -0.10
0.00 1557.50
835.20 7.74 7.61 7.46 318.63 4.97 13.46 -0.10
0.00 1697.00
820.00 6.94 6.91 6.83 318.86 345.96 11.21 -0.10
81.00 1848.50
804.00 6.04 6.01 5.94 318.75 335.10 11.99 0.00
81.00 2010.50
787.50 5.84 4.95 4.15 318.36 336.28 14.01 0.00
0.00 2180.60
770.30 6.24 3.94 1.76 318.24 335.74 15.13 0.00
0.00 2361.70
752.60 5.54 2.43 -0.82 317.07 322.31 16.20 0.00
0.00 2552.20
734.40 4.74 0.67 -4.19 315.51 311.53 18.16 0.00
0.00 2752.20
715.50 3.44 -1.03 -7.06 314.37 305.13 19.23 0.10
0.00 2964.20
696.20 2.14 -2.61 -9.78 313.74 299.95 20.63 0.10
0.00 3185.40
676.20 0.64 -4.09 -11.94 313.57 298.19 21.39 0.10
0.00 3420.00
655.60 -1.06 -5.70 -14.20 313.40 297.95 21.54 0.10
0.00 3667.50
634.40 -2.86 -7.37 -16.54 313.36 297.47 21.89 0.20
0.00 3928.70
612.50 -4.66 -9.04 -18.97 313.59 296.35 22.77 0.20
0.00 4206.00
590.10 -6.56 -10.69 -21.00 314.13 297.38 24.49 0.20
0.00 4498.00
567.40 -8.66 -12.49 -23.05 314.65 296.01 27.02 0.20
0.00 4803.10
544.30 -10.76 -14.28 -24.97 315.45 293.85 29.31 0.10
0.00 5123.80
521.10 -12.86 -16.13 -27.24 316.38 291.40 30.89 0.10
0.00 5457.20
497.80 -15.26 -18.22 -29.67 317.15 289.57 34.23 0.10
0.00 5804.30
474.30 -17.56 -20.27 -32.28 318.28 286.67 37.92 0.10
0.00 6167.80
450.80 -20.26 -22.51 -33.39 319.42 286.02 42.23 0.10
0.00 6546.10
427.10 -23.06 -24.71 -32.98 320.98 284.50 46.54 0.00
0.00 6943.80
402.80 -26.16 -27.05 -31.43 322.80 281.48 51.73 0.00
0.00 7370.20
378.00 -30.06 -30.50 -33.03 323.31 278.16 57.50 -0.10
100.00 7826.10
353.40 -33.56 -33.93 -36.67 324.28 275.82 61.31 -0.10
100.00 8301.70
329.00 -37.16 -37.48 -40.53 325.54 275.88 64.43 -0.10
100.00 8799.80
305.00 -40.96 -41.24 -44.90 326.89 276.95 70.65 -0.10
100.00 9318.90
282.10 -45.06 -45.26 -48.86 328.09 274.40 75.99 0.00
94.00 9844.70
260.40 -49.56 -49.71 -53.58 328.83 275.38 82.93 0.00
74.00 10373.90
240.20 -52.96 -53.08 -57.18 331.26 276.03 86.93 0.00
0.00 10898.40
221.40 -54.86 -55.01 -62.21 336.02 276.73 84.50 0.00
0.00 11421.40
203.10 -56.46 -56.61 -65.02 341.83 277.45 80.91 0.00
0.00 11970.70
184.20 -57.66 -57.83 -68.67 349.51 281.77 76.18 0.00
0.00 12588.50
163.00 -58.26 -58.46 -74.28 360.88 285.22 63.62 0.00
0.00 13358.70
139.40 -60.46 -60.64 -75.31 373.51 287.07 48.97 0.00
0.00 14337.50
114.70 -63.06 -9999.00 -9999.00 -9999.00 285.87 42.62 0.00
0.00 15544.20
89.70 -65.96 -9999.00 -9999.00 -9999.00 274.79 34.89 0.00
0.00 17045.70
64.70 -65.76 -9999.00 -9999.00 -9999.00 303.86 17.77 0.00
0.00 19028.00
39.60 -60.56 -9999.00 -9999.00 -9999.00 253.19 19.48 0.00
0.00 22045.70
14.50 -48.96 -9999.00 -9999.00 -9999.00 254.66 33.04 0.00
0.00 28468.20

STID = KSTJ STNM = 724490 TIME = 081020/1800 
SLAT = 39.79 SLON = -94.95 SELV = 284.0
STIM = 42

SHOW = 4.05 LIFT = 5.21 SWET = 150.35 KINX = 19.39
LCLP = 885.44 PWAT = 23.39 TOTL = 44.38 CAPE = 0.00
LCLT = 281.84 CINS = 0.00 EQLV = -9999.00 LFCT = -9999.00
BRCH = 0.00

PRES TMPC TMWC DWPC THTE DRCT SKNT OMEG
CFRL HGHT
986.60 17.54 13.31 10.31 314.96 2.29 14.59 0.00
0.00 304.80
982.00 16.84 12.90 10.07 314.35 2.69 16.53 0.00
0.00 344.70
977.40 16.34 12.62 9.92 314.11 2.57 17.31 0.00
0.00 384.70
972.70 15.84 12.36 9.81 313.94 3.11 17.89 0.00
0.00 425.70
967.90 15.44 12.14 9.72 313.92 3.08 18.08 0.00
0.00 467.70
963.00 14.94 11.89 9.63 313.81 3.61 18.49 0.00
0.00 510.80
958.00 14.54 11.67 9.53 313.81 3.58 18.69 0.00
0.00 554.80
952.90 14.04 11.40 9.43 313.71 3.54 18.88 0.00
0.00 600.00
947.70 13.54 11.14 9.33 313.62 4.09 19.08 0.00
0.00 646.10
942.20 13.04 10.88 9.23 313.57 4.04 19.27 -0.10
0.00 695.20
936.60 12.54 10.61 9.12 313.52 4.62 19.29 -0.10
0.00 745.30
930.70 12.04 10.34 9.03 313.54 4.57 19.48 -0.10
0.00 798.30
924.60 11.54 10.07 8.91 313.55 5.09 19.70 -0.10
0.00 853.40
918.10 10.94 9.74 8.79 313.49 5.09 19.70 -0.10
0.00 912.50
911.30 10.34 9.41 8.66 313.47 5.55 20.10 -0.10
0.00 974.50
904.00 9.64 9.02 8.50 313.35 6.65 20.14 -0.10
0.00 1041.50
895.80 8.94 8.57 8.23 313.19 8.13 20.61 0.00
0.00 1117.20
886.20 9.04 8.20 7.49 313.45 20.22 23.60 0.00
0.00 1206.50
875.20 8.94 8.06 7.31 314.48 24.01 23.39 0.00
0.00 1310.20
862.90 8.54 7.77 7.12 315.34 19.62 20.82 0.00
0.00 1427.50
849.40 7.94 7.19 6.53 315.59 12.26 18.28 0.00
0.00 1557.90
835.20 7.34 6.95 6.59 316.88 6.25 14.26 0.00
0.00 1697.10
819.90 6.44 6.36 6.24 317.43 349.61 11.85 0.10
0.00 1849.30
804.00 5.84 5.48 5.13 317.37 337.57 13.25 0.10
0.00 2010.10
787.50 5.94 4.36 2.89 316.86 340.85 14.80 0.10
0.00 2180.10
770.30 6.04 3.21 0.36 316.42 339.02 15.19 0.10
0.00 2361.20
752.60 5.24 1.92 -1.70 315.83 324.38 16.01 0.10
0.00 2551.40
734.30 4.34 0.50 -4.12 315.12 314.14 18.41 0.10
0.00 2752.20
715.50 3.04 -0.94 -6.15 314.60 308.57 19.62 0.10
0.00 2962.80
696.20 1.84 -2.38 -8.44 314.28 304.99 21.35 0.10
0.00 3183.80
676.20 0.44 -3.97 -11.04 313.86 303.13 22.03 0.10
0.00 3418.30
655.60 -1.16 -5.68 -13.89 313.44 300.36 22.28 0.10
0.00 3665.60
634.40 -3.06 -7.47 -16.47 313.16 297.90 22.42 0.10
0.00 3926.70
612.50 -4.76 -9.02 -18.56 313.63 295.93 23.54 0.10
0.00 4203.80
590.10 -6.46 -10.53 -20.45 314.44 295.98 25.72 0.10
0.00 4495.80
567.40 -8.46 -12.26 -22.42 315.08 296.57 27.37 0.10
0.00 4801.10
544.30 -10.66 -14.11 -24.28 315.77 297.08 29.02 0.10
0.00 5122.00
521.10 -12.76 -15.94 -26.32 316.74 294.39 31.99 0.10
0.00 5455.60
497.80 -15.16 -17.99 -28.30 317.58 290.33 35.22 0.10
0.00 5802.80
474.30 -17.66 -20.20 -30.84 318.43 287.70 38.33 0.10
0.00 6166.40
450.80 -20.46 -22.52 -32.06 319.41 287.08 41.67 0.10
0.00 6544.50
427.10 -23.46 -24.79 -30.97 320.87 284.27 45.71 0.00
0.00 6941.70
402.80 -26.56 -27.19 -30.14 322.59 281.44 50.93 -0.10
0.00 7367.40
378.00 -30.26 -30.69 -33.19 323.01 278.05 56.90 -0.10
100.00 7822.80
353.40 -33.66 -34.02 -36.67 324.15 275.23 59.69 -0.10
100.00 8298.00
329.00 -37.26 -37.57 -40.53 325.40 276.82 63.77 -0.10
100.00 8795.90
305.00 -40.86 -41.13 -44.50 327.07 277.09 70.86 -0.10
100.00 9315.00
282.10 -45.16 -45.36 -48.86 327.95 275.74 77.70 -0.10
100.00 9840.90
260.40 -49.56 -49.71 -53.58 328.83 275.50 85.08 -0.10
87.00 10369.90
240.20 -52.96 -53.08 -57.18 331.26 275.52 88.79 0.00
7.00 10894.40
221.40 -54.96 -55.11 -62.21 335.86 275.95 86.13 0.00
0.00 11417.30
203.10 -56.36 -56.52 -65.02 341.99 277.14 82.81 0.00
0.00 11966.60
184.20 -57.16 -57.34 -68.67 350.33 281.14 76.42 0.00
0.00 12585.30
163.00 -58.06 -58.27 -74.28 361.22 284.24 64.72 0.00
0.00 13356.70
139.40 -60.36 -60.54 -75.31 373.69 286.16 50.97 0.00
0.00 14336.20
114.70 -63.46 -9999.00 -9999.00 -9999.00 282.45 44.15 0.00
0.00 15542.10
89.70 -65.86 -9999.00 -9999.00 -9999.00 272.76 36.36 0.00
0.00 17042.50
64.70 -64.86 -9999.00 -9999.00 -9999.00 313.96 15.11 0.00
0.00 19029.60
39.60 -60.76 -9999.00 -9999.00 -9999.00 259.14 19.58 0.00
0.00 22052.20
14.50 -48.46 -9999.00 -9999.00 -9999.00 253.52 34.23 0.00
0.00 28479.20

STID = KSTJ STNM = 724490 TIME = 081020/1900 
SLAT = 39.79 SLON = -94.95 SELV = 284.0
STIM = 43

SHOW = 5.76 LIFT = 5.25 SWET = 129.49 KINX = 17.51
LCLP = 871.86 PWAT = 22.05 TOTL = 42.10 CAPE = 0.00
LCLT = 281.18 CINS = 0.00 EQLV = -9999.00 LFCT = -9999.00
BRCH = 0.00

PRES TMPC TMWC DWPC THTE DRCT SKNT OMEG
CFRL HGHT
986.60 18.14 13.32 9.87 314.97 4.03 13.83 0.00
0.00 303.90
982.00 17.44 12.92 9.63 314.37 4.24 15.77 0.00
0.00 343.90
977.30 16.94 12.63 9.48 314.14 4.76 16.38 0.00
0.00 384.90
972.60 16.44 12.37 9.37 313.97 4.60 16.96 0.00
0.00 426.00
967.80 16.04 12.16 9.28 313.96 5.19 17.17 0.00
0.00 468.10
962.90 15.54 11.90 9.18 313.83 5.14 17.37 0.00
0.00 511.20
957.90 15.14 11.68 9.09 313.85 5.08 17.56 0.00
0.00 555.40
952.90 14.64 11.42 8.99 313.73 5.65 17.75 0.00
0.00 599.70
947.60 14.24 11.20 8.89 313.77 5.59 17.95 0.00
0.00 646.90
942.20 13.74 10.93 8.78 313.70 5.53 18.14 0.00
0.00 695.10
936.60 13.24 10.67 8.70 313.70 5.53 18.14 0.00
0.00 745.40
930.70 12.64 10.35 8.58 313.56 6.07 18.36 0.00
0.00 798.50
924.50 12.14 10.09 8.49 313.62 6.07 18.36 0.00
0.00 854.70
918.10 11.54 9.76 8.36 313.54 6.01 18.55 -0.10
0.00 912.90
911.30 10.94 9.43 8.23 313.52 6.54 18.76 -0.10
0.00 975.00
903.90 10.24 9.07 8.12 313.49 6.54 18.76 -0.10
0.00 1043.10
895.70 9.54 8.68 7.96 313.49 6.47 18.96 -0.10
0.00 1118.90
886.20 8.64 8.19 7.79 313.42 6.01 18.55 -0.10
0.00 1207.40
875.20 8.14 7.27 6.49 312.43 17.42 20.77 0.00
0.00 1310.80
862.80 7.94 6.84 5.87 312.95 15.87 19.19 0.00
0.00 1428.70
849.40 7.44 6.12 4.92 312.86 8.94 17.50 0.00
0.00 1557.90
835.10 6.94 5.89 4.94 314.18 2.32 14.39 0.00
0.00 1697.80
819.90 6.54 5.52 4.59 315.28 348.86 13.07 0.00
0.00 1848.90
804.00 6.34 4.28 2.28 314.34 344.93 15.70 0.10
0.00 2009.70
787.40 6.14 3.11 -0.06 313.78 346.61 16.76 0.10
0.00 2180.90
770.30 5.74 2.15 -1.84 313.86 339.21 16.41 0.10
0.00 2360.80
752.60 4.84 1.18 -3.09 314.08 324.16 17.25 0.20
0.00 2550.70
734.30 3.94 0.19 -4.40 314.43 314.18 19.23 0.20
0.00 2751.20
715.50 2.64 -1.10 -5.99 314.27 308.33 21.29 0.20
0.00 2961.50
696.20 1.64 -2.47 -8.39 314.08 305.31 22.84 0.20
0.00 3182.30
676.20 0.34 -4.09 -11.30 313.60 302.91 23.60 0.20
0.00 3416.50
655.60 -1.36 -5.87 -14.20 313.05 299.74 23.48 0.20
0.00 3663.80
634.40 -3.16 -7.55 -16.54 313.01 297.82 23.72 0.20
0.00 3924.70
612.50 -4.76 -9.04 -18.64 313.60 296.97 24.84 0.20
0.00 4201.80
590.10 -6.46 -10.60 -20.81 314.31 295.99 26.15 0.20
0.00 4493.80
567.30 -8.36 -12.29 -23.05 315.02 296.20 27.27 0.20
0.00 4800.50
544.30 -10.46 -14.11 -25.22 315.75 297.26 28.85 0.20
0.00 5120.20
521.10 -12.76 -16.02 -26.97 316.57 296.25 31.62 0.20
0.00 5453.90
497.80 -15.06 -17.93 -28.44 317.67 291.74 35.14 0.20
0.00 5801.10
474.30 -17.76 -20.20 -30.18 318.45 288.72 37.53 0.20
0.00 6164.70
450.80 -20.56 -22.45 -30.71 319.56 287.39 40.31 0.10
0.00 6542.70
427.10 -23.66 -24.77 -29.65 320.93 283.43 44.33 0.00
0.00 6939.70
402.80 -26.66 -27.22 -29.87 322.52 280.91 49.26 -0.10
19.00 7365.10
378.00 -30.36 -30.77 -33.19 322.88 278.62 54.43 -0.10
100.00 7820.30
353.40 -33.86 -34.19 -36.67 323.88 276.15 58.02 -0.10
100.00 8295.30
329.00 -37.26 -37.57 -40.53 325.40 276.84 62.02 -0.10
100.00 8793.00
305.00 -40.86 -41.13 -44.50 327.07 277.03 69.87 -0.10
100.00 9312.10
282.10 -45.36 -45.57 -49.42 327.62 276.47 77.60 -0.10
100.00 9837.70
260.40 -49.56 -49.71 -53.58 328.83 275.38 84.87 -0.10
88.00 10366.50
240.20 -52.86 -52.98 -57.18 331.41 274.88 89.10 -0.10
76.00 10891.10
221.40 -54.96 -55.09 -60.49 335.90 274.99 87.16 0.00
0.00 11414.20
203.10 -56.16 -56.32 -65.02 342.31 276.49 84.27 0.00
0.00 11963.70
184.20 -56.86 -57.05 -68.67 350.81 280.43 77.23 0.00
0.00 12583.10
163.00 -57.96 -58.17 -74.28 361.39 283.91 66.24 0.00
0.00 13355.20
139.40 -60.16 -60.35 -75.31 374.04 285.05 53.11 0.00
0.00 14335.40
114.70 -63.76 -9999.00 -9999.00 -9999.00 280.53 47.80 0.00
0.00 15541.00
89.70 -65.86 -9999.00 -9999.00 -9999.00 272.33 38.31 0.00
0.00 17040.30
64.70 -64.06 -9999.00 -9999.00 -9999.00 317.79 11.29 0.00
0.00 19031.30
39.60 -61.06 -9999.00 -9999.00 -9999.00 264.41 17.95 0.00
0.00 22057.50
14.50 -47.96 -9999.00 -9999.00 -9999.00 253.45 35.47 0.00
0.00 28487.40

STID = KSTJ STNM = 724490 TIME = 081020/2000 
SLAT = 39.79 SLON = -94.95 SELV = 284.0
STIM = 44

SHOW = 7.87 LIFT = 5.81 SWET = 100.99 KINX = 13.90
LCLP = 860.10 PWAT = 20.40 TOTL = 39.11 CAPE = 0.00
LCLT = 280.29 CINS = 0.00 EQLV = -9999.00 LFCT = -9999.00
BRCH = 0.00

PRES TMPC TMWC DWPC THTE DRCT SKNT OMEG
CFRL HGHT
986.50 18.34 13.05 9.17 314.19 1.61 13.79 0.00
0.00 304.00
981.80 17.64 12.64 8.91 313.59 2.17 15.37 0.00
0.00 344.80
977.20 17.14 12.36 8.76 313.35 2.07 16.14 0.00
0.00 385.00
972.50 16.74 12.13 8.65 313.30 2.69 16.53 0.00
0.00 426.10
967.70 16.24 11.88 8.56 313.17 2.66 16.72 0.00
0.00 468.20
962.80 15.84 11.66 8.46 313.16 2.63 16.92 0.00
0.00 511.40
957.80 15.34 11.40 8.37 313.06 2.60 17.11 0.00
0.00 555.60
952.70 14.94 11.18 8.27 313.08 3.22 17.31 0.00
0.00 600.80
947.50 14.44 10.91 8.17 312.99 3.22 17.31 0.00
0.00 647.10
942.10 13.94 10.64 8.06 312.92 3.18 17.50 0.00
0.00 695.40
936.40 13.44 10.38 7.97 312.92 3.18 17.50 0.00
0.00 746.60
930.60 12.94 10.11 7.86 312.90 3.14 17.70 0.00
0.00 798.90
924.40 12.34 9.79 7.76 312.83 3.77 17.72 0.00
0.00 855.10
918.00 11.84 9.51 7.64 312.88 3.73 17.91 0.00
0.00 913.30
911.20 11.14 9.15 7.53 312.77 3.73 17.91 0.00
0.00 975.50
903.80 10.54 8.82 7.40 312.82 3.73 17.91 0.00
0.00 1043.60
895.60 9.74 8.39 7.26 312.74 3.69 18.10 0.00
0.00 1119.50
886.10 8.94 7.93 7.07 312.76 4.30 18.12 0.00
0.00 1208.10
875.10 7.84 7.31 6.82 312.55 3.73 17.91 0.00
10.00 1311.50
862.70 7.34 5.84 4.43 310.46 12.40 18.10 0.00
10.00 1429.20
849.30 6.84 4.77 2.72 309.59 7.85 17.06 0.00
10.00 1558.10
835.00 6.94 4.33 1.67 310.34 4.18 15.97 0.00
0.00 1697.70
819.80 6.64 3.88 1.03 311.25 355.54 15.00 0.10
0.00 1848.70
803.90 6.44 2.68 -1.58 310.51 354.03 16.80 0.10
0.00 2009.50
787.30 5.94 2.04 -2.51 311.24 347.91 16.69 0.10
0.00 2180.60
770.20 5.34 1.52 -2.98 312.38 333.74 16.24 0.20
0.00 2360.20
752.50 4.54 0.85 -3.56 313.34 318.58 17.62 0.20
0.00 2549.90
734.20 3.64 -0.04 -4.62 313.91 309.09 20.03 0.20
0.00 2750.20
715.40 2.44 -1.38 -6.50 313.66 306.57 22.49 0.30
0.00 2960.30
696.10 1.64 -2.73 -9.26 313.51 306.30 23.62 0.30
0.00 3181.00
676.20 0.34 -4.32 -12.16 313.11 304.46 24.03 0.30
0.00 3414.10
655.60 -1.16 -5.87 -14.71 313.04 301.91 24.26 0.20
0.00 3661.40
634.30 -2.86 -7.43 -16.83 313.25 301.67 24.42 0.20
0.00 3923.80
612.50 -4.66 -9.02 -18.89 313.62 301.04 24.49 0.20
0.00 4199.90
590.10 -6.46 -10.64 -21.09 314.22 298.97 24.86 0.20
0.00 4491.90
567.30 -8.26 -12.29 -23.48 315.01 296.94 26.59 0.20
0.00 4798.70
544.30 -10.16 -13.99 -25.84 315.94 297.61 28.50 0.20
0.00 5118.60
521.10 -12.56 -15.97 -27.66 316.65 296.40 30.57 0.20
0.00 5452.60
497.70 -14.96 -17.91 -28.89 317.71 292.98 33.33 0.20
0.00 5801.60
474.30 -17.66 -20.07 -29.71 318.67 289.22 35.99 0.20
0.00 6163.80
450.80 -20.56 -22.33 -29.79 319.77 286.73 39.14 0.20
0.00 6541.80
427.10 -23.66 -24.67 -28.98 321.10 281.81 43.67 0.10
0.00 6938.90
402.80 -26.76 -27.33 -30.00 322.36 280.30 47.79 0.00
7.00 7364.20
378.00 -30.46 -30.90 -33.53 322.68 279.50 51.81 0.00
100.00 7819.30
353.40 -33.86 -34.22 -36.88 323.84 276.93 56.35 0.00
100.00 8294.10
329.00 -37.16 -37.48 -40.53 325.54 276.94 61.05 0.00
100.00 8791.90
305.00 -40.96 -41.24 -44.90 326.89 277.31 68.75 0.00
95.00 9311.00
282.10 -45.56 -45.76 -49.42 327.34 276.93 77.29 0.00
98.00 9836.30
260.40 -49.46 -49.61 -53.58 328.97 275.42 84.29 0.00
100.00 10365.00
240.20 -52.86 -52.98 -57.18 331.41 274.44 87.88 0.00
76.00 10889.70
221.40 -54.96 -55.09 -60.49 335.90 274.11 86.65 0.00
0.00 11412.70
203.10 -55.96 -56.13 -65.02 342.62 275.83 84.15 0.00
0.00 11962.50
184.20 -56.66 -56.86 -68.67 351.14 279.51 77.60 0.00
0.00 12582.50
163.00 -57.96 -58.17 -74.28 361.39 283.92 67.04 0.00
0.00 13355.00
139.40 -60.16 -60.35 -75.31 374.04 282.99 54.43 0.00
0.00 14335.10
114.70 -63.96 -9999.00 -9999.00 -9999.00 280.67 51.40 0.00
0.00 15540.20
89.70 -65.86 -9999.00 -9999.00 -9999.00 274.14 40.31 0.00
0.00 17038.70
64.70 -63.66 -9999.00 -9999.00 -9999.00 306.33 8.20 0.00
0.00 19031.60
39.60 -61.46 -9999.00 -9999.00 -9999.00 270.00 15.73 0.00
0.00 22057.90
14.50 -47.66 -9999.00 -9999.00 -9999.00 254.64 36.65 0.00
0.00 28486.20

STID = KSTJ STNM = 724490 TIME = 081020/2100 
SLAT = 39.79 SLON = -94.95 SELV = 284.0
STIM = 45

SHOW = 9.71 LIFT = 6.71 SWET = 65.23 KINX = 9.54
LCLP = 847.31 PWAT = 18.57 TOTL = 36.36 CAPE = 0.00
LCLT = 278.93 CINS = 0.00 EQLV = -9999.00 LFCT = -9999.00
BRCH = 0.00

PRES TMPC TMWC DWPC THTE DRCT SKNT OMEG
CFRL HGHT
986.20 18.14 12.42 8.00 312.41 1.68 13.21 0.00
0.00 303.90
981.60 17.54 12.04 7.72 311.90 2.23 14.98 0.00
0.00 343.90
976.90 17.14 11.79 7.56 311.78 2.12 15.75 0.00
0.00 384.90
972.20 16.64 11.52 7.44 311.61 2.07 16.14 0.00
0.00 426.00
967.40 16.24 11.29 7.33 311.57 2.73 16.34 0.00
0.00 468.10
962.50 15.84 11.07 7.23 311.56 2.69 16.53 0.00
0.00 511.30
957.50 15.34 10.81 7.14 311.46 2.66 16.72 0.00
0.00 555.50
952.40 14.94 10.58 7.04 311.47 2.63 16.92 0.00
0.00 600.70
947.20 14.44 10.31 6.93 311.38 2.63 16.92 0.00
0.00 647.10
941.80 13.94 10.04 6.83 311.32 3.25 17.11 0.00
0.00 695.30
936.20 13.44 9.77 6.74 311.31 3.25 17.11 0.00
0.00 745.60
930.30 12.94 9.50 6.63 311.30 3.22 17.31 0.00
0.00 798.80
924.10 12.34 9.17 6.51 311.21 3.22 17.31 0.00
0.00 855.00
917.70 11.84 8.90 6.41 311.28 3.22 17.31 0.00
0.00 913.20
910.90 11.24 8.56 6.28 311.26 3.86 17.33 0.00
0.00 975.50
903.50 10.54 8.17 6.14 311.19 3.81 17.52 0.00
0.00 1043.60
895.40 9.74 7.75 6.01 311.10 3.81 17.52 0.00
0.00 1118.50
885.90 8.94 7.29 5.83 311.14 3.81 17.52 0.00
0.00 1207.10
874.90 7.94 6.73 5.63 311.11 4.40 17.74 0.00
0.00 1310.50
862.50 6.74 6.06 5.41 311.03 4.45 17.54 0.00
0.00 1428.10
849.10 6.74 3.39 -0.39 306.38 10.42 17.19 0.00
0.00 1556.80
834.80 7.24 2.71 -2.80 306.57 7.94 16.86 0.10
0.00 1696.50
819.60 6.64 2.08 -3.63 307.07 1.38 16.12 0.10
0.00 1847.50
803.70 6.14 1.55 -4.31 307.93 353.13 16.24 0.10
0.00 2008.10
787.10 5.84 1.51 -3.84 310.03 337.81 15.95 0.10
0.00 2179.00
770.00 5.04 1.21 -3.39 311.71 322.59 16.63 0.10
0.00 2358.50
752.40 4.34 0.66 -3.80 312.91 312.55 19.25 0.10
0.00 2547.00
734.10 3.44 -0.33 -5.13 313.28 305.95 21.83 0.20
0.00 2747.10
715.30 2.54 -1.68 -7.61 312.98 307.06 23.85 0.20
0.00 2957.30
695.90 1.74 -3.10 -10.78 312.72 307.68 24.79 0.20
0.00 3179.20
676.00 0.34 -4.73 -13.89 312.23 306.25 25.29 0.20
0.00 3412.40
655.40 -0.96 -6.14 -16.52 312.48 306.25 25.29 0.20
0.00 3659.80
634.20 -2.66 -7.62 -18.48 312.83 305.54 25.06 0.10
0.00 3921.20
612.40 -4.66 -9.19 -19.84 313.29 303.19 24.84 0.10
0.00 4197.30
590.00 -6.56 -10.77 -21.48 313.98 299.14 25.14 0.10
0.00 4489.40
567.20 -8.26 -12.31 -23.59 314.99 298.44 26.52 0.00
0.00 4796.10
544.20 -10.26 -14.08 -25.97 315.81 299.05 27.99 0.10
0.00 5116.10
521.00 -12.56 -15.99 -27.81 316.63 296.57 29.10 0.10
0.00 5450.00
497.70 -15.06 -18.00 -29.04 317.55 292.87 30.98 0.10
0.00 5797.50
474.30 -17.66 -20.05 -29.55 318.71 289.15 34.34 0.10
0.00 6159.60
450.80 -20.56 -22.23 -29.08 319.94 285.79 38.56 0.10
0.00 6537.70
427.10 -23.66 -24.57 -28.35 321.27 281.16 43.16 0.10
0.00 6934.70
402.80 -26.76 -27.33 -30.00 322.36 280.60 46.45 0.00
2.00 7360.10
378.00 -30.46 -30.90 -33.53 322.68 280.78 49.83 0.00
97.00 7815.10
353.40 -33.66 -34.06 -37.10 324.08 278.19 55.92 0.10
99.00 8290.20
329.00 -37.06 -37.39 -40.53 325.67 277.55 62.12 0.10
98.00 8788.20
305.00 -41.16 -41.45 -45.30 326.57 277.65 68.59 0.10
23.00 9307.20
282.10 -45.66 -45.88 -50.03 327.15 277.28 78.13 0.10
20.00 9832.20
260.40 -49.36 -49.52 -53.58 329.12 275.46 83.72 0.10
11.00 10360.90
240.20 -52.76 -52.88 -57.18 331.56 274.26 86.29 0.10
4.00 10885.80
221.40 -54.86 -54.99 -60.49 336.06 273.49 86.21 0.00
0.00 11409.10
203.10 -55.66 -55.84 -65.02 343.10 275.45 83.92 0.00
0.00 11959.40
184.20 -56.56 -56.76 -68.67 351.30 278.67 78.59 0.00
0.00 12579.90
163.00 -58.06 -58.27 -74.28 361.22 283.28 67.66 0.00
0.00 13352.40
139.40 -60.56 -60.74 -75.31 373.34 280.56 55.13 0.00
0.00 14331.40
114.70 -63.96 -9999.00 -9999.00 -9999.00 282.30 52.87 0.00
0.00 15535.40
89.70 -65.76 -9999.00 -9999.00 -9999.00 277.32 42.70 0.00
0.00 17034.30
64.70 -63.86 -9999.00 -9999.00 -9999.00 284.35 8.62 0.00
0.00 19026.70
39.60 -61.96 -9999.00 -9999.00 -9999.00 270.80 13.99 0.00
0.00 22047.90
14.50 -47.46 -9999.00 -9999.00 -9999.00 256.19 36.62 0.00
0.00 28471.90

STID = KSTJ STNM = 724490 TIME = 081020/2200 
SLAT = 39.79 SLON = -94.95 SELV = 284.0
STIM = 46

SHOW = 11.44 LIFT = 7.82 SWET = 64.67 KINX = 2.54
LCLP = 834.65 PWAT = 16.30 TOTL = 33.26 CAPE = 0.00
LCLT = 277.42 CINS = 0.00 EQLV = -9999.00 LFCT = -9999.00
BRCH = 0.00

PRES TMPC TMWC DWPC THTE DRCT SKNT OMEG
CFRL HGHT
986.50 17.84 11.71 6.69 310.40 3.47 12.84 0.00
0.00 303.90
981.90 17.34 11.35 6.36 309.96 3.72 15.00 0.00
0.00 343.80
977.20 16.94 11.09 6.17 309.81 3.53 15.77 0.00
0.00 384.80
972.50 16.44 10.81 6.06 309.66 4.09 16.36 0.00
0.00 425.80
967.70 16.04 10.58 5.94 309.61 4.04 16.55 0.00
0.00 467.90
962.80 15.64 10.36 5.84 309.60 3.99 16.74 0.00
0.00 511.00
957.80 15.14 10.08 5.72 309.46 3.95 16.94 0.00
0.00 555.10
952.70 14.74 9.85 5.62 309.48 4.55 17.15 0.00
0.00 600.30
947.50 14.24 9.59 5.54 309.42 4.55 17.15 0.00
0.00 646.60
942.10 13.84 9.35 5.43 309.46 4.50 17.35 0.00
0.00 694.80
936.50 13.34 9.07 5.32 309.42 4.50 17.35 0.00
0.00 745.00
930.60 12.74 8.75 5.21 309.31 5.14 17.37 0.00
0.00 798.10
924.40 12.24 8.47 5.11 309.35 5.08 17.56 0.00
0.00 854.20
918.00 11.64 8.14 4.99 309.29 5.08 17.56 0.00
0.00 912.40
911.20 11.04 7.79 4.86 309.26 5.08 17.56 0.00
0.00 974.50
903.80 10.34 7.40 4.72 309.19 5.08 17.56 0.00
0.00 1042.50
895.60 9.64 7.00 4.56 309.20 5.71 17.56 0.00
0.00 1118.40
886.10 8.74 6.49 4.39 309.13 5.71 17.56 0.00
0.00 1206.80
875.10 7.74 5.90 4.16 309.07 5.65 17.75 0.00
0.00 1310.10
862.80 6.64 5.11 3.60 308.69 6.34 17.60 0.10
0.00 1426.60
849.30 6.74 2.20 -3.69 303.64 13.28 17.75 0.00
0.00 1556.20
835.10 6.94 1.52 -6.09 303.83 8.04 16.67 0.00
0.00 1694.60
819.80 6.54 0.99 -7.02 304.57 357.83 15.37 0.10
0.00 1846.40
803.90 6.14 0.70 -7.08 305.97 343.16 15.42 0.10
0.00 2006.90
787.40 5.64 0.72 -5.94 308.19 327.63 16.34 0.10
0.00 2176.60
770.20 5.14 0.71 -4.99 310.51 315.42 18.55 0.10
0.00 2357.00
752.50 4.34 0.14 -5.29 311.69 309.22 21.81 0.10
0.00 2546.50
734.30 3.44 -1.02 -7.23 311.68 307.63 23.54 0.20
0.00 2745.40
715.40 2.84 -2.37 -10.59 311.40 309.57 24.69 0.20
0.00 2956.70
696.10 1.84 -3.93 -14.58 310.83 309.81 25.80 0.20
0.00 3177.50
676.20 0.54 -5.42 -17.98 310.68 309.64 26.50 0.20
0.00 3410.60
655.60 -0.86 -6.69 -20.07 311.24 309.05 26.52 0.20
0.00 3658.00
634.30 -2.66 -8.00 -20.75 312.02 306.37 26.53 0.10
0.00 3920.60
612.50 -4.56 -9.36 -21.25 312.91 303.34 26.52 0.10
0.00 4196.70
590.10 -6.56 -10.88 -22.18 313.74 301.04 26.75 0.00
0.00 4488.80
567.30 -8.46 -12.47 -23.82 314.67 300.20 27.43 0.00
0.00 4795.30
544.30 -10.56 -14.29 -26.10 315.40 299.94 28.03 0.00
0.00 5114.90
521.10 -12.76 -16.16 -28.10 316.30 297.28 27.97 0.00
0.00 5448.50
497.70 -15.16 -18.09 -29.19 317.39 293.00 29.33 0.00
0.00 5797.20
474.30 -17.76 -20.12 -29.55 318.58 289.40 32.75 0.10
0.00 6159.20
450.80 -20.56 -22.18 -28.67 320.04 285.90 37.57 0.10
0.00 6537.20
427.10 -23.56 -24.47 -28.22 321.43 281.88 42.48 0.00
0.00 6934.30
402.80 -26.86 -27.43 -30.14 322.19 281.65 45.22 0.00
0.00 7359.70
378.00 -30.46 -30.92 -33.70 322.64 282.03 48.47 0.10
47.00 7814.60
353.40 -33.46 -33.87 -36.88 324.38 279.66 56.74 0.10
21.00 8289.90
329.00 -36.96 -37.32 -40.81 325.78 277.56 63.48 0.10
4.00 8788.30
305.00 -41.46 -41.75 -45.73 326.11 277.69 68.22 0.10
0.00 9307.00
282.10 -45.56 -45.78 -50.03 327.30 277.52 77.19 0.10
0.00 9831.70
260.40 -49.06 -49.26 -54.46 329.52 275.48 81.37 0.10
0.00 10360.90
240.20 -52.36 -52.50 -57.18 332.17 274.23 84.34 0.10
0.00 10886.70
221.40 -54.36 -54.50 -60.49 336.83 273.13 85.41 0.10
0.00 11411.00
203.10 -54.96 -55.16 -65.02 344.20 275.79 82.79 0.10
0.00 11962.80
184.20 -56.26 -56.47 -68.67 351.79 279.21 78.90 0.00
0.00 12584.80
163.00 -58.16 -58.37 -74.28 361.05 282.75 66.92 0.00
0.00 13357.70
139.40 -61.06 -61.22 -75.31 372.46 279.10 55.28 0.00
0.00 14335.30
114.70 -63.86 -9999.00 -9999.00 -9999.00 284.04 51.26 0.00
0.00 15538.10
89.70 -65.56 -9999.00 -9999.00 -9999.00 281.51 43.80 0.00
0.00 17038.10
64.70 -64.06 -9999.00 -9999.00 -9999.00 274.61 12.08 0.00
0.00 19030.50
39.60 -61.86 -9999.00 -9999.00 -9999.00 265.67 12.86 0.00
0.00 22051.00
14.50 -47.06 -9999.00 -9999.00 -9999.00 257.30 36.25 0.00
0.00 28482.30

STID = KSTJ STNM = 724490 TIME = 081020/2300 
SLAT = 39.79 SLON = -94.95 SELV = 284.0
STIM = 47

SHOW = 13.64 LIFT = 9.08 SWET = 65.52 KINX = -7.05
LCLP = 831.85 PWAT = 13.63 TOTL = 28.20 CAPE = 0.00
LCLT = 276.26 CINS = 0.00 EQLV = -9999.00 LFCT = -9999.00
BRCH = 0.00

PRES TMPC TMWC DWPC THTE DRCT SKNT OMEG
CFRL HGHT
987.00 16.94 10.85 5.56 308.05 7.13 10.96 0.00
0.00 304.70
982.40 16.64 10.53 5.12 307.73 7.22 13.91 0.00
0.00 344.50
977.80 16.34 10.25 4.79 307.53 8.03 15.31 0.00
0.00 384.40
973.10 16.04 10.02 4.57 307.48 8.23 16.30 0.00
0.00 425.30
968.30 15.64 9.76 4.39 307.37 8.60 16.90 0.00
0.00 467.30
963.40 15.24 9.51 4.24 307.30 8.40 17.29 0.00
0.00 510.30
958.40 14.74 9.21 4.09 307.14 8.94 17.50 0.00
0.00 554.30
953.30 14.34 8.98 3.99 307.16 8.84 17.70 0.00
0.00 599.40
948.00 13.94 8.73 3.85 307.16 9.36 17.91 0.00
0.00 646.50
942.60 13.44 8.45 3.75 307.10 9.26 18.10 0.00
0.00 694.60
937.00 12.94 8.16 3.63 307.05 9.26 18.10 0.10
0.00 744.70
931.10 12.44 7.88 3.52 307.04 9.87 18.14 0.00
0.00 797.70
924.90 11.84 7.54 3.40 306.96 9.87 18.14 0.00
0.00 853.70
918.50 11.34 7.24 3.27 306.99 9.76 18.34 0.00
0.00 911.70
911.70 10.74 6.89 3.14 306.97 10.36 18.36 0.10
0.00 973.70
904.30 10.04 6.48 2.97 306.86 10.36 18.36 0.10
0.00 1041.60
896.10 9.34 6.07 2.82 306.88 10.36 18.36 0.10
0.00 1117.30
886.60 8.44 5.54 2.61 306.77 11.07 18.20 0.10
0.00 1205.50
875.60 7.44 4.95 2.39 306.72 11.07 18.20 0.10
0.00 1308.60
863.20 6.74 2.75 -2.17 303.22 15.36 18.34 0.10
0.00 1425.90
849.70 6.64 0.68 -8.85 300.25 15.78 18.57 0.10
0.00 1555.20
835.50 6.44 0.12 -10.51 300.76 6.26 16.03 0.10
0.00 1693.40
820.20 6.44 -0.11 -11.31 302.09 352.97 14.30 0.10
0.00 1844.80
804.30 6.14 -0.31 -11.11 303.68 337.20 14.53 0.10
0.00 2005.20
787.70 5.54 -0.31 -9.43 305.86 322.18 16.47 0.10
0.00 2175.70
770.60 5.44 -0.18 -8.48 308.40 312.65 20.07 0.10
0.00 2355.00
752.90 4.54 -1.00 -9.48 309.03 310.18 22.88 0.20
0.00 2544.50
734.60 3.84 -2.10 -12.12 309.16 311.40 24.09 0.20
0.00 2744.50
715.70 3.14 -3.27 -15.46 309.30 311.31 25.60 0.20
0.00 2955.80
696.40 2.04 -4.51 -18.43 309.48 311.70 26.28 0.20
0.00 3176.60
676.40 0.74 -5.68 -20.41 310.06 312.33 26.53 0.20
0.00 3411.00
655.80 -0.86 -6.90 -21.51 310.76 311.46 26.69 0.20
0.00 3658.40
634.50 -2.66 -8.18 -22.00 311.60 309.38 26.63 0.10
0.00 3920.80
612.70 -4.56 -9.52 -22.28 312.56 306.21 26.96 0.10
0.00 4196.90
590.20 -6.56 -11.00 -22.93 313.50 302.47 27.86 0.00
0.00 4490.10
567.50 -8.56 -12.63 -24.51 314.33 301.63 28.52 0.00
0.00 4795.20
544.40 -10.76 -14.51 -26.77 314.97 300.76 28.48 0.00
0.00 5115.90
521.20 -12.96 -16.37 -28.70 315.91 297.46 27.80 0.00
0.00 5449.10
497.80 -15.36 -18.26 -29.35 317.09 292.89 28.46 0.00
0.00 5797.50
474.40 -17.86 -20.16 -29.25 318.51 289.21 31.88 0.00
0.00 6159.20
450.80 -20.76 -22.31 -28.54 319.82 286.61 36.69 0.00
0.00 6538.50
427.20 -23.66 -24.53 -28.10 321.31 283.45 41.74 0.00
0.00 6933.70
402.80 -26.96 -27.53 -30.27 322.03 282.99 44.06 0.10
0.00 7360.60
378.00 -30.46 -30.94 -33.87 322.61 283.24 47.49 0.10
1.00 7815.40
353.40 -33.36 -33.80 -37.10 324.48 281.46 57.67 0.10
0.00 8290.80
329.00 -37.06 -37.44 -41.10 325.60 277.45 62.88 0.10
0.00 8789.20
305.00 -41.76 -42.05 -46.17 325.65 277.35 66.78 0.20
0.00 9307.50
282.10 -45.36 -45.64 -51.36 327.51 277.75 74.88 0.20
0.00 9832.10
260.40 -48.86 -49.09 -55.43 329.78 275.78 79.08 0.20
0.00 10361.70
240.20 -51.76 -51.95 -58.41 333.03 274.25 83.95 0.10
0.00 10888.40
221.40 -53.66 -53.85 -62.21 337.86 273.41 84.85 0.10
0.00 11414.30
203.10 -54.36 -54.58 -65.02 345.15 276.89 81.00 0.10
0.00 11967.80
184.20 -56.06 -56.27 -68.67 352.11 280.55 77.45 0.00
0.00 12590.90
163.00 -58.16 -58.37 -74.28 361.05 281.61 64.65 0.00
0.00 13364.10
139.40 -61.46 -61.61 -75.31 371.76 277.45 55.44 0.00
0.00 14340.80
114.70 -64.06 -9999.00 -9999.00 -9999.00 283.87 48.62 0.00
0.00 15541.90
89.70 -65.66 -9999.00 -9999.00 -9999.00 285.05 42.64 0.00
0.00 17040.80
64.70 -64.26 -9999.00 -9999.00 -9999.00 272.76 16.14 0.00
0.00 19031.80
39.60 -61.76 -9999.00 -9999.00 -9999.00 260.69 12.00 0.00
0.00 22051.50
14.50 -47.26 -9999.00 -9999.00 -9999.00 259.00 35.63 0.00
0.00 28481.40

STID = KSTJ STNM = 724490 TIME = 081021/0000 
SLAT = 39.79 SLON = -94.95 SELV = 284.0
STIM = 48

SHOW = 14.20 LIFT = 10.18 SWET = 63.95 KINX = -12.00
LCLP = 856.80 PWAT = 11.91 TOTL = 26.91 CAPE = 0.00
LCLT = 276.16 CINS = 0.00 EQLV = -9999.00 LFCT = -9999.00
BRCH = 0.00

PRES TMPC TMWC DWPC THTE DRCT SKNT OMEG
CFRL HGHT
987.50 14.44 9.54 5.04 304.73 12.09 8.35 0.00
0.00 303.60
982.80 15.64 9.74 4.26 305.69 15.04 13.48 0.00
0.00 344.00
978.20 15.64 9.55 3.81 305.71 16.43 15.79 0.00
0.00 383.80
973.50 15.54 9.29 3.29 305.57 17.62 17.33 0.00
0.00 424.60
968.70 15.14 9.04 3.14 305.50 17.65 17.93 0.00
0.00 466.50
963.80 14.74 8.73 2.84 305.30 18.06 18.80 0.00
0.00 509.40
958.80 14.34 8.46 2.65 305.21 18.43 19.04 0.00
0.00 553.30
953.70 13.94 8.19 2.46 305.14 18.99 19.11 0.00
0.00 598.30
948.40 13.54 7.94 2.32 305.14 19.34 19.35 0.00
0.00 645.20
943.00 13.04 7.64 2.18 305.05 19.34 19.35 0.10
0.00 693.30
937.30 12.54 7.36 2.10 305.05 19.54 19.17 0.00
0.00 744.20
931.50 12.04 7.07 1.98 305.02 19.54 19.17 0.10
0.00 796.20
925.30 11.54 6.77 1.86 305.04 20.08 19.23 0.10
0.00 852.00
918.80 10.94 6.44 1.76 305.01 20.28 19.06 0.10
0.00 910.90
912.00 10.34 6.08 1.63 304.98 20.28 19.06 0.10
0.00 972.80
904.60 9.64 5.69 1.52 304.94 20.49 18.86 0.10
0.00 1040.50
896.40 8.94 5.26 1.33 304.92 20.49 18.86 0.10
0.00 1116.00
886.90 8.14 4.72 1.00 304.81 20.70 18.69 0.10
0.00 1204.10
875.90 7.14 3.81 0.04 304.08 21.47 18.57 0.10
0.00 1306.90
863.50 6.64 1.66 -5.38 300.77 26.57 18.69 0.10
0.00 1424.10
850.10 6.24 0.19 -9.99 299.20 20.99 17.89 0.10
0.00 1552.30
835.80 6.14 -0.46 -12.55 299.49 10.18 15.38 0.10
0.00 1691.10
820.50 6.14 -0.74 -13.65 300.72 355.03 13.46 0.10
0.00 1842.30
804.50 6.04 -0.85 -13.52 302.46 334.18 13.38 0.10
0.00 2003.50
788.00 5.84 -0.84 -12.52 304.59 319.18 16.94 0.10
0.00 2172.90
770.80 5.74 -1.10 -13.13 306.27 315.00 20.88 0.10
0.00 2353.30
753.10 4.94 -1.96 -14.84 306.81 314.65 22.67 0.10
0.00 2542.90
734.80 4.34 -2.79 -17.17 307.54 314.02 24.05 0.10
0.00 2743.10
716.00 3.44 -3.75 -19.45 308.16 314.37 25.00 0.20
0.00 2953.50
696.60 2.34 -4.75 -21.38 308.88 315.31 25.41 0.20
0.00 3175.60
676.60 0.84 -5.90 -22.54 309.54 314.40 26.11 0.20
0.00 3410.00
656.00 -0.86 -7.09 -23.01 310.31 313.21 26.38 0.10
0.00 3657.30
634.70 -2.56 -8.24 -22.90 311.43 311.19 26.85 0.10
0.00 3919.70
612.80 -4.56 -9.58 -22.72 312.41 307.77 27.27 0.10
0.00 4197.00
590.40 -6.66 -11.11 -23.26 313.25 304.67 28.34 0.10
0.00 4488.80
567.60 -8.66 -12.73 -24.75 314.13 303.26 29.04 0.00
0.00 4795.00
544.50 -10.86 -14.60 -26.90 314.80 301.43 28.69 0.00
0.00 5115.50
521.20 -13.16 -16.51 -28.70 315.66 297.28 27.97 0.00
0.00 5450.00
497.90 -15.56 -18.38 -29.19 316.86 291.80 28.24 0.00
0.00 5796.60
474.40 -18.06 -20.21 -28.53 318.43 288.32 31.51 0.00
0.00 6159.50
450.90 -20.96 -22.36 -27.89 319.71 287.35 35.82 0.00
0.00 6536.90
427.20 -23.76 -24.57 -27.86 321.25 284.90 40.81 0.00
0.00 6933.50
402.80 -27.06 -27.63 -30.41 321.86 284.10 43.07 0.00
0.00 7360.20
378.00 -30.36 -30.88 -34.05 322.71 284.15 46.87 0.10
0.00 7815.00
353.40 -33.36 -33.85 -37.55 324.41 282.45 57.69 0.10
0.00 8290.50
329.00 -37.36 -37.75 -41.72 325.11 278.13 61.81 0.10
0.00 8788.50
305.00 -41.96 -42.28 -47.12 325.30 277.53 65.25 0.10
0.00 9306.30
282.10 -45.06 -45.41 -52.91 327.86 278.48 72.47 0.10
0.00 9831.00
260.40 -48.66 -48.92 -56.52 330.03 276.05 77.35 0.10
0.00 10361.20
240.20 -51.36 -51.56 -58.41 333.63 274.15 83.16 0.10
0.00 10888.60
221.40 -53.16 -53.37 -62.21 338.63 273.75 83.12 0.10
0.00 11415.60
203.10 -54.06 -54.29 -65.02 345.62 277.97 78.46 0.10
0.00 11970.00
184.20 -55.96 -56.18 -68.67 352.27 280.03 73.58 0.10
0.00 12593.70
163.00 -58.16 -58.37 -74.28 361.05 278.28 62.02 0.00
0.00 13367.20
139.40 -61.56 -61.71 -75.31 371.58 277.03 55.57 0.00
0.00 14343.60
114.70 -64.56 -9999.00 -9999.00 -9999.00 283.23 46.70 0.00
0.00 15543.00
89.70 -66.16 -9999.00 -9999.00 -9999.00 287.45 39.51 0.00
0.00 17038.30
64.70 -64.36 -9999.00 -9999.00 -9999.00 274.09 19.08 0.00
0.00 19026.40
39.60 -61.56 -9999.00 -9999.00 -9999.00 260.69 12.00 0.00
0.00 22046.90
14.50 -47.76 -9999.00 -9999.00 -9999.00 259.86 35.31 0.00
0.00 28472.30

STID = KSTJ STNM = 724490 TIME = 081021/0100 
SLAT = 39.79 SLON = -94.95 SELV = 284.0
STIM = 49

SHOW = 13.61 LIFT = 10.93 SWET = 62.28 KINX = -12.26
LCLP = 877.99 PWAT = 11.37 TOTL = 28.95 CAPE = 0.00
LCLT = 276.22 CINS = 0.00 EQLV = -9999.00 LFCT = -9999.00
BRCH = 0.00

PRES TMPC TMWC DWPC THTE DRCT SKNT OMEG
CFRL HGHT
987.90 12.54 8.57 4.76 302.35 20.38 7.25 0.00
0.00 303.50
983.20 14.74 9.13 3.74 304.15 24.30 13.21 0.00
0.00 343.70
978.60 15.24 9.10 3.11 304.54 26.57 16.51 0.00
0.00 383.30
973.90 15.14 8.85 2.60 304.43 28.71 18.61 0.00
0.00 424.10
969.10 14.84 8.58 2.27 304.30 28.38 19.21 0.00
0.00 465.90
964.20 14.44 8.29 2.04 304.17 29.33 19.83 0.00
0.00 508.70
959.20 14.04 8.01 1.82 304.06 29.54 20.09 0.00
0.00 552.60
954.00 13.64 7.74 1.62 304.00 29.54 20.09 0.00
0.00 598.40
948.80 13.14 7.43 1.45 303.86 29.54 20.09 0.00
0.00 644.30
943.40 12.74 7.19 1.34 303.90 29.81 19.93 0.00
0.00 692.30
937.70 12.24 6.89 1.23 303.87 29.60 19.66 0.00
0.00 743.10
931.80 11.74 6.59 1.08 303.83 29.81 19.93 0.00
0.00 795.90
925.70 11.14 6.24 0.95 303.72 29.60 19.66 0.00
0.00 850.70
919.20 10.64 5.92 0.79 303.74 29.89 19.48 0.10
0.00 909.50
912.40 10.04 5.57 0.69 303.74 29.67 19.23 0.10
0.00 971.30
905.00 9.34 5.16 0.55 303.67 29.45 18.96 0.10
0.00 1038.90
896.80 8.64 4.73 0.36 303.65 29.23 18.71 0.10
0.00 1114.20
887.30 7.74 4.09 -0.07 303.35 29.00 18.43 0.10
0.00 1202.20
876.20 6.84 3.13 -1.37 302.51 29.59 18.10 0.10
0.00 1305.80
863.80 6.14 1.83 -3.98 301.14 30.53 17.60 0.10
0.00 1422.70
850.40 5.74 0.51 -7.57 299.90 23.29 16.71 0.10
0.00 1550.70
836.10 5.84 -0.34 -11.13 299.75 9.33 14.37 0.10
0.00 1689.30
820.80 5.74 -0.95 -13.57 300.29 352.46 13.33 0.00
0.00 1840.30
804.80 6.04 -1.00 -14.34 302.10 330.46 13.40 0.00
0.00 2001.20
788.30 6.04 -1.21 -15.07 303.72 319.12 17.21 0.00
0.00 2170.70
771.10 6.04 -1.53 -16.51 305.21 316.53 20.61 0.10
0.00 2351.10
753.40 5.24 -2.33 -18.16 305.90 316.80 21.85 0.10
0.00 2540.80
735.00 4.64 -3.04 -20.09 306.90 317.07 22.82 0.10
0.00 2742.20
716.20 3.64 -3.96 -22.02 307.62 317.34 23.50 0.10
0.00 2952.60
696.80 2.44 -4.92 -23.36 308.45 316.26 25.00 0.10
0.00 3174.70
676.80 0.64 -6.19 -24.09 308.90 315.30 25.95 0.10
0.00 3409.00
656.10 -0.96 -7.28 -24.03 309.93 314.42 26.92 0.10
0.00 3657.40
634.90 -2.56 -8.27 -23.14 311.34 312.14 27.51 0.10
0.00 3918.40
612.90 -4.76 -9.66 -22.39 312.26 308.90 28.46 0.10
0.00 4196.80
590.50 -6.66 -11.04 -22.81 313.37 306.72 29.56 0.10
0.00 4488.40
567.70 -8.76 -12.73 -24.27 314.12 305.32 30.24 0.10
0.00 4794.60
544.60 -10.96 -14.58 -26.22 314.83 302.44 29.70 0.10
0.00 5114.90
521.30 -13.26 -16.48 -27.80 315.73 297.09 28.57 0.00
0.00 5449.20
497.90 -15.66 -18.31 -28.01 317.01 290.74 29.08 0.00
0.00 5797.10
474.50 -18.26 -20.17 -27.21 318.49 287.56 32.19 0.00
0.00 6158.30
450.90 -21.16 -22.34 -26.81 319.76 287.65 35.88 0.10
0.00 6536.90
427.20 -23.76 -24.57 -27.86 321.25 286.10 40.64 0.10
0.00 6933.40
402.80 -27.06 -27.69 -30.83 321.76 284.23 42.68 0.10
0.00 7360.10
378.00 -30.36 -30.92 -34.42 322.63 283.40 46.93 0.10
0.00 7814.90
353.40 -33.46 -33.98 -38.02 324.20 282.00 56.99 0.10
0.00 8290.20
329.00 -37.76 -38.16 -42.37 324.49 278.10 59.25 0.10
0.00 8787.80
305.00 -41.86 -42.21 -47.63 325.40 277.58 63.29 0.10
0.00 9305.20
282.10 -44.76 -45.13 -52.91 328.29 278.40 70.49 0.10
0.00 9830.40
260.40 -48.56 -48.83 -56.52 330.18 275.87 75.97 0.10
0.00 10361.00
240.20 -50.96 -51.18 -58.41 334.23 274.18 82.58 0.10
0.00 10889.10
221.40 -52.76 -52.98 -62.21 339.25 273.81 81.76 0.10
0.00 11417.00
203.10 -54.06 -54.29 -65.02 345.62 277.49 76.01 0.10
0.00 11971.90
184.20 -56.06 -56.27 -68.67 352.11 277.77 70.38 0.10
0.00 12595.50
163.00 -58.16 -58.37 -74.28 361.05 274.03 60.76 0.00
0.00 13368.70
139.40 -61.16 -61.32 -75.31 372.28 277.53 54.86 0.00
0.00 14346.10
114.70 -64.86 -9999.00 -9999.00 -9999.00 282.69 46.00 0.00
0.00 15545.70
89.70 -66.76 -9999.00 -9999.00 -9999.00 288.24 35.37 0.00
0.00 17037.80
64.70 -64.56 -9999.00 -9999.00 -9999.00 274.32 20.65 0.00
0.00 19022.10
39.60 -61.56 -9999.00 -9999.00 -9999.00 264.96 13.27 0.00
0.00 22041.20
14.50 -48.26 -9999.00 -9999.00 -9999.00 261.74 35.14 0.00
0.00 28459.20

STID = KSTJ STNM = 724490 TIME = 081021/0200 
SLAT = 39.79 SLON = -94.95 SELV = 284.0
STIM = 50

SHOW = 13.25 LIFT = 11.51 SWET = 61.21 KINX = -13.23
LCLP = 894.18 PWAT = 11.18 TOTL = 30.20 CAPE = 0.00
LCLT = 276.27 CINS = 0.00 EQLV = -9999.00 LFCT = -9999.00
BRCH = 0.00

PRES TMPC TMWC DWPC THTE DRCT SKNT OMEG
CFRL HGHT
988.40 11.14 7.83 4.55 300.58 25.20 7.30 0.00
0.00 303.40
983.80 13.74 8.60 3.53 302.81 31.92 13.97 0.00
0.00 342.50
979.10 14.54 8.70 2.89 303.53 34.57 17.46 0.00
0.00 382.90
974.40 14.44 8.45 2.37 303.42 36.19 19.74 0.00
0.00 423.50
969.60 14.24 8.22 2.06 303.41 36.98 20.67 0.00
0.00 465.20
964.70 13.84 7.96 1.87 303.32 37.92 21.17 0.00
0.00 507.90
959.70 13.44 7.70 1.73 303.29 37.92 21.17 0.00
0.00 551.70
954.60 13.04 7.45 1.60 303.27 37.83 20.90 0.00
0.00 596.50
949.30 12.64 7.20 1.46 303.28 38.16 20.75 -0.10
0.00 643.20
943.90 12.14 6.89 1.29 303.16 38.07 20.47 0.00
0.00 691.00
938.20 11.74 6.58 1.01 303.08 37.97 20.20 0.00
0.00 741.70
932.30 11.24 6.22 0.74 302.93 37.97 20.20 0.00
0.00 794.40
926.20 10.74 5.85 0.42 302.77 38.31 20.05 0.00
0.00 849.10
919.70 10.24 5.47 0.10 302.65 37.78 19.66 0.00
0.00 907.80
912.90 9.74 5.08 -0.24 302.55 37.67 19.39 0.00
0.00 969.40
905.50 9.04 4.59 -0.58 302.31 37.46 18.84 0.00
0.00 1036.90
897.30 8.44 4.15 -0.91 302.29 36.87 18.45 0.00
0.00 1112.10
887.70 7.64 3.61 -1.23 302.21 35.75 17.95 0.10
0.00 1200.90
876.70 6.64 2.89 -1.75 301.93 35.46 17.40 0.10
0.00 1303.40
864.30 5.64 1.87 -3.07 301.20 33.88 16.38 0.10
0.00 1420.10
850.80 5.24 0.70 -5.93 300.30 28.50 15.46 0.10
0.00 1548.80
836.50 5.14 -0.48 -10.02 299.48 12.15 12.92 0.10
0.00 1687.10
821.20 5.44 -1.16 -13.79 299.83 353.19 13.11 0.00
0.00 1837.70
805.20 5.94 -1.27 -15.64 301.46 331.19 13.31 0.00
0.00 1998.50
788.60 6.34 -1.31 -16.77 303.40 320.03 17.23 0.10
0.00 2168.90
771.40 6.14 -1.72 -18.17 304.73 317.76 19.93 0.10
0.00 2349.40
753.70 5.64 -2.39 -20.36 305.64 318.50 20.22 0.10
0.00 2539.10
735.30 4.94 -3.20 -23.02 306.43 319.86 21.10 0.10
0.00 2740.70
716.50 3.84 -4.12 -24.77 307.16 318.08 22.98 0.10
0.00 2951.20
697.10 2.34 -5.18 -25.39 307.84 316.53 25.70 0.20
0.00 3173.20
677.10 0.74 -6.25 -25.24 308.71 315.29 26.79 0.20
0.00 3407.40
656.40 -0.86 -7.24 -24.30 309.93 315.00 28.01 0.20
0.00 3655.70
635.10 -2.76 -8.33 -22.66 311.21 313.08 28.73 0.10
0.00 3917.80
613.10 -4.76 -9.55 -21.64 312.46 311.57 29.86 0.10
0.00 4196.00
590.70 -6.76 -10.98 -21.97 313.48 309.67 31.04 0.10
0.00 4487.50
567.80 -8.96 -12.71 -23.25 314.16 308.22 31.39 0.10
0.00 4794.80
544.70 -11.16 -14.55 -24.97 314.90 304.90 30.56 0.10
0.00 5114.80
521.40 -13.46 -16.39 -26.06 315.90 298.07 29.72 0.10
0.00 5448.80
498.00 -15.76 -18.09 -25.95 317.41 290.73 30.73 0.10
0.00 5796.50
474.50 -18.46 -20.06 -25.58 318.71 288.12 33.72 0.10
0.00 6159.00
450.90 -21.26 -22.30 -26.14 319.84 289.29 37.04 0.10
0.00 6537.40
427.20 -23.76 -24.65 -28.35 321.12 287.67 41.59 0.10
0.00 6933.80
402.80 -26.96 -27.70 -31.43 321.75 283.91 43.63 0.10
0.00 7360.60
378.00 -30.26 -30.90 -34.98 322.66 282.43 48.74 0.00
0.00 7815.60
353.40 -33.66 -34.22 -38.76 323.82 281.39 56.08 0.00
0.00 8290.80
329.00 -37.96 -38.40 -43.43 324.10 278.05 56.90 0.00
0.00 8787.90
305.00 -41.56 -41.98 -48.74 325.74 277.50 62.51 0.00
0.00 9305.50
282.10 -44.76 -45.13 -52.91 328.29 277.63 68.78 0.10
0.00 9831.00
260.40 -48.46 -48.73 -56.52 330.32 275.53 74.55 0.10
0.00 10361.80
240.20 -50.76 -50.99 -58.41 334.53 274.10 81.60 0.10
0.00 10890.10
221.40 -52.56 -52.79 -62.21 339.56 274.11 81.41 0.10
0.00 11418.60
203.10 -53.96 -54.19 -65.02 345.78 275.44 73.76 0.10
0.00 11973.90
184.20 -56.26 -56.47 -68.67 351.79 274.99 69.23 0.10
0.00 12597.30
163.00 -58.26 -58.46 -74.28 360.88 270.37 60.80 0.00
0.00 13370.00
139.40 -60.66 -60.83 -75.31 373.16 277.80 52.93 0.00
0.00 14348.30
114.70 -64.96 -9999.00 -9999.00 -9999.00 281.69 46.02 0.00
0.00 15549.00
89.70 -67.16 -9999.00 -9999.00 -9999.00 284.95 32.36 0.00
0.00 17039.30
64.70 -64.76 -9999.00 -9999.00 -9999.00 273.64 21.41 0.00
0.00 19020.70
39.60 -61.46 -9999.00 -9999.00 -9999.00 267.44 13.03 0.00
0.00 22039.10
14.50 -48.46 -9999.00 -9999.00 -9999.00 262.95 34.85 0.00
0.00 28455.70

STID = KSTJ STNM = 724490 TIME = 081021/0300 
SLAT = 39.79 SLON = -94.95 SELV = 284.0
STIM = 51

SHOW = 13.18 LIFT = 12.16 SWET = 60.19 KINX = -13.94
LCLP = 909.71 PWAT = 11.13 TOTL = 30.61 CAPE = 0.00
LCLT = 276.28 CINS = 0.00 EQLV = -9999.00 LFCT = -9999.00
BRCH = 0.00

PRES TMPC TMWC DWPC THTE DRCT SKNT OMEG
CFRL HGHT
989.40 9.84 7.12 4.33 298.86 26.57 7.38 0.00
0.00 303.30
984.80 12.34 7.90 3.40 301.08 34.35 14.12 0.00
0.00 342.20
980.10 13.24 8.07 2.81 301.96 37.61 18.14 0.00
0.00 382.30
975.40 13.44 7.93 2.21 302.10 39.52 20.14 0.00
0.00 422.80
970.60 13.14 7.64 1.86 301.95 40.99 21.62 0.00
0.00 464.30
965.70 12.84 7.38 1.57 301.88 42.21 22.55 0.00
0.00 506.80
960.60 12.44 7.10 1.37 301.80 43.26 22.67 0.00
0.00 551.20
955.50 12.14 6.88 1.20 301.86 43.95 22.40 0.00
0.00 595.80
950.20 11.74 6.60 1.00 301.81 44.28 21.97 0.00
0.00 642.30
944.80 11.44 6.36 0.76 301.84 45.00 21.70 -0.10
0.00 689.90
939.10 11.04 6.07 0.55 301.83 45.00 21.15 -0.10
0.00 740.40
933.20 10.64 5.75 0.23 301.75 45.75 20.88 -0.10
0.00 793.00
927.10 10.24 5.40 -0.13 301.66 46.15 20.47 -0.10
0.00 847.50
920.60 9.74 5.01 -0.49 301.52 46.97 19.93 -0.10
0.00 906.00
913.70 9.34 4.65 -0.91 301.48 47.03 19.39 -0.10
0.00 968.40
906.30 8.84 4.23 -1.33 301.40 47.09 18.82 -0.10
0.00 1035.70
898.10 8.34 3.78 -1.82 301.36 47.19 18.01 -0.10
0.00 1110.90
888.50 7.54 3.15 -2.40 301.10 46.37 17.17 -0.10
0.00 1199.50
877.50 6.74 2.53 -2.91 301.05 45.48 16.34 -0.10
0.00 1301.90
865.10 5.74 1.79 -3.45 300.94 45.00 15.38 0.00
0.00 1418.60
851.60 4.84 0.68 -5.30 300.19 43.90 14.30 0.00
0.00 1547.00
837.20 4.54 -0.63 -9.26 299.14 30.47 11.50 0.00
0.00 1685.90
821.90 4.84 -1.59 -14.32 298.90 6.01 11.13 0.00
0.00 1836.10
805.90 5.54 -1.83 -17.86 300.22 332.20 12.08 0.00
0.00 1996.40
789.30 6.64 -1.37 -18.41 303.12 317.86 16.51 0.00
0.00 2166.60
772.10 6.34 -1.89 -20.43 304.21 318.47 18.16 0.00
0.00 2347.10
754.30 6.04 -2.50 -23.45 305.25 320.67 18.08 0.10
0.00 2537.90
735.90 5.14 -3.35 -25.95 305.96 320.12 19.99 0.10
0.00 2739.50
717.00 3.84 -4.28 -26.59 306.74 318.08 22.98 0.10
0.00 2951.00
697.50 2.34 -5.25 -26.20 307.62 318.01 26.13 0.10
0.00 3174.10
677.50 0.94 -6.04 -24.36 309.08 317.29 27.49 0.20
0.00 3408.20
656.80 -0.86 -6.94 -21.82 310.53 315.81 29.25 0.10
0.00 3656.40
635.50 -2.86 -8.04 -20.24 311.78 314.21 29.82 0.10
0.00 3918.40
613.50 -4.76 -9.22 -19.64 313.07 312.97 31.06 0.10
0.00 4196.40
591.00 -6.86 -10.75 -20.25 313.89 312.06 32.19 0.10
0.00 4489.00
568.10 -9.06 -12.51 -21.62 314.52 311.05 31.93 0.10
0.00 4796.00
545.00 -11.26 -14.30 -22.98 315.33 307.09 30.92 0.10
0.00 5115.80
521.60 -13.56 -16.07 -23.58 316.47 298.98 30.87 0.10
0.00 5451.00
498.20 -15.96 -17.83 -23.59 317.85 291.80 32.42 0.10
0.00 5798.40
474.60 -18.66 -19.98 -24.33 318.84 290.70 35.72 0.10
0.00 6162.00
451.00 -21.26 -22.32 -26.25 319.78 292.17 39.65 0.10
0.00 6540.30
427.20 -23.76 -24.74 -28.98 320.95 289.90 43.38 0.10
0.00 6938.30
402.80 -26.86 -27.72 -32.21 321.71 284.40 44.52 0.10
0.00 7365.10
378.00 -30.16 -30.93 -36.00 322.62 281.66 49.98 0.00
0.00 7820.30
353.40 -33.96 -34.59 -40.13 323.24 280.27 54.49 0.00
0.00 8295.30
329.00 -38.16 -38.63 -44.20 323.75 277.90 55.11 0.00
0.00 8791.90
305.00 -41.26 -41.71 -48.74 326.17 277.10 61.27 0.00
0.00 9309.60
282.10 -45.06 -45.41 -52.91 327.86 276.41 66.06 0.00
0.00 9835.00
260.40 -48.46 -48.71 -55.43 330.36 275.08 72.36 0.00
0.00 10365.50
240.20 -50.76 -50.99 -58.41 334.53 273.80 79.23 0.00
0.00 10893.90
221.40 -52.46 -52.70 -62.21 339.71 274.22 79.27 0.00
0.00 11422.40
203.10 -53.76 -54.00 -65.02 346.09 272.93 72.16 0.10
0.00 11978.10
184.20 -56.06 -56.27 -68.67 352.11 272.57 69.42 0.00
0.00 12602.10
163.00 -58.46 -58.66 -74.28 360.55 267.87 62.59 0.00
0.00 13374.80
139.40 -60.46 -60.64 -75.31 373.51 275.75 50.37 0.00
0.00 14353.10
114.70 -64.66 -9999.00 -9999.00 -9999.00 280.30 45.61 0.00
0.00 15555.30
89.70 -67.36 -9999.00 -9999.00 -9999.00 279.69 32.32 0.00
0.00 17045.90
64.70 -64.86 -9999.00 -9999.00 -9999.00 273.48 22.38 0.00
0.00 19025.90
39.60 -61.36 -9999.00 -9999.00 -9999.00 265.91 10.90 0.00
0.00 22044.20
14.50 -48.46 -9999.00 -9999.00 -9999.00 263.84 34.38 0.00
0.00 28462.30

STID = KSTJ STNM = 724490 TIME = 081021/0400 
SLAT = 39.79 SLON = -94.95 SELV = 284.0
STIM = 52

SHOW = 13.14 LIFT = 13.87 SWET = 53.56 KINX = -13.62
LCLP = 917.30 PWAT = 10.79 TOTL = 30.74 CAPE = 0.00
LCLT = 275.90 CINS = 0.00 EQLV = -9999.00 LFCT = -9999.00
BRCH = 0.00

PRES TMPC TMWC DWPC THTE DRCT SKNT OMEG
CFRL HGHT
990.10 8.84 6.42 3.84 297.23 22.38 7.15 0.00
0.00 303.20
985.40 11.04 7.02 2.74 299.01 32.01 12.82 0.00
0.00 342.80
980.80 11.54 6.91 1.88 299.23 37.53 16.90 0.00
0.00 381.80
976.00 12.04 6.55 0.24 298.86 40.97 19.56 0.00
0.00 422.80
971.20 12.04 6.23 -0.64 298.64 43.55 21.72 0.00
0.00 464.10
966.30 11.94 5.80 -1.80 298.16 45.00 23.08 0.00
0.00 506.40
961.20 11.94 5.55 -2.55 298.14 46.64 24.05 0.00
0.00 550.70
956.10 11.64 5.29 -2.87 298.11 47.32 23.78 0.00
0.00 595.10
950.90 11.34 5.06 -3.07 298.17 48.37 23.39 0.00
0.00 640.70
945.40 11.04 4.85 -3.19 298.32 49.18 22.59 -0.10
0.00 689.00
939.70 10.64 4.60 -3.31 298.39 49.67 21.91 -0.10
0.00 739.40
933.80 10.24 4.33 -3.44 298.48 50.53 21.39 -0.10
0.00 791.80
927.60 9.84 4.08 -3.53 298.63 51.51 20.59 -0.10
0.00 847.10
921.10 9.44 3.83 -3.62 298.81 52.22 19.66 -0.10
0.00 905.40
914.30 9.04 3.60 -3.64 299.07 53.84 18.76 -0.20
0.00 966.80
906.90 8.54 3.30 -3.70 299.27 54.75 17.83 -0.20
0.00 1034.00
898.60 8.04 2.97 -3.82 299.53 55.94 16.65 -0.20
0.00 1109.90
889.10 7.34 2.52 -4.01 299.66 56.92 15.31 -0.20
0.00 1197.40
878.00 6.64 1.92 -4.64 299.67 57.65 13.79 -0.20
0.00 1300.60
865.60 5.74 1.23 -5.22 299.67 56.82 12.06 -0.20
0.00 1417.20
852.10 4.74 0.50 -5.73 299.74 56.89 10.66 -0.10
0.00 1545.50
837.70 3.94 -0.61 -7.91 299.16 45.94 8.37 -0.10
0.00 1684.10
822.40 3.64 -1.87 -12.19 298.41 16.70 8.12 -0.10
0.00 1833.80
806.30 4.34 -2.58 -18.26 298.76 330.83 9.56 -0.10
0.00 1994.30
789.70 6.14 -1.92 -20.53 301.94 314.47 14.98 -0.10
0.00 2163.90
772.50 6.34 -2.09 -22.19 303.72 315.00 16.76 -0.10
0.00 2344.10
754.70 6.04 -2.65 -25.16 304.84 318.37 16.38 -0.10
0.00 2534.80
736.30 4.94 -3.58 -27.43 305.43 320.12 18.47 0.00
0.00 2736.20
717.30 3.74 -4.44 -27.91 306.36 319.79 21.37 0.00
0.00 2948.60
697.90 2.34 -5.19 -25.53 307.71 320.02 25.10 0.10
0.00 3170.40
677.80 0.94 -5.59 -20.70 310.01 318.40 27.80 0.10
0.00 3405.60
657.10 -0.96 -6.31 -17.49 311.84 316.81 30.36 0.10
0.00 3653.70
635.70 -3.06 -7.44 -16.37 313.01 315.00 31.04 0.10
0.00 3916.80
613.70 -4.96 -8.72 -16.51 314.08 314.27 32.56 0.00
0.00 4194.50
591.20 -7.16 -10.41 -17.59 314.56 314.29 33.10 0.00
0.00 4486.80
568.30 -9.36 -12.28 -19.35 314.96 313.52 31.88 0.00
0.00 4793.40
545.10 -11.66 -14.17 -20.74 315.60 309.34 30.63 0.00
0.00 5114.10
521.70 -13.86 -15.86 -21.33 316.87 301.09 30.85 0.00
0.00 5448.80
498.30 -16.26 -17.78 -22.20 317.95 294.61 33.12 0.10
0.00 5795.80
474.70 -18.56 -19.89 -24.23 318.98 295.37 37.63 0.10
0.00 6159.30
451.00 -21.16 -22.32 -26.69 319.78 295.28 42.75 0.10
0.00 6539.20
427.20 -23.86 -24.88 -29.38 320.72 291.48 45.09 0.00
0.00 6937.20
402.80 -27.06 -27.94 -32.71 321.34 286.22 44.50 0.00
0.00 7363.80
378.00 -30.16 -30.99 -36.66 322.51 280.59 48.62 0.00
0.00 7818.80
353.40 -34.16 -34.81 -40.73 322.89 278.22 52.99 0.00
0.00 8293.60
329.00 -38.36 -38.81 -44.20 323.47 276.01 55.67 -0.10
0.00 8789.80
305.00 -41.46 -41.87 -48.17 325.92 275.47 59.13 0.00
0.00 9307.00
282.10 -45.36 -45.67 -52.10 327.47 274.66 62.18 0.00
0.00 9831.90
260.40 -48.76 -48.99 -55.43 329.92 273.56 68.90 0.00
0.00 10361.60
240.20 -51.26 -51.49 -59.85 333.74 273.08 75.87 0.00
0.00 10889.10
221.40 -52.66 -52.89 -62.21 339.40 273.15 74.32 0.00
0.00 11416.80
203.10 -53.56 -53.83 -67.97 346.36 270.78 71.48 0.10
0.00 11972.50
184.20 -55.66 -55.89 -68.67 352.76 270.16 69.54 0.10
0.00 12597.30
163.00 -58.46 -58.66 -74.28 360.55 266.24 65.21 0.00
0.00 13370.70
139.40 -60.66 -60.83 -75.31 373.16 272.65 50.37 0.00
0.00 14348.50
114.70 -64.36 -9999.00 -9999.00 -9999.00 277.40 45.24 0.00
0.00 15551.00
89.70 -67.06 -9999.00 -9999.00 -9999.00 274.93 33.92 0.00
0.00 17043.80
64.70 -64.86 -9999.00 -9999.00 -9999.00 273.31 23.54 0.00
0.00 19025.30
39.60 -61.36 -9999.00 -9999.00 -9999.00 260.73 9.63 0.00
0.00 22043.60
14.50 -48.56 -9999.00 -9999.00 -9999.00 265.02 33.55 0.00
0.00 28460.20

STID = KSTJ STNM = 724490 TIME = 081021/0500 
SLAT = 39.79 SLON = -94.95 SELV = 284.0
STIM = 53

SHOW = 13.53 LIFT = 14.89 SWET = 44.51 KINX = -13.24
LCLP = 926.12 PWAT = 11.05 TOTL = 29.82 CAPE = 0.00
LCLT = 275.36 CINS = 0.00 EQLV = -9999.00 LFCT = -9999.00
BRCH = 0.00

PRES TMPC TMWC DWPC THTE DRCT SKNT OMEG
CFRL HGHT
990.40 7.54 5.47 3.16 295.17 17.93 6.93 0.00
0.00 303.10
985.70 10.14 6.10 1.51 296.93 30.19 12.35 0.00
0.00 342.50
981.00 10.44 5.97 0.79 297.11 36.73 16.24 0.00
0.00 382.20
976.30 11.24 5.66 -1.24 296.84 41.19 18.59 0.00
0.00 422.30
971.50 11.44 5.45 -2.17 296.86 45.73 21.43 0.00
0.00 463.40
966.50 11.44 5.21 -2.89 296.86 47.76 22.82 0.00
0.00 506.50
961.50 11.44 5.00 -3.56 296.91 49.40 23.29 0.00
0.00 549.70
956.40 11.14 4.72 -3.94 296.85 51.12 23.21 0.00
0.00 594.10
951.10 10.84 4.48 -4.19 296.90 52.34 22.57 0.10
0.00 640.40
945.60 10.54 4.24 -4.45 296.96 53.33 21.79 0.00
0.00 688.70
940.00 10.24 3.99 -4.71 297.04 53.97 21.13 0.00
0.00 738.10
934.10 9.94 3.74 -4.98 297.15 54.78 20.20 0.00
0.00 790.40
927.90 9.64 3.49 -5.26 297.28 55.82 19.02 0.00
0.00 845.60
921.40 9.24 3.16 -5.59 297.32 56.48 17.95 0.00
0.00 903.90
914.60 8.84 2.85 -5.88 297.41 57.23 16.86 0.00
0.00 965.10
907.10 8.34 2.49 -6.13 297.50 58.67 15.70 0.00
0.00 1033.20
898.90 7.84 2.15 -6.30 297.71 59.97 14.36 0.00
0.00 1108.00
889.30 7.24 1.82 -6.24 298.11 61.46 12.61 0.00
0.00 1196.40
878.20 6.44 1.38 -6.12 298.50 63.43 10.86 0.00
0.00 1299.50
865.80 5.64 0.79 -6.55 298.71 64.03 8.43 0.00
0.00 1415.90
852.30 4.74 0.13 -6.99 298.95 61.11 6.43 0.10
0.00 1544.20
837.90 3.74 -0.75 -8.01 298.87 39.81 4.55 0.10
0.00 1682.70
822.60 3.04 -1.98 -11.14 298.21 5.91 5.67 0.10
0.00 1832.10
806.50 3.44 -2.93 -17.07 298.13 323.97 7.93 0.10
0.00 1992.20
789.90 5.34 -2.41 -20.90 300.96 310.33 13.50 0.10
0.00 2161.30
772.60 6.24 -2.20 -22.74 303.47 310.07 15.99 0.10
0.00 2342.20
754.80 6.04 -2.63 -24.99 304.87 312.37 15.00 0.00
0.00 2532.80
736.40 4.74 -3.69 -27.43 305.20 317.45 16.08 0.10
0.00 2734.10
717.50 3.54 -4.59 -28.52 306.02 319.27 18.45 0.10
0.00 2945.20
698.00 2.24 -5.10 -24.03 307.91 320.88 22.79 0.10
0.00 3167.90
677.90 0.84 -4.97 -16.49 311.37 319.35 27.14 0.20
0.00 3403.00
657.20 -1.06 -5.44 -13.14 313.71 317.33 30.38 0.20
0.00 3651.20
635.80 -3.16 -6.75 -13.15 314.47 315.50 31.59 0.10
0.00 3914.10
613.80 -5.26 -8.25 -13.81 315.05 315.00 33.24 0.10
0.00 4191.70
591.20 -7.56 -10.06 -15.08 315.28 315.24 32.56 0.10
0.00 4485.00
568.30 -9.76 -12.02 -17.02 315.49 314.74 30.36 0.10
0.00 4791.20
545.20 -11.96 -13.93 -18.69 316.06 310.60 28.65 0.10
0.00 5110.10
521.80 -14.16 -15.77 -19.95 317.03 301.48 29.39 0.10
0.00 5444.40
498.30 -16.36 -17.76 -21.77 317.99 297.33 32.58 0.10
0.00 5792.60
474.70 -18.56 -19.85 -24.04 319.04 297.23 37.35 0.00
0.00 6156.00
451.00 -21.06 -22.17 -26.25 320.04 293.55 41.32 0.10
0.00 6536.10
427.20 -23.86 -24.82 -28.98 320.82 288.03 43.30 0.00
0.00 6934.10
402.80 -27.16 -28.02 -32.71 321.21 286.53 44.37 0.00
0.00 7360.60
378.00 -30.26 -31.08 -36.66 322.38 281.36 46.37 0.00
0.00 7815.40
353.40 -34.26 -34.86 -40.13 322.83 277.39 51.32 0.00
0.00 8290.00
329.00 -38.46 -38.86 -43.43 323.41 273.38 56.04 0.00
0.00 8786.00
305.00 -41.76 -42.12 -47.63 325.54 273.27 57.98 0.00
0.00 9302.80
282.10 -45.66 -45.95 -52.10 327.04 272.40 60.28 0.00
0.00 9827.00
260.40 -48.96 -49.19 -55.43 329.63 271.67 66.45 0.00
0.00 10356.20
240.20 -51.66 -51.87 -59.85 333.14 272.31 72.32 0.00
0.00 10882.90
221.40 -52.86 -53.11 -64.38 339.05 271.40 71.31 0.00
0.00 11409.90
203.10 -53.66 -53.93 -67.97 346.20 269.68 70.51 0.10
0.00 11965.20
184.20 -55.36 -55.60 -68.67 353.25 268.06 69.00 0.00
0.00 12590.30
163.00 -58.06 -58.27 -74.28 361.22 266.47 66.16 0.00
0.00 13365.00
139.40 -60.96 -61.13 -75.31 372.64 269.78 51.67 0.00
0.00 14343.00
114.70 -64.06 -9999.00 -9999.00 -9999.00 274.14 45.77 0.00
0.00 15545.50
89.70 -66.86 -9999.00 -9999.00 -9999.00 271.90 35.18 0.00
0.00 17040.10
64.70 -64.76 -9999.00 -9999.00 -9999.00 274.61 24.16 0.00
0.00 19023.00
39.60 -61.46 -9999.00 -9999.00 -9999.00 259.38 9.48 0.00
0.00 22041.30
14.50 -48.36 -9999.00 -9999.00 -9999.00 264.49 32.40 0.00
0.00 28459.40

STID = KSTJ STNM = 724490 TIME = 081021/0600 
SLAT = 39.79 SLON = -94.95 SELV = 284.0
STIM = 54

SHOW = 13.73 LIFT = 15.10 SWET = 37.71 KINX = -9.29
LCLP = 931.00 PWAT = 11.56 TOTL = 29.09 CAPE = 0.00
LCLT = 274.70 CINS = 0.00 EQLV = -9999.00 LFCT = -9999.00
BRCH = 0.00

PRES TMPC TMWC DWPC THTE DRCT SKNT OMEG
CFRL HGHT
990.30 6.44 4.60 2.42 293.34 23.20 7.40 0.00
0.00 303.00
985.60 9.54 5.39 0.41 295.40 33.92 13.58 0.00
0.00 342.30
981.00 9.94 5.33 -0.29 295.73 40.53 17.64 0.00
0.00 381.10
976.20 10.94 5.31 -1.86 296.09 44.60 19.91 0.00
0.00 421.90
971.40 11.14 5.19 -2.53 296.31 48.91 22.16 0.10
0.00 463.00
966.50 11.04 4.94 -3.15 296.27 51.19 22.94 0.10
0.00 505.20
961.40 10.94 4.72 -3.65 296.33 53.13 23.31 0.10
0.00 549.30
956.30 10.74 4.51 -3.99 296.41 54.69 22.84 0.10
0.00 593.60
951.00 10.44 4.25 -4.29 296.42 56.45 22.14 0.10
0.00 639.80
945.60 10.24 4.06 -4.54 296.59 57.77 21.13 0.10
0.00 687.10
939.90 9.94 3.80 -4.85 296.65 59.04 20.40 0.10
0.00 737.30
934.00 9.64 3.53 -5.17 296.72 59.83 19.33 0.10
0.00 789.60
927.80 9.34 3.26 -5.50 296.83 60.41 18.10 0.10
0.00 844.80
921.30 8.94 2.95 -5.78 296.90 61.65 16.78 0.10
0.00 903.00
914.50 8.64 2.68 -6.12 297.07 62.14 15.38 0.10
0.00 964.20
907.10 8.24 2.32 -6.58 297.14 62.72 13.99 0.10
0.00 1031.30
898.80 7.74 1.91 -7.00 297.22 63.43 12.16 0.20
0.00 1107.00
889.20 7.14 1.49 -7.25 297.44 64.40 10.33 0.20
0.00 1195.40
878.20 6.44 1.07 -7.25 297.84 64.06 7.98 0.20
0.00 1297.50
865.70 5.64 0.54 -7.44 298.21 61.56 5.30 0.20
0.00 1414.90
852.20 4.84 -0.13 -8.16 298.41 35.54 3.34 0.30
0.00 1543.10
837.90 3.94 -1.09 -9.76 298.16 356.99 3.69 0.30
0.00 1680.80
822.50 3.54 -2.08 -12.96 297.97 338.55 5.85 0.30
0.00 1831.30
806.50 4.34 -2.43 -17.26 299.04 313.32 9.34 0.30
0.00 1990.80
789.80 6.34 -1.81 -20.65 302.12 306.42 14.72 0.30
0.00 2161.50
772.60 7.04 -1.76 -22.89 304.31 305.54 16.71 0.20
0.00 2342.00
754.80 6.34 -2.42 -24.51 305.29 305.29 15.46 0.20
0.00 2533.00
736.40 4.94 -3.45 -25.77 305.72 309.09 16.03 0.20
0.00 2734.40
717.40 3.64 -4.19 -24.30 306.93 312.40 18.14 0.20
0.00 2946.80
698.00 2.24 -4.48 -19.05 309.29 316.74 22.67 0.30
0.00 3168.50
677.90 0.74 -4.37 -13.36 312.69 316.42 27.62 0.30
0.00 3403.60
657.20 -1.26 -5.11 -11.45 314.43 314.74 30.36 0.30
0.00 3651.70
635.80 -3.26 -6.45 -11.86 315.09 312.77 31.76 0.30
0.00 3914.60
613.80 -5.46 -8.02 -12.56 315.53 312.83 32.58 0.20
0.00 4192.00
591.20 -7.86 -9.89 -13.76 315.64 313.20 30.65 0.20
0.00 4485.10
568.30 -9.96 -11.77 -15.56 315.98 312.17 27.78 0.20
0.00 4791.00
545.10 -12.06 -13.69 -17.45 316.52 306.95 26.50 0.10
0.00 5111.20
521.80 -14.36 -15.70 -19.06 317.17 297.98 28.15 0.10
0.00 5444.00
498.30 -16.56 -17.70 -20.88 318.09 295.30 31.37 0.00
0.00 5791.90
474.70 -18.86 -19.85 -22.93 319.06 293.80 34.19 0.00
0.00 6155.00
451.00 -21.36 -22.11 -24.70 320.16 289.47 37.30 0.00
0.00 6534.60
427.20 -23.96 -24.64 -27.40 321.13 285.72 41.57 0.00
0.00 6932.40
402.80 -27.36 -28.02 -31.43 321.23 281.36 43.40 0.00
0.00 7358.60
378.00 -30.36 -30.97 -34.79 322.57 279.99 44.77 -0.10
0.00 7813.20
353.40 -34.36 -34.76 -38.02 322.98 276.49 48.10 -0.10
0.00 8287.60
329.00 -38.56 -38.83 -41.72 323.46 270.85 52.45 0.00
100.00 8783.40
305.00 -42.06 -42.37 -47.12 325.15 271.21 55.38 0.00
0.00 9299.70
282.10 -45.86 -46.14 -52.10 326.75 270.57 59.05 0.00
0.00 9823.40
260.40 -49.06 -49.31 -56.52 329.44 270.52 64.30 0.00
0.00 10352.20
240.20 -51.56 -51.78 -59.85 333.29 271.62 68.59 0.00
0.00 10878.90
221.40 -52.76 -53.01 -64.38 339.20 270.16 69.93 0.00
0.00 11406.10
203.10 -53.86 -54.12 -67.97 345.89 268.73 69.95 0.00
0.00 11961.30
184.20 -55.36 -55.60 -68.67 353.25 267.44 69.62 0.00
0.00 12586.20
163.00 -58.06 -58.27 -74.28 361.22 268.49 66.26 0.00
0.00 13360.80
139.40 -61.26 -61.42 -75.31 372.11 268.33 53.24 0.00
0.00 14338.20
114.70 -64.06 -9999.00 -9999.00 -9999.00 272.13 47.05 0.00
0.00 15539.80
89.70 -66.36 -9999.00 -9999.00 -9999.00 269.69 35.94 0.00
0.00 17036.30
64.70 -64.26 -9999.00 -9999.00 -9999.00 274.29 23.37 0.00
0.00 19023.90
39.60 -61.36 -9999.00 -9999.00 -9999.00 264.51 10.14 0.00
0.00 22046.50
14.50 -48.36 -9999.00 -9999.00 -9999.00 263.46 30.69 0.00
0.00 28466.10

STID = KSTJ STNM = 724490 TIME = 081021/0700 
SLAT = 39.79 SLON = -94.95 SELV = 284.0
STIM = 55

SHOW = 13.78 LIFT = 15.09 SWET = 35.29 KINX = -5.11
LCLP = 928.03 PWAT = 12.19 TOTL = 28.46 CAPE = 0.00
LCLT = 273.79 CINS = 0.00 EQLV = -9999.00 LFCT = -9999.00
BRCH = 0.00

PRES TMPC TMWC DWPC THTE DRCT SKNT OMEG
CFRL HGHT
990.00 5.74 3.86 1.54 291.87 37.75 7.61 0.00
0.00 303.00
985.30 8.74 4.74 -0.26 294.07 43.33 14.16 0.00
0.00 342.10
980.70 9.64 4.94 -0.99 294.91 49.09 19.27 0.00
0.00 380.90
975.90 10.64 5.05 -2.19 295.58 52.21 21.87 0.00
0.00 421.70
971.10 10.74 4.93 -2.70 295.80 55.92 23.91 0.00
0.00 462.70
966.20 10.64 4.74 -3.11 295.90 57.70 24.36 0.10
0.00 504.80
961.20 10.44 4.53 -3.44 295.96 59.51 24.13 0.10
0.00 548.00
956.00 10.14 4.27 -3.73 295.97 61.31 23.47 0.10
0.00 593.10
950.80 10.04 4.12 -4.02 296.19 62.77 22.49 0.10
0.00 638.40
945.30 9.84 3.91 -4.32 296.33 63.90 21.64 0.10
0.00 686.60
939.60 9.54 3.64 -4.67 296.36 65.11 20.77 0.10
0.00 736.70
933.70 9.34 3.41 -5.04 296.52 66.21 19.74 0.10
0.00 788.90
927.50 9.04 3.13 -5.41 296.60 67.20 18.55 0.10
0.00 844.10
921.10 8.74 2.85 -5.79 296.70 68.44 16.92 0.10
0.00 901.30
914.20 8.44 2.56 -6.18 296.85 69.27 15.37 0.10
0.00 963.40
906.80 8.04 2.18 -6.69 296.89 69.73 13.46 0.10
0.00 1030.50
898.60 7.64 1.82 -7.16 297.05 70.02 11.36 0.10
0.00 1105.30
889.00 7.14 1.38 -7.67 297.23 68.43 8.97 0.10
0.00 1193.60
877.90 6.44 0.88 -7.99 297.47 63.43 6.08 0.20
0.00 1296.80
865.50 5.74 0.34 -8.45 297.79 45.00 3.57 0.20
0.00 1413.20
852.00 5.04 -0.37 -9.55 297.92 360.00 3.11 0.20
0.00 1541.50
837.60 4.44 -1.23 -11.63 297.85 340.02 4.55 0.20
0.00 1680.40
822.30 4.54 -1.83 -14.72 298.38 326.31 7.01 0.30
0.00 1830.40
806.30 6.24 -1.46 -18.06 300.87 308.81 11.46 0.20
0.00 1990.70
789.60 8.14 -0.80 -20.53 304.12 305.31 17.13 0.20
0.00 2162.50
772.40 7.84 -1.15 -21.28 305.59 301.37 18.65 0.20
0.00 2343.90
754.60 6.54 -1.96 -21.05 306.34 299.43 17.40 0.20
0.00 2535.30
736.20 5.14 -2.73 -19.96 307.35 301.69 18.49 0.20
0.00 2737.00
717.30 3.94 -3.13 -17.28 309.28 304.29 20.69 0.20
0.00 2948.60
697.80 2.34 -3.52 -14.01 311.43 310.10 24.13 0.20
0.00 3171.70
677.80 0.54 -3.98 -11.32 313.58 310.17 27.70 0.20
0.00 3405.80
657.00 -1.46 -5.04 -10.80 314.63 309.56 28.98 0.20
0.00 3654.90
635.70 -3.46 -6.38 -11.21 315.27 308.84 29.43 0.30
0.00 3916.50
613.70 -5.76 -8.00 -11.90 315.59 308.66 28.61 0.30
0.00 4193.70
591.10 -8.06 -9.83 -13.13 315.78 309.05 26.52 0.20
0.00 4486.60
568.20 -10.06 -11.63 -14.81 316.28 305.86 24.20 0.20
0.00 4792.40
545.10 -12.16 -13.52 -16.55 316.84 299.46 24.09 0.10
0.00 5111.20
521.70 -14.46 -15.49 -17.97 317.57 292.04 26.40 0.10
0.00 5445.30
498.20 -16.86 -17.63 -19.67 318.26 290.02 28.94 0.10
0.00 5793.00
474.70 -19.06 -19.70 -21.59 319.33 289.22 31.27 0.10
2.00 6154.30
451.00 -21.46 -22.01 -23.86 320.32 288.73 36.31 0.10
91.00 6533.70
427.20 -24.26 -24.84 -27.17 320.81 287.30 40.48 0.10
28.00 6931.20
402.80 -27.66 -28.16 -30.69 321.01 280.78 41.53 0.00
93.00 7356.90
378.00 -30.66 -31.07 -33.53 322.41 274.87 43.47 -0.10
100.00 7811.00
353.40 -34.26 -34.61 -37.32 323.23 272.04 43.73 -0.10
100.00 8285.20
329.00 -38.76 -39.01 -41.72 323.18 268.85 48.39 -0.10
100.00 8780.90
305.00 -42.26 -42.56 -47.12 324.87 269.79 52.25 -0.10
0.00 9296.80
282.10 -46.16 -46.44 -52.91 326.28 268.65 57.91 -0.10
0.00 9819.90
260.40 -49.16 -49.43 -57.77 329.25 269.28 61.77 -0.10
0.00 10348.20
240.20 -51.26 -51.52 -61.59 333.70 270.17 65.66 -0.10
0.00 10875.20
221.40 -52.46 -52.72 -64.38 339.67 269.67 68.18 0.00
0.00 11403.10
203.10 -53.76 -54.02 -67.97 346.05 268.68 67.62 0.00
0.00 11958.80
184.20 -55.36 -55.60 -68.67 353.25 267.98 71.72 0.00
0.00 12583.80
163.00 -58.36 -58.56 -74.28 360.72 269.83 66.43 0.00
0.00 13357.90
139.40 -61.76 -61.91 -75.31 371.23 267.13 54.27 0.00
0.00 14333.40
114.70 -64.16 -9999.00 -9999.00 -9999.00 272.04 49.18 0.00
0.00 15533.40
89.70 -65.76 -9999.00 -9999.00 -9999.00 267.58 36.75 0.00
0.00 17031.60
64.70 -63.96 -9999.00 -9999.00 -9999.00 271.04 21.37 0.00
0.00 19023.50
39.60 -61.16 -9999.00 -9999.00 -9999.00 263.77 10.74 0.00
0.00 22049.70
14.50 -48.46 -9999.00 -9999.00 -9999.00 261.66 29.45 0.00
0.00 28470.80

STID = KSTJ STNM = 724490 TIME = 081021/0800 
SLAT = 39.79 SLON = -94.95 SELV = 284.0
STIM = 56

SHOW = 13.84 LIFT = 15.28 SWET = 32.83 KINX = -1.42
LCLP = 908.85 PWAT = 13.12 TOTL = 27.89 CAPE = 0.00
LCLT = 272.74 CINS = 0.00 EQLV = -9999.00 LFCT = -9999.00
BRCH = 0.00

PRES TMPC TMWC DWPC THTE DRCT SKNT OMEG
CFRL HGHT
990.00 6.34 3.88 0.78 291.89 46.97 7.96 0.00
0.00 303.00
985.30 7.94 4.27 -0.41 293.11 49.76 13.23 0.00
0.00 342.20
980.60 9.14 4.61 -1.22 294.23 55.38 19.83 0.00
0.00 381.70
975.90 10.24 4.82 -2.27 295.10 56.58 22.57 0.00
0.00 421.50
971.10 10.64 4.79 -3.00 295.50 62.65 25.37 0.00
0.00 462.60
966.10 10.44 4.54 -3.46 295.47 64.03 25.27 0.00
0.00 505.50
961.10 10.24 4.32 -3.79 295.54 65.04 24.86 0.00
0.00 548.60
956.00 9.94 4.08 -4.04 295.56 66.32 24.18 0.10
0.00 592.80
950.70 9.74 3.90 -4.25 295.74 67.49 23.35 0.00
0.00 639.00
945.30 9.44 3.65 -4.50 295.80 68.93 22.69 0.00
0.00 686.20
939.60 9.24 3.46 -4.72 296.02 69.62 21.76 0.10
0.00 736.30
933.70 8.94 3.20 -5.04 296.09 70.89 20.77 0.10
0.00 788.40
927.50 8.64 2.93 -5.36 296.20 72.65 19.54 0.10
0.00 843.50
921.00 8.44 2.71 -5.69 296.45 73.72 18.01 0.00
0.00 901.60
914.20 8.14 2.41 -6.13 296.56 74.80 16.30 0.10
0.00 962.70
906.80 7.74 2.05 -6.58 296.64 75.58 14.04 0.10
0.00 1029.70
898.50 7.44 1.70 -7.22 296.81 75.26 11.44 0.10
0.00 1105.40
889.00 7.04 1.28 -7.89 297.00 70.71 8.24 0.10
0.00 1192.80
877.90 6.44 0.75 -8.54 297.18 57.53 5.07 0.10
0.00 1295.80
865.50 5.84 0.22 -9.18 297.52 20.56 3.32 0.10
0.00 1412.30
852.00 5.24 -0.48 -10.52 297.67 345.96 4.00 0.20
0.00 1540.70
837.60 4.94 -1.18 -12.81 297.89 333.43 5.65 0.20
0.00 1679.70
822.30 5.64 -1.39 -15.82 299.18 320.71 8.28 0.20
0.00 1830.10
806.20 7.84 -0.62 -18.48 302.49 307.67 13.99 0.20
0.00 1992.20
789.60 9.04 -0.11 -18.83 305.57 304.18 19.02 0.10
0.00 2163.80
772.40 7.94 -0.49 -16.57 307.12 297.78 20.42 0.10
0.00 2345.50
754.60 6.74 -0.97 -14.90 308.60 296.32 20.16 0.10
0.00 2537.10
736.20 5.34 -1.44 -12.90 310.25 296.34 22.32 0.00
0.00 2739.10
717.30 3.94 -1.89 -11.10 312.10 297.80 24.16 0.00
0.00 2950.80
697.80 2.04 -2.77 -10.19 313.15 301.04 24.49 0.00
0.00 3173.90
677.80 0.14 -3.72 -9.59 314.19 301.41 25.72 0.00
0.00 3407.70
657.00 -1.76 -4.94 -9.90 314.86 303.45 25.37 0.00
0.00 3656.60
635.70 -3.76 -6.32 -10.45 315.41 306.06 24.75 0.10
0.00 3917.90
613.70 -5.96 -7.95 -11.32 315.72 305.43 23.12 0.20
0.00 4194.90
591.10 -8.26 -9.78 -12.56 315.89 304.13 21.11 0.20
0.00 4487.60
568.20 -10.26 -11.48 -13.87 316.57 297.32 19.89 0.10
0.00 4793.20
545.10 -12.36 -13.29 -15.25 317.29 290.49 20.53 0.10
0.00 5111.80
521.70 -14.46 -15.16 -16.77 318.17 286.42 22.69 0.10
0.00 5445.80
498.20 -16.96 -17.52 -18.98 318.45 283.27 24.55 0.10
72.00 5793.50
474.70 -18.96 -19.52 -21.12 319.65 284.72 27.53 0.10
95.00 6154.80
451.00 -21.36 -21.92 -23.77 320.49 285.26 33.22 0.10
94.00 6534.40
427.20 -24.56 -25.11 -27.40 320.35 283.36 36.13 0.10
63.00 6931.70
402.80 -27.76 -28.24 -30.69 320.88 278.68 37.33 0.00
95.00 7357.10
378.00 -30.96 -31.36 -33.87 321.94 271.13 39.24 0.00
100.00 7810.70
353.40 -34.86 -35.18 -37.78 322.34 270.55 40.60 0.00
100.00 8284.10
329.00 -38.86 -39.12 -42.04 323.01 269.28 46.43 -0.10
100.00 8779.00
305.00 -42.36 -42.68 -47.63 324.69 268.03 50.93 -0.10
0.00 9294.70
282.10 -46.26 -46.54 -52.91 326.13 266.48 57.03 -0.10
0.00 9817.50
260.40 -49.16 -49.43 -57.77 329.25 266.87 60.51 -0.10
0.00 10345.80
240.20 -51.16 -51.39 -59.85 333.89 267.92 64.14 0.00
0.00 10872.80
221.40 -52.46 -52.72 -64.38 339.67 267.82 66.28 0.00
0.00 11400.90
203.10 -53.56 -53.83 -67.97 346.36 267.27 65.35 0.00
0.00 11956.80
184.20 -55.56 -55.79 -68.67 352.92 267.70 72.51 0.00
0.00 12581.80
163.00 -58.56 -58.76 -74.28 360.38 270.16 69.15 0.00
0.00 13355.20
139.40 -62.06 -62.20 -75.31 370.70 264.88 54.41 0.00
0.00 14329.60
114.70 -64.36 -9999.00 -9999.00 -9999.00 271.28 52.08 0.00
0.00 15528.10
89.70 -65.06 -9999.00 -9999.00 -9999.00 265.98 38.75 0.00
0.00 17028.10
64.70 -64.16 -9999.00 -9999.00 -9999.00 272.25 19.83 0.00
0.00 19022.40
39.60 -61.16 -9999.00 -9999.00 -9999.00 266.93 10.90 0.00
0.00 22047.20
14.50 -48.66 -9999.00 -9999.00 -9999.00 260.79 29.12 0.00
0.00 28465.30

STID = KSTJ STNM = 724490 TIME = 081021/0900 
SLAT = 39.79 SLON = -94.95 SELV = 284.0
STIM = 57

SHOW = 14.00 LIFT = 15.66 SWET = 33.87 KINX = 0.60
LCLP = 900.08 PWAT = 13.97 TOTL = 27.20 CAPE = 0.00
LCLT = 272.13 CINS = 0.00 EQLV = -9999.00 LFCT = -9999.00
BRCH = 0.00

PRES TMPC TMWC DWPC THTE DRCT SKNT OMEG
CFRL HGHT
989.40 6.44 3.74 0.29 291.67 50.71 8.28 0.00
0.00 303.00
984.70 7.34 3.87 -0.64 292.36 53.47 13.05 -0.10
0.00 342.20
980.10 8.64 4.25 -1.50 293.55 58.31 18.49 -0.10
0.00 380.80
975.40 9.44 4.42 -2.23 294.34 60.07 22.18 0.00
0.00 420.60
970.50 10.44 4.56 -3.44 295.06 66.17 25.49 0.00
0.00 462.40
965.60 10.34 4.33 -3.99 295.08 67.08 25.93 0.00
0.00 504.50
960.60 10.14 4.07 -4.47 295.06 68.93 25.39 0.00
0.00 547.60
955.50 9.84 3.83 -4.73 295.08 69.71 24.65 0.00
0.00 591.80
950.20 9.54 3.58 -4.99 295.13 70.69 24.09 0.00
0.00 637.90
944.70 9.24 3.36 -5.16 295.25 71.11 23.41 0.00
0.00 686.00
939.10 8.84 3.07 -5.39 295.24 72.50 22.61 0.00
0.00 735.20
933.20 8.54 2.84 -5.57 295.41 73.84 21.64 0.00
0.00 787.30
927.00 8.24 2.61 -5.75 295.60 75.03 20.30 0.10
0.00 842.30
920.50 7.94 2.36 -5.99 295.80 76.96 18.94 0.00
0.00 900.40
913.70 7.74 2.15 -6.28 296.10 78.18 17.07 0.10
0.00 961.40
906.30 7.44 1.86 -6.69 296.31 78.39 14.47 0.10
0.00 1028.40
898.10 7.14 1.52 -7.27 296.51 77.15 11.36 0.10
0.00 1103.10
888.50 6.84 1.11 -8.11 296.73 69.27 7.69 0.10
0.00 1191.30
877.40 6.44 0.63 -9.00 297.00 41.82 4.95 0.10
0.00 1294.40
865.00 5.84 0.05 -9.89 297.22 360.00 4.66 0.10
0.00 1411.00
851.50 5.34 -0.62 -11.42 297.42 342.76 5.91 0.20
0.00 1539.50
837.20 5.44 -1.09 -13.79 298.08 332.02 7.03 0.20
0.00 1677.70
821.90 6.74 -0.86 -16.46 300.19 318.09 10.18 0.20
0.00 1828.60
805.90 8.84 0.12 -17.07 304.04 307.41 16.63 0.10
0.00 1990.40
789.20 9.14 0.55 -14.66 307.16 301.78 21.02 0.10
0.00 2163.50
772.00 7.54 0.24 -11.38 308.94 296.12 22.49 0.00
0.00 2345.20
754.30 6.74 0.18 -9.46 311.33 294.44 23.47 0.00
0.00 2535.80
735.90 5.14 -0.42 -8.27 312.68 293.55 24.79 0.00
0.00 2737.90
717.00 3.44 -1.21 -7.67 313.73 293.37 24.96 0.00
0.00 2949.50
697.50 1.54 -2.43 -8.11 313.98 293.57 23.31 0.10
0.00 3172.40
677.50 -0.26 -3.58 -8.44 314.56 294.40 23.04 0.10
0.00 3406.00
656.80 -2.16 -4.90 -9.05 315.00 299.10 21.56 0.10
0.00 3653.40
635.40 -3.96 -6.28 -9.96 315.55 303.85 19.87 0.20
0.00 3915.80
613.50 -6.06 -7.90 -10.99 315.85 302.66 17.99 0.20
0.00 4191.50
590.90 -8.36 -9.70 -12.12 316.08 297.47 16.41 0.20
0.00 4484.20
568.10 -10.36 -11.32 -13.15 316.90 288.43 16.59 0.10
0.00 4788.50
544.90 -12.36 -13.09 -14.60 317.70 284.93 18.08 0.10
0.00 5108.40
521.60 -14.36 -15.01 -16.47 318.47 284.86 19.70 0.10
0.00 5441.20
498.20 -16.96 -17.52 -18.98 318.45 281.71 22.03 0.00
64.00 5787.50
474.60 -18.96 -19.50 -21.05 319.70 282.72 24.69 0.00
81.00 6150.40
451.00 -21.46 -21.97 -23.68 320.39 282.80 30.67 0.10
94.00 6528.30
427.20 -24.46 -24.99 -27.17 320.55 281.63 33.72 0.10
72.00 6925.60
402.80 -27.86 -28.30 -30.55 320.78 274.71 35.47 0.00
96.00 7351.10
378.00 -31.16 -31.53 -33.87 321.68 271.83 36.54 0.00
100.00 7804.40
353.40 -35.46 -35.75 -38.26 321.46 271.42 39.06 0.00
100.00 8277.00
329.00 -38.86 -39.12 -42.04 323.01 269.27 45.84 0.00
100.00 8771.30
305.00 -42.46 -42.77 -47.63 324.55 266.42 49.83 0.00
0.00 9286.90
282.10 -46.36 -46.63 -52.91 325.99 264.61 55.81 0.00
0.00 9809.50
260.40 -49.16 -49.40 -56.52 329.29 264.05 59.96 0.00
0.00 10337.60
240.20 -51.36 -51.59 -59.85 333.59 264.45 62.26 0.00
0.00 10864.40
221.40 -52.96 -53.20 -64.38 338.90 265.01 64.74 0.00
0.00 11391.70
203.10 -53.96 -54.22 -67.97 345.73 265.02 64.94 0.00
0.00 11946.50
184.20 -56.06 -56.27 -68.67 352.11 267.18 71.17 -0.10
0.00 12570.10
163.00 -58.56 -58.76 -74.28 360.38 270.48 69.93 0.00
0.00 13342.70
139.40 -61.76 -61.91 -75.31 371.23 263.46 56.31 0.00
0.00 14317.80
114.70 -64.36 -9999.00 -9999.00 -9999.00 268.75 53.44 0.00
0.00 15517.10
89.70 -64.86 -9999.00 -9999.00 -9999.00 264.45 40.21 0.00
0.00 17017.80
64.70 -64.16 -9999.00 -9999.00 -9999.00 276.91 19.37 0.00
0.00 19013.10
39.60 -61.46 -9999.00 -9999.00 -9999.00 265.99 11.09 0.00
0.00 22035.80
14.50 -49.16 -9999.00 -9999.00 -9999.00 258.47 29.14 0.00
0.00 28442.10

STID = KSTJ STNM = 724490 TIME = 081021/1000 
SLAT = 39.79 SLON = -94.95 SELV = 284.0
STIM = 58

SHOW = 14.04 LIFT = 16.01 SWET = 40.07 KINX = 1.69
LCLP = 909.48 PWAT = 14.85 TOTL = 26.69 CAPE = 0.00
LCLT = 271.96 CINS = 0.00 EQLV = -9999.00 LFCT = -9999.00
BRCH = 0.00

PRES TMPC TMWC DWPC THTE DRCT SKNT OMEG
CFRL HGHT
989.50 5.44 3.08 -0.03 290.36 49.69 8.41 -0.10
0.00 303.00
984.80 6.74 3.47 -0.86 291.56 56.09 14.28 -0.10
0.00 342.00
980.20 8.24 3.96 -1.73 292.96 60.26 18.78 -0.10
0.00 380.50
975.40 8.94 4.12 -2.36 293.72 63.43 23.02 -0.10
0.00 421.10
970.60 10.04 4.35 -3.44 294.63 68.04 25.97 -0.10
0.00 462.00
965.70 10.04 4.11 -4.22 294.62 70.12 26.85 -0.10
0.00 504.00
960.70 9.94 3.89 -4.75 294.67 71.97 26.36 -0.10
0.00 547.10
955.50 9.64 3.63 -5.06 294.68 72.67 25.43 0.00
0.00 592.10
950.30 9.34 3.39 -5.33 294.71 73.56 24.71 0.00
0.00 637.40
944.80 9.04 3.15 -5.55 294.80 74.50 23.99 0.00
0.00 685.40
939.20 8.64 2.84 -5.83 294.77 75.04 23.33 0.00
0.00 734.60
933.30 8.34 2.60 -6.06 294.90 76.33 22.18 0.00
0.00 786.60
927.10 8.04 2.36 -6.30 295.07 77.64 20.88 0.00
0.00 841.60
920.60 7.74 2.12 -6.49 295.29 79.14 19.58 0.00
0.00 899.50
913.80 7.44 1.87 -6.74 295.52 80.54 17.72 0.00
0.00 960.60
906.40 7.24 1.66 -7.05 295.88 80.29 14.98 0.00
0.00 1027.40
898.10 6.94 1.34 -7.54 296.15 75.74 11.83 0.00
0.00 1103.00
888.60 6.74 1.00 -8.33 296.50 62.85 8.51 0.00
0.00 1190.30
877.50 6.34 0.50 -9.35 296.71 30.96 6.80 0.00
0.00 1293.30
865.10 5.84 -0.08 -10.45 296.95 1.55 7.19 0.00
0.00 1409.80
851.60 5.54 -0.66 -12.17 297.30 349.22 8.31 -0.10
0.00 1538.30
837.20 5.84 -0.98 -14.50 298.25 340.02 9.09 0.00
0.00 1677.70
821.90 7.44 -0.43 -16.19 301.04 323.50 12.08 0.00
0.00 1828.80
805.90 9.14 0.67 -14.48 305.29 311.68 18.98 0.00
0.00 1990.90
789.30 8.74 1.10 -10.69 308.51 304.48 23.33 0.00
0.00 2163.00
772.10 7.44 1.08 -7.70 310.93 300.49 24.13 0.00
0.00 2344.60
754.30 6.34 0.87 -6.25 313.00 297.17 24.67 0.10
0.00 2536.20
735.90 4.84 0.16 -5.86 314.06 293.44 23.93 0.20
0.00 2738.10
717.00 3.14 -0.83 -6.00 314.62 290.73 23.06 0.20
0.00 2949.60
697.60 1.54 -1.92 -6.56 315.11 288.92 21.56 0.20
0.00 3171.20
677.50 -0.26 -3.20 -7.29 315.40 289.62 20.82 0.20
0.00 3406.00
656.80 -2.06 -4.60 -8.33 315.63 292.13 19.08 0.20
0.00 3653.50
635.50 -4.06 -6.13 -9.34 315.85 292.86 17.50 0.10
0.00 3914.60
613.50 -6.26 -7.73 -10.13 316.19 289.07 16.65 0.00
0.00 4191.50
591.00 -8.56 -9.45 -11.00 316.56 284.53 16.26 0.00
0.00 4482.70
568.10 -10.36 -10.99 -12.14 317.54 282.26 18.28 -0.10
0.00 4788.20
545.00 -12.46 -12.98 -14.02 317.90 283.63 19.79 -0.10
83.00 5106.70
521.60 -14.56 -15.04 -16.12 318.42 284.55 20.86 -0.10
100.00 5440.70
498.20 -16.96 -17.45 -18.71 318.58 284.84 23.50 0.00
100.00 5786.90
474.60 -19.16 -19.64 -21.05 319.45 284.77 25.91 0.00
100.00 6149.60
451.00 -21.76 -22.22 -23.77 319.97 282.69 30.07 0.00
100.00 6527.20
427.20 -24.36 -24.82 -26.62 320.85 281.58 31.92 0.10
100.00 6924.40
402.80 -28.16 -28.59 -30.83 320.32 273.33 33.47 0.10
100.00 7349.60
378.00 -31.56 -31.96 -34.60 321.00 271.32 33.61 0.10
100.00 7802.30
353.40 -35.56 -35.86 -38.51 321.29 271.18 37.68 0.10
100.00 8274.40
329.00 -38.86 -39.15 -42.37 322.97 268.49 44.11 0.10
100.00 8768.60
305.00 -42.66 -42.95 -47.63 324.27 264.68 48.19 0.10
0.00 9283.90
282.10 -46.26 -46.51 -52.10 326.17 262.47 54.86 0.10
0.00 9806.40
260.40 -49.26 -49.50 -56.52 329.15 261.35 60.72 0.10
0.00 10334.60
240.20 -51.86 -52.07 -59.85 332.83 260.60 60.64 0.10
0.00 10860.70
221.40 -53.56 -53.78 -64.38 337.97 261.84 63.00 0.00
0.00 11386.60
203.10 -54.36 -54.60 -67.97 345.10 262.85 65.58 0.00
0.00 11940.10
184.20 -56.36 -56.57 -68.67 351.62 266.02 69.91 -0.10
0.00 12562.80
163.00 -58.06 -58.27 -74.28 361.22 268.88 69.56 -0.10
0.00 13335.70
139.40 -61.16 -61.32 -75.31 372.28 263.30 58.28 0.00
0.00 14313.30
114.70 -64.36 -9999.00 -9999.00 -9999.00 266.26 53.54 0.00
0.00 15514.40
89.70 -64.76 -9999.00 -9999.00 -9999.00 263.95 42.39 0.00
0.00 17015.50
64.70 -63.96 -9999.00 -9999.00 -9999.00 283.04 18.94 0.00
0.00 19012.20
39.60 -61.86 -9999.00 -9999.00 -9999.00 258.11 11.31 0.00
0.00 22033.40
14.50 -49.36 -9999.00 -9999.00 -9999.00 257.26 29.08 0.00
0.00 28430.90

STID = KSTJ STNM = 724490 TIME = 081021/1100 
SLAT = 39.79 SLON = -94.95 SELV = 284.0
STIM = 59

SHOW = 14.75 LIFT = 16.42 SWET = 44.71 KINX = 4.45
LCLP = 903.33 PWAT = 16.71 TOTL = 25.94 CAPE = 0.00
LCLT = 271.77 CINS = 0.00 EQLV = -9999.00 LFCT = -9999.00
BRCH = 0.00

PRES TMPC TMWC DWPC THTE DRCT SKNT OMEG
CFRL HGHT
990.20 5.84 3.27 -0.12 290.65 55.30 6.14 -0.10
0.00 303.00
985.50 6.24 3.22 -0.81 291.01 60.85 11.56 -0.10
0.00 342.00
980.80 7.44 3.60 -1.56 292.18 64.09 15.11 -0.10
0.00 381.20
976.10 8.04 3.70 -2.18 292.83 67.09 20.45 -0.20
0.00 420.80
971.30 9.34 4.12 -3.00 294.11 70.69 24.09 -0.20
0.00 461.60
966.30 9.54 4.05 -3.54 294.46 74.41 26.01 -0.20
0.00 504.30
961.30 9.54 3.91 -3.96 294.68 77.10 26.11 -0.20
0.00 547.30
956.20 9.44 3.71 -4.40 294.79 78.34 25.00 -0.20
0.00 591.40
950.90 9.14 3.44 -4.75 294.78 79.24 23.93 -0.20
0.00 637.40
945.50 8.84 3.18 -5.06 294.81 80.30 23.06 -0.20
0.00 684.60
939.80 8.54 2.91 -5.38 294.86 80.79 21.83 -0.20
0.00 734.50
933.90 8.14 2.58 -5.75 294.81 82.61 21.15 -0.20
0.00 786.50
927.70 7.84 2.29 -6.14 294.88 83.90 20.12 -0.30
0.00 841.40
921.20 7.44 1.96 -6.48 294.92 85.24 18.71 -0.30
0.00 899.30
914.40 7.14 1.69 -6.83 295.09 86.75 17.11 -0.30
0.00 960.20
907.00 6.84 1.40 -7.20 295.32 87.80 15.17 -0.30
0.00 1026.90
898.70 6.54 1.11 -7.58 295.64 85.53 12.47 -0.30
0.00 1102.40
889.10 6.24 0.77 -8.16 296.00 76.55 9.19 -0.40
0.00 1190.40
878.10 5.84 0.28 -9.11 296.23 48.50 6.74 -0.40
0.00 1292.20
865.60 5.34 -0.30 -10.19 296.48 9.46 7.09 -0.50
0.00 1409.40
852.10 4.74 -1.00 -11.62 296.62 353.66 8.80 -0.50
0.00 1537.50
837.80 4.44 -1.64 -13.70 296.98 348.93 9.11 -0.50
0.00 1675.30
822.40 5.34 -1.56 -15.82 298.85 339.19 10.39 -0.40
0.00 1826.40
806.40 7.34 -0.38 -14.96 303.09 326.69 16.28 -0.30
0.00 1987.30
789.70 7.74 0.99 -8.93 308.33 318.16 22.42 -0.10
0.00 2159.40
772.50 7.24 1.98 -4.38 313.05 312.24 22.82 0.20
0.00 2340.60
754.70 6.24 1.79 -3.35 315.16 303.55 21.45 0.40
0.00 2532.10
736.30 4.84 1.06 -3.31 316.13 295.05 19.74 0.70
0.00 2733.90
717.40 3.04 0.03 -3.50 316.57 289.34 19.35 1.00
0.00 2945.30
697.90 0.94 -1.20 -3.77 316.74 286.76 18.86 1.20
0.00 3167.80
677.80 -1.36 -2.62 -4.19 316.68 285.31 19.13 1.10
0.00 3401.90
657.10 -3.06 -3.99 -5.22 316.94 284.18 19.04 0.90
0.00 3648.50
635.70 -4.76 -5.47 -6.47 317.23 284.04 20.82 0.50
0.00 3910.00
613.70 -6.46 -7.02 -7.87 317.62 283.72 25.39 0.10
9.00 4186.50
591.20 -8.16 -8.61 -9.35 318.20 283.29 25.35 -0.30
100.00 4477.70
568.30 -9.86 -10.23 -10.88 318.99 287.43 27.89 -0.50
100.00 4783.70
545.10 -12.06 -12.37 -12.98 319.03 289.35 26.96 -0.50
100.00 5104.10
521.70 -14.36 -14.62 -15.18 319.18 288.30 25.37 -0.50
100.00 5438.50
498.30 -16.76 -17.01 -17.62 319.35 287.92 27.16 -0.40
100.00 5784.90
474.70 -18.96 -19.29 -20.23 320.04 287.45 28.52 -0.30
100.00 6147.90
451.00 -21.86 -22.26 -23.59 319.91 285.64 30.26 -0.20
100.00 6527.10
427.20 -24.76 -25.17 -26.84 320.26 282.77 29.88 0.00
100.00 6923.90
402.80 -28.46 -28.86 -30.98 319.89 271.84 30.32 0.00
100.00 7348.50
378.00 -31.76 -32.13 -34.60 320.74 268.92 30.89 0.10
100.00 7800.80
353.40 -35.56 -35.89 -38.76 321.25 270.94 35.35 0.10
100.00 8272.60
329.00 -39.06 -39.33 -42.37 322.69 267.85 41.41 0.10
100.00 8766.60
305.00 -42.86 -43.11 -47.12 324.03 264.39 45.67 0.10
3.00 9281.50
282.10 -46.36 -46.56 -50.67 326.11 261.81 53.19 0.10
0.00 9803.70
260.40 -49.46 -49.66 -55.43 328.89 260.72 60.24 0.10
0.00 10331.40
240.20 -52.56 -52.74 -59.85 331.78 258.37 60.68 0.10
0.00 10856.50
221.40 -54.56 -54.72 -62.21 336.48 259.70 62.98 0.10
0.00 11380.40
203.10 -54.86 -55.09 -67.97 344.31 261.11 66.65 0.00
0.00 11932.00
184.20 -55.76 -55.98 -68.67 352.60 265.78 68.57 -0.10
0.00 12554.90
163.00 -57.36 -57.59 -74.28 362.40 266.38 70.84 -0.10
0.00 13330.10
139.40 -60.86 -61.03 -75.31 372.81 263.58 59.03 0.00
0.00 14310.00
114.70 -64.06 -9999.00 -9999.00 -9999.00 265.63 51.05 0.00
0.00 15512.70
89.70 -64.66 -9999.00 -9999.00 -9999.00 266.28 44.97 0.00
0.00 17015.30
64.70 -63.66 -9999.00 -9999.00 -9999.00 288.06 18.80 0.00
0.00 19013.90
39.60 -62.26 -9999.00 -9999.00 -9999.00 252.70 12.41 0.00
0.00 22034.40
14.50 -49.26 -9999.00 -9999.00 -9999.00 255.31 29.12 0.00
0.00 28427.50

STID = KSTJ STNM = 724490 TIME = 081021/1200 
SLAT = 39.79 SLON = -94.95 SELV = 284.0
STIM = 60

SHOW = 15.11 LIFT = 16.42 SWET = 42.77 KINX = 4.81
LCLP = 901.04 PWAT = 16.25 TOTL = 25.96 CAPE = 0.00
LCLT = 271.72 CINS = 0.00 EQLV = -9999.00 LFCT = -9999.00
BRCH = 0.00

PRES TMPC TMWC DWPC THTE DRCT SKNT OMEG
CFRL HGHT
990.70 6.04 3.38 -0.12 290.81 67.38 5.05 0.00
0.00 303.00
986.00 6.04 3.17 -0.66 290.86 70.02 9.09 0.00
0.00 341.90
981.30 6.94 3.37 -1.44 291.69 73.03 11.99 0.00
0.00 381.10
976.60 7.24 3.42 -1.74 292.25 75.65 17.25 0.00
0.00 420.60
971.80 8.64 3.92 -2.45 293.70 79.60 21.52 0.00
0.00 461.20
966.80 8.84 3.97 -2.60 294.29 82.59 24.09 0.00
0.00 503.90
961.80 9.14 4.01 -2.92 294.88 87.36 25.27 -0.10
0.00 546.80
956.70 9.04 3.83 -3.28 295.03 88.64 24.48 0.00
0.00 590.80
951.40 8.84 3.61 -3.62 295.12 89.52 23.31 0.00
0.00 636.80
945.90 8.64 3.38 -4.00 295.21 90.00 22.14 0.00
0.00 684.70
940.30 8.34 3.10 -4.35 295.22 91.05 21.17 0.00
0.00 733.70
934.40 8.04 2.80 -4.75 295.25 92.78 20.03 0.00
0.00 785.60
928.20 7.64 2.45 -5.16 295.19 94.71 18.90 0.00
0.00 840.50
921.70 7.34 2.13 -5.68 295.22 96.89 17.81 0.00
0.00 898.30
914.80 6.94 1.74 -6.22 295.18 98.90 16.32 0.00
0.00 960.10
907.40 6.54 1.35 -6.78 295.19 100.86 14.43 -0.10
0.00 1026.70
899.10 6.24 1.02 -7.31 295.42 102.72 12.35 -0.10
0.00 1102.00
889.60 5.74 0.56 -7.88 295.56 102.01 9.34 -0.10
0.00 1188.90
878.50 5.34 0.10 -8.70 295.86 90.00 6.41 -0.20
0.00 1291.50
866.00 4.84 -0.47 -9.70 296.14 43.26 4.53 -0.20
0.00 1408.40
852.50 4.04 -1.21 -10.76 296.21 3.47 6.43 -0.20
0.00 1536.20
838.10 3.24 -2.10 -12.51 296.13 354.14 7.61 -0.30
0.00 1674.40
822.80 2.74 -2.91 -14.88 296.33 355.49 7.40 -0.30
0.00 1823.50
806.70 4.04 -2.47 -16.41 298.97 353.16 9.79 -0.30
0.00 1983.60
790.10 5.44 -1.28 -13.67 303.41 343.72 18.01 -0.30
0.00 2152.90
772.80 5.84 1.21 -4.60 311.26 338.61 20.24 -0.20
0.00 2333.80
755.00 5.74 1.90 -2.40 315.41 329.39 16.03 -0.10
0.00 2524.50
736.60 4.44 1.19 -2.45 316.43 319.40 12.53 0.00
0.00 2726.00
717.60 2.54 0.02 -2.89 316.53 314.38 12.78 0.10
0.00 2938.20
698.20 0.74 -1.30 -3.76 316.47 309.71 14.90 0.20
0.00 3159.20
678.10 -0.16 -2.36 -5.14 317.19 298.26 20.51 0.10
0.00 3393.50
657.30 -2.06 -4.11 -6.95 316.62 288.43 24.57 0.10
0.00 3642.20
635.90 -4.06 -6.07 -9.16 315.91 280.41 29.04 0.10
0.00 3904.40
613.90 -5.76 -7.60 -10.62 316.39 270.00 34.58 0.10
0.00 4181.30
591.30 -7.86 -8.69 -10.04 318.03 278.86 36.56 0.00
0.00 4474.20
568.40 -9.66 -10.09 -10.84 319.24 285.77 35.72 -0.10
96.00 4780.50
545.20 -11.86 -12.34 -13.26 319.08 292.18 32.93 -0.10
98.00 5101.10
521.80 -14.06 -14.58 -15.72 319.22 294.93 30.42 -0.10
97.00 5435.70
498.30 -16.76 -17.29 -18.64 318.84 291.66 29.47 -0.10
93.00 5783.70
474.80 -19.26 -19.77 -21.27 319.19 289.20 27.76 0.00
100.00 6144.90
451.10 -22.36 -22.83 -24.51 318.92 280.65 26.28 0.00
100.00 6523.40
427.20 -25.06 -25.51 -27.40 319.71 274.50 24.75 0.00
100.00 6921.10
402.80 -28.36 -28.84 -31.43 319.92 266.53 25.68 0.00
70.00 7345.60
378.00 -31.66 -32.09 -34.98 320.80 268.81 28.17 0.00
44.00 7798.00
353.40 -35.46 -35.82 -39.02 321.35 271.36 32.83 0.10
11.00 8270.10
329.00 -39.06 -39.38 -43.06 322.62 269.12 38.07 0.10
1.00 8764.20
305.00 -43.06 -43.30 -47.12 323.75 267.10 42.21 0.00
3.00 9278.80
282.10 -46.76 -46.94 -50.67 325.53 264.11 49.20 0.00
44.00 9800.30
260.40 -49.86 -50.02 -54.46 328.35 262.75 56.97 0.00
0.00 10327.10
240.20 -53.26 -53.39 -58.41 330.77 258.55 60.64 0.10
0.00 10850.90
221.40 -55.26 -55.40 -62.21 335.40 259.10 63.69 0.10
0.00 11373.10
203.10 -55.36 -55.57 -67.97 343.52 259.74 68.71 0.00
0.00 11923.20
184.20 -55.16 -55.43 -73.46 353.52 263.55 69.21 0.00
0.00 12546.20
163.00 -56.96 -57.20 -74.28 363.07 265.46 73.66 0.00
0.00 13323.20
139.40 -60.36 -60.54 -75.31 373.69 264.19 57.60 0.00
0.00 14305.20
114.70 -63.76 -9999.00 -9999.00 -9999.00 268.37 47.80 0.00
0.00 15510.20
89.70 -65.06 -9999.00 -9999.00 -9999.00 267.80 45.49 0.00
0.00 17012.40
64.70 -63.36 -9999.00 -9999.00 -9999.00 292.48 18.30 0.00
0.00 19010.60
39.60 -62.66 -9999.00 -9999.00 -9999.00 245.10 11.99 0.00
0.00 22030.30
14.50 -49.16 -9999.00 -9999.00 -9999.00 254.05 29.70 0.00
0.00 28419.00

STID = KSTJ STNM = 724490 TIME = 081021/1300 
SLAT = 39.79 SLON = -94.95 SELV = 284.0
STIM = 61

SHOW = 15.29 LIFT = 16.15 SWET = 35.83 KINX = 4.49
LCLP = 898.85 PWAT = 15.99 TOTL = 25.24 CAPE = 0.00
LCLT = 271.73 CINS = 0.00 EQLV = -9999.00 LFCT = -9999.00
BRCH = 0.00

PRES TMPC TMWC DWPC THTE DRCT SKNT OMEG
CFRL HGHT
990.70 6.24 3.50 -0.08 291.05 78.69 6.93 0.00
0.00 303.00
986.10 5.94 3.24 -0.33 290.99 77.59 9.95 0.00
0.00 341.10
981.40 6.84 3.41 -1.17 291.77 83.57 13.87 0.00
0.00 380.30
976.70 7.04 3.41 -1.46 292.22 85.24 18.71 0.00
0.00 419.80
971.80 8.54 4.03 -1.96 293.93 89.51 22.53 0.10
0.00 461.20
966.90 8.74 4.03 -2.23 294.42 92.66 25.08 0.10
0.00 503.00
961.90 9.14 4.10 -2.63 295.06 97.71 26.07 0.10
0.00 545.90
956.70 8.94 3.87 -2.99 295.12 98.88 25.17 0.10
0.00 590.70
951.40 8.74 3.65 -3.32 295.21 99.69 24.24 0.10
0.00 636.70
946.00 8.54 3.44 -3.61 295.34 100.18 23.10 0.10
0.00 683.70
940.30 8.24 3.16 -3.95 295.37 101.21 21.99 0.10
0.00 733.60
934.40 8.04 2.94 -4.30 295.53 102.47 20.69 0.10
0.00 785.60
928.20 7.74 2.64 -4.70 295.58 104.45 19.46 0.10
0.00 840.40
921.70 7.34 2.27 -5.16 295.53 107.06 17.87 0.20
0.00 898.30
914.90 7.04 1.92 -5.78 295.53 110.16 16.36 0.20
0.00 959.10
907.40 6.74 1.55 -6.42 295.60 112.80 14.53 0.20
0.00 1026.70
899.20 6.34 1.11 -7.15 295.61 114.96 12.43 0.20
0.00 1101.10
889.60 5.94 0.65 -7.99 295.72 114.54 9.83 0.20
0.00 1189.00
878.50 5.34 0.03 -8.99 295.71 105.52 7.26 0.20
0.00 1291.60
866.10 4.84 -0.58 -10.18 295.90 69.44 4.97 0.20
0.00 1407.60
852.50 4.04 -1.41 -11.68 295.80 29.05 6.00 0.20
0.00 1536.30
838.20 3.24 -2.32 -13.62 295.68 16.86 6.70 0.10
0.00 1673.50
822.80 3.04 -2.91 -15.91 296.30 15.26 6.64 0.10
0.00 1823.60
806.80 4.14 -2.50 -16.97 298.89 15.75 7.87 0.10
0.00 1982.80
790.10 5.34 -1.14 -12.69 303.72 357.88 15.75 0.10
0.00 2153.10
772.90 5.44 1.09 -4.34 311.01 350.54 18.90 0.10
0.00 2332.90
755.00 5.34 1.87 -1.96 315.37 338.79 13.97 0.10
0.00 2524.40
736.60 4.14 1.14 -2.20 316.33 324.06 9.60 0.10
0.00 2725.60
717.70 2.24 -0.06 -2.70 316.35 322.43 9.56 0.10
0.00 2936.40
698.20 0.54 -1.27 -3.44 316.53 312.40 12.10 0.00
0.00 3158.40
678.10 -0.26 -2.34 -4.97 317.22 287.43 17.50 -0.10
0.00 3392.60
657.30 -2.36 -4.45 -7.40 315.91 266.79 20.82 -0.10
0.00 3641.10
636.00 -3.76 -6.35 -10.54 315.30 258.93 27.31 -0.10
0.00 3902.00
613.90 -5.56 -7.34 -10.21 316.91 268.33 33.24 -0.10
0.00 4180.40
591.40 -7.56 -8.54 -10.13 318.31 273.70 33.10 0.00
0.00 4472.30
568.40 -9.76 -10.39 -11.49 318.66 279.23 31.49 0.00
0.00 4779.90
545.20 -11.86 -12.47 -13.66 318.82 280.57 26.48 0.00
0.00 5100.50
521.80 -14.26 -15.16 -17.26 318.15 281.84 24.61 0.00
0.00 5434.90
498.40 -16.86 -17.81 -20.41 317.90 274.25 23.56 0.00
0.00 5781.20
474.80 -19.46 -20.33 -23.10 318.22 270.50 22.14 0.00
0.00 6143.60
451.10 -22.46 -22.99 -24.89 318.67 260.22 22.86 -0.10
87.00 6521.80
427.20 -25.06 -25.61 -27.98 319.54 259.56 22.51 -0.10
0.00 6919.50
402.80 -27.96 -28.60 -32.05 320.31 266.82 24.51 -0.10
0.00 7344.20
378.00 -31.66 -32.11 -35.18 320.77 269.24 29.14 0.00
0.00 7797.00
353.40 -35.46 -35.82 -39.02 321.35 272.41 32.26 0.00
4.00 8269.10
329.00 -39.06 -39.42 -43.81 322.55 272.82 35.59 0.00
0.00 8763.20
305.00 -43.06 -43.37 -48.74 323.63 275.59 37.86 0.00
0.00 9277.80
282.10 -47.26 -47.46 -52.10 324.74 274.81 41.72 0.00
0.00 9798.70
260.40 -50.56 -50.72 -55.43 327.28 270.66 50.89 0.00
0.00 10324.20
240.20 -53.76 -53.88 -58.41 330.02 262.29 59.40 0.00
0.00 10846.50
221.40 -55.56 -55.69 -62.21 334.94 260.65 63.38 0.00
0.00 11367.80
203.10 -55.96 -56.15 -67.97 342.58 260.67 69.48 0.00
0.00 11916.80
184.20 -55.46 -55.72 -73.46 353.04 262.08 69.04 0.00
0.00 12538.50
163.00 -56.36 -56.62 -74.28 364.08 267.51 71.54 0.00
0.00 13316.00
139.40 -59.36 -59.57 -75.31 375.45 264.23 54.08 0.00
0.00 14301.60
114.70 -63.76 -9999.00 -9999.00 -9999.00 271.68 46.25 0.00
0.00 15509.50
89.70 -65.46 -9999.00 -9999.00 -9999.00 267.44 43.55 0.00
0.00 17010.20
64.70 -63.06 -9999.00 -9999.00 -9999.00 296.57 17.81 0.00
0.00 19007.90
39.60 -62.66 -9999.00 -9999.00 -9999.00 242.32 13.38 0.00
0.00 22029.80
14.50 -49.26 -9999.00 -9999.00 -9999.00 254.71 30.21 0.00
0.00 28417.00

STID = KSTJ STNM = 724490 TIME = 081021/1400 
SLAT = 39.79 SLON = -94.95 SELV = 284.0
STIM = 62

SHOW = 15.25 LIFT = 15.58 SWET = 36.23 KINX = 3.90
LCLP = 886.10 PWAT = 15.90 TOTL = 24.74 CAPE = 0.00
LCLT = 271.96 CINS = 0.00 EQLV = -9999.00 LFCT = -9999.00
BRCH = 0.00

PRES TMPC TMWC DWPC THTE DRCT SKNT OMEG
CFRL HGHT
991.00 7.64 4.40 0.35 292.83 90.00 8.94 0.00
0.00 303.10
986.30 7.14 4.01 0.03 292.50 90.00 10.88 0.00
0.00 342.20
981.70 6.84 3.73 -0.28 292.39 92.60 12.84 0.00
0.00 380.70
976.90 6.64 3.50 -0.60 292.41 93.29 16.92 0.00
0.00 420.90
972.10 8.54 4.08 -1.80 294.01 97.63 21.95 0.00
0.00 461.50
967.10 8.64 4.03 -2.07 294.41 99.75 25.23 0.00
0.00 504.10
962.10 9.14 4.10 -2.62 295.05 104.53 27.10 0.00
0.00 547.00
957.00 8.94 3.86 -3.03 295.06 105.89 26.26 0.00
0.00 591.00
951.70 8.74 3.64 -3.35 295.16 107.04 25.19 0.00
0.00 636.90
946.20 8.54 3.43 -3.65 295.30 108.15 24.32 0.00
0.00 684.80
940.60 8.24 3.18 -3.90 295.37 109.04 23.21 0.10
0.00 733.80
934.70 8.04 2.98 -4.16 295.58 110.20 21.93 0.10
0.00 785.70
928.40 7.74 2.70 -4.51 295.68 112.41 20.38 0.10
0.00 841.40
921.90 7.44 2.41 -4.88 295.78 114.98 18.86 0.10
0.00 899.30
915.10 7.14 2.08 -5.39 295.84 118.61 17.04 0.10
0.00 960.10
907.70 6.84 1.71 -6.07 295.88 121.85 15.09 0.10
0.00 1026.80
899.40 6.54 1.29 -6.89 295.94 123.45 13.03 0.10
0.00 1102.20
889.80 6.04 0.69 -8.04 295.78 119.88 10.53 0.10
0.00 1190.10
878.70 5.44 -0.02 -9.45 295.58 108.00 8.18 0.10
0.00 1292.70
866.30 4.84 -0.77 -11.08 295.47 79.99 6.70 0.10
0.00 1408.60
852.70 4.04 -1.67 -12.95 295.26 51.84 6.92 0.10
0.00 1537.40
838.40 3.54 -2.41 -15.07 295.45 46.17 6.74 0.10
0.00 1674.60
823.00 3.74 -2.68 -17.11 296.64 41.50 6.74 0.10
0.00 1824.90
807.00 4.54 -2.21 -16.59 299.42 36.03 7.93 0.10
0.00 1984.40
790.30 5.54 -0.56 -10.50 304.97 10.30 15.21 0.00
0.00 2154.80
773.00 5.34 1.36 -3.44 311.62 0.66 16.90 0.00
0.00 2335.70
755.20 5.14 1.90 -1.65 315.41 342.58 10.39 -0.10
0.00 2526.00
736.80 3.94 1.13 -1.98 316.28 317.39 6.60 -0.10
0.00 2727.00
717.80 1.94 -0.15 -2.55 316.14 317.49 6.33 -0.10
0.00 2938.70
698.30 0.44 -1.25 -3.26 316.57 297.65 9.21 -0.10
0.00 3160.50
678.20 -0.76 -2.94 -5.81 315.89 263.81 16.22 -0.10
0.00 3394.40
657.50 -2.46 -5.25 -9.61 314.16 254.53 22.57 -0.20
0.00 3641.30
636.10 -3.66 -6.43 -11.01 315.10 262.30 29.00 -0.20
0.00 3903.30
614.00 -5.26 -7.29 -10.57 317.00 266.14 31.74 -0.20
0.00 4181.90
591.40 -7.56 -8.67 -10.51 318.04 274.50 32.15 -0.20
0.00 4475.20
568.50 -9.76 -10.62 -12.17 318.18 277.64 32.15 -0.20
0.00 4781.50
545.30 -12.06 -12.61 -13.71 318.53 282.53 26.86 -0.20
5.00 5101.80
521.90 -14.56 -14.87 -15.55 318.68 280.47 23.50 -0.10
100.00 5435.90
498.40 -17.26 -17.73 -18.97 318.04 278.48 22.40 -0.10
100.00 5783.20
474.80 -19.76 -20.46 -22.66 318.01 270.95 23.31 -0.10
0.00 6145.10
451.10 -22.66 -23.26 -25.50 318.21 264.93 24.18 -0.10
0.00 6523.00
427.20 -24.86 -25.61 -28.98 319.53 263.97 24.03 0.00
0.00 6920.60
402.80 -27.46 -28.25 -32.54 320.86 269.60 27.58 0.00
0.00 7346.00
378.00 -31.76 -32.31 -36.21 320.46 271.79 31.10 0.10
0.00 7799.10
353.40 -35.16 -35.72 -41.04 321.50 274.40 32.93 0.20
0.00 8271.40
329.00 -38.76 -39.29 -46.44 322.74 276.86 35.80 0.20
0.00 8766.10
305.00 -42.96 -43.35 -50.69 323.66 280.41 36.54 0.10
0.00 9281.20
282.10 -47.36 -47.55 -52.10 324.59 278.44 41.05 0.00
0.00 9802.10
260.40 -51.26 -51.39 -55.43 326.25 275.60 51.73 -0.10
100.00 10326.50
240.20 -54.26 -54.36 -58.41 329.27 268.29 58.49 0.00
98.00 10847.50
221.40 -55.96 -56.08 -62.21 334.32 265.29 63.93 0.00
0.00 11367.70
203.10 -56.46 -56.64 -67.97 341.79 263.37 69.04 0.00
0.00 11915.50
184.20 -56.16 -56.40 -73.46 351.90 264.22 67.56 0.10
0.00 12535.50
163.00 -56.36 -56.62 -74.28 364.08 268.85 67.62 0.10
0.00 13311.80
139.40 -58.46 -58.70 -75.31 377.03 264.56 49.16 0.10
0.00 14299.40
114.70 -63.76 -9999.00 -9999.00 -9999.00 273.58 46.72 0.00
0.00 15509.90
89.70 -65.56 -9999.00 -9999.00 -9999.00 266.06 42.44 0.00
0.00 17010.30
64.70 -62.66 -9999.00 -9999.00 -9999.00 294.26 15.13 0.00
0.00 19009.40
39.60 -62.26 -9999.00 -9999.00 -9999.00 247.54 15.77 0.00
0.00 22037.10
14.50 -49.46 -9999.00 -9999.00 -9999.00 254.52 29.84 0.00
0.00 28427.20

STID = KSTJ STNM = 724490 TIME = 081021/1500 
SLAT = 39.79 SLON = -94.95 SELV = 284.0
STIM = 63

SHOW = 14.96 LIFT = 14.72 SWET = 34.79 KINX = 3.56
LCLP = 861.67 PWAT = 16.43 TOTL = 24.45 CAPE = 0.00
LCLT = 272.24 CINS = 0.00 EQLV = -9999.00 LFCT = -9999.00
BRCH = 0.00

PRES TMPC TMWC DWPC THTE DRCT SKNT OMEG
CFRL HGHT
991.60 10.24 5.99 1.04 296.06 104.04 10.41 0.00
0.00 303.30
986.90 9.64 5.55 0.70 295.61 104.04 12.00 0.00
0.00 342.70
982.20 9.14 5.20 0.46 295.35 104.66 13.05 0.00
0.00 382.30
977.50 8.74 4.90 0.23 295.21 105.19 14.08 0.00
0.00 422.00
972.70 8.34 4.59 -0.02 295.06 105.64 15.13 0.00
0.00 462.70
967.70 8.04 4.21 -0.62 294.77 107.32 18.92 0.00
0.00 505.20
962.70 9.24 4.13 -2.70 295.04 110.83 23.48 0.10
0.00 548.10
957.50 8.84 3.85 -2.89 295.00 112.05 25.35 0.10
0.00 592.90
952.30 8.84 3.64 -3.52 295.10 114.62 25.64 0.10
0.00 637.90
946.80 8.64 3.43 -3.81 295.24 116.16 24.67 0.10
0.00 685.80
941.10 8.34 3.18 -4.07 295.32 117.82 23.72 0.10
0.00 735.70
935.20 8.14 3.00 -4.28 295.56 119.44 22.53 0.10
0.00 787.60
929.00 7.84 2.77 -4.46 295.75 121.33 20.92 0.20
0.00 842.40
922.50 7.64 2.56 -4.73 296.03 124.33 19.29 0.20
0.00 900.20
915.60 7.34 2.27 -5.11 296.18 127.38 17.60 0.20
0.00 962.00
908.20 7.04 1.92 -5.68 296.27 130.99 15.70 0.20
0.00 1028.70
899.90 6.74 1.46 -6.68 296.22 132.66 13.48 0.30
0.00 1104.10
890.30 6.24 0.76 -8.20 295.85 127.87 11.07 0.30
0.00 1192.00
879.20 5.64 -0.05 -10.06 295.45 115.46 9.03 0.40
0.00 1294.70
866.70 4.94 -0.94 -12.17 295.08 95.71 7.81 0.40
0.00 1411.50
853.20 4.34 -1.75 -14.35 295.00 79.29 7.32 0.30
0.00 1539.30
838.80 4.14 -2.27 -16.41 295.61 77.66 6.37 0.30
0.00 1677.60
823.50 4.44 -2.34 -17.60 297.19 70.97 5.96 0.30
0.00 1827.20
807.40 5.14 -1.64 -15.19 300.51 56.31 7.01 0.30
0.00 1988.00
790.70 5.74 0.15 -8.11 306.48 21.64 13.17 0.30
0.00 2158.60
773.40 5.44 1.92 -2.07 312.89 6.81 13.11 0.20
0.00 2339.50
755.60 5.14 2.00 -1.40 315.60 331.11 6.43 0.10
0.00 2529.80
737.10 3.74 1.12 -1.77 316.21 280.12 5.52 0.10
0.00 2731.80
718.10 1.84 -0.11 -2.33 316.19 272.39 4.66 0.00
0.00 2943.30
698.60 0.44 -1.10 -2.91 316.87 263.93 9.19 0.00
0.00 3164.90
678.50 -1.26 -3.00 -5.27 315.72 252.80 17.07 0.00
0.00 3398.60
657.70 -2.56 -5.28 -9.52 314.07 247.21 25.08 -0.10
0.00 3646.30
636.30 -3.86 -6.37 -10.44 315.20 254.81 30.40 -0.10
0.00 3908.10
614.20 -5.56 -7.27 -9.99 317.01 262.79 32.50 -0.10
0.00 4186.30
591.60 -7.66 -8.60 -10.12 318.16 267.53 31.51 -0.20
0.00 4479.30
568.70 -10.16 -10.57 -11.31 318.25 271.70 32.65 -0.20
86.00 4785.20
545.40 -12.46 -12.79 -13.46 318.17 270.00 28.55 -0.30
100.00 5106.40
522.00 -14.86 -15.26 -16.17 317.94 271.39 24.09 -0.30
100.00 5439.90
498.50 -17.66 -17.82 -18.24 317.87 280.45 20.34 -0.40
100.00 5786.70
474.80 -20.16 -20.32 -20.82 318.24 282.71 20.32 -0.40
100.00 6149.60
451.10 -23.36 -23.56 -24.32 317.71 274.24 21.04 -0.40
100.00 6526.70
427.20 -25.46 -25.85 -27.51 319.16 267.40 21.39 -0.40
100.00 6923.30
402.80 -28.06 -28.62 -31.58 320.28 272.39 23.33 -0.30
0.00 7347.70
378.00 -31.56 -32.22 -37.12 320.58 275.58 25.95 -0.20
0.00 7800.50
353.40 -34.56 -35.34 -43.54 322.06 277.22 29.37 -0.20
0.00 8273.50
329.00 -38.46 -39.04 -46.95 323.11 276.38 34.98 -0.10
0.00 8769.10
305.00 -42.86 -43.16 -48.17 323.95 275.04 44.27 -0.10
0.00 9284.60
282.10 -46.36 -46.61 -52.10 326.03 270.94 59.05 -0.10
0.00 9806.80
260.40 -50.06 -50.26 -56.52 327.97 270.16 71.68 -0.10
0.00 10333.90
240.20 -54.06 -54.19 -59.85 329.53 267.65 71.15 -0.10
0.00 10856.40
221.40 -56.56 -56.67 -62.21 333.40 269.19 68.96 0.00
0.00 11376.10
203.10 -57.06 -57.20 -65.02 340.89 267.52 67.27 0.10
0.00 11922.50
184.20 -56.56 -56.76 -68.67 351.30 266.94 65.56 0.10
0.00 12541.00
163.00 -56.76 -57.01 -74.28 363.40 266.05 64.84 0.10
0.00 13315.90
139.40 -57.66 -57.92 -75.31 378.43 265.82 47.92 0.00
0.00 14304.50
114.70 -63.96 -9999.00 -9999.00 -9999.00 270.23 47.98 0.00
0.00 15516.70
89.70 -65.36 -9999.00 -9999.00 -9999.00 266.99 44.35 0.00
0.00 17017.00
64.70 -62.76 -9999.00 -9999.00 -9999.00 278.97 11.21 0.00
0.00 19016.60
39.60 -61.56 -9999.00 -9999.00 -9999.00 254.69 16.92 0.00
0.00 22048.60
14.50 -49.26 -9999.00 -9999.00 -9999.00 255.69 29.06 0.00
0.00 28452.00

STID = KSTJ STNM = 724490 TIME = 081021/1600 
SLAT = 39.79 SLON = -94.95 SELV = 284.0
STIM = 64

SHOW = 15.08 LIFT = 14.33 SWET = 40.22 KINX = 2.41
LCLP = 836.60 PWAT = 16.33 TOTL = 23.42 CAPE = 0.00
LCLT = 272.03 CINS = 0.00 EQLV = -9999.00 LFCT = -9999.00
BRCH = 0.00

PRES TMPC TMWC DWPC THTE DRCT SKNT OMEG
CFRL HGHT
990.70 12.34 7.08 1.22 298.52 109.00 12.53 0.00
0.00 303.40
986.00 11.64 6.60 0.86 297.95 109.65 14.43 0.00
0.00 343.20
981.30 11.14 6.27 0.66 297.72 110.05 15.31 0.00
0.00 383.10
976.60 10.74 6.00 0.49 297.62 109.98 15.91 0.00
0.00 423.10
971.80 10.24 5.68 0.32 297.43 109.93 16.53 0.00
0.00 464.10
966.80 9.84 5.39 0.11 297.34 110.71 17.04 0.00
0.00 507.00
961.80 9.34 5.04 -0.13 297.12 111.22 17.72 0.00
0.00 550.00
956.70 8.94 4.71 -0.45 296.95 111.47 18.57 0.00
0.00 594.10
951.40 8.64 4.07 -1.82 296.14 114.44 21.11 0.00
0.00 640.00
945.90 8.34 3.67 -2.53 295.87 115.91 22.67 0.00
0.00 687.90
940.30 8.44 3.23 -4.08 295.50 120.74 25.08 0.00
0.00 736.90
934.30 8.24 3.04 -4.30 295.75 122.25 23.66 0.00
0.00 789.80
928.10 8.04 2.87 -4.47 296.05 124.25 22.09 0.00
0.00 844.70
921.60 7.74 2.63 -4.66 296.27 126.54 20.55 0.00
0.00 902.60
914.80 7.54 2.40 -5.03 296.52 128.19 18.53 0.00
0.00 963.60
907.40 7.24 2.01 -5.74 296.53 129.29 16.57 0.10
0.00 1030.40
899.10 6.84 1.44 -6.95 296.26 127.33 14.41 0.10
0.00 1105.90
889.60 6.44 0.73 -8.77 295.85 120.96 12.45 0.10
0.00 1193.00
878.50 5.74 -0.21 -11.03 295.19 109.98 11.36 0.20
0.00 1295.80
866.00 5.14 -1.06 -13.37 294.89 100.30 10.86 0.10
0.00 1412.80
852.50 4.84 -1.65 -15.48 295.22 97.82 10.00 0.10
0.00 1540.80
838.10 4.94 -1.88 -16.90 296.38 100.54 8.49 0.10
0.00 1679.50
822.80 5.34 -1.62 -16.27 298.65 92.86 7.77 0.00
0.00 1829.70
806.70 5.94 -0.64 -12.23 302.66 69.15 8.72 0.00
0.00 1991.20
790.10 6.04 1.10 -5.40 308.69 35.84 12.94 -0.10
0.00 2161.30
772.80 5.64 2.32 -1.31 313.91 18.00 8.18 -0.10
0.00 2342.50
755.00 5.24 2.08 -1.32 315.88 277.13 3.13 -0.20
0.00 2533.10
736.60 3.64 1.11 -1.66 316.28 240.95 6.00 -0.20
0.00 2734.10
717.60 1.74 -0.12 -2.25 316.23 226.27 6.18 -0.20
0.00 2945.70
698.20 0.44 -1.31 -3.41 316.44 238.74 12.72 -0.30
0.00 3166.30
678.10 -1.06 -3.75 -7.60 314.15 238.75 20.22 -0.20
0.00 3400.10
657.30 -2.06 -5.20 -10.17 314.29 244.71 27.29 -0.20
0.00 3648.20
635.90 -3.36 -5.84 -9.68 316.37 253.16 30.85 -0.10
0.00 3910.70
613.90 -5.16 -6.85 -9.44 317.94 258.55 31.31 0.00
0.00 4188.30
591.30 -7.36 -8.47 -10.26 318.47 261.97 30.59 0.20
0.00 4481.90
568.40 -9.76 -10.67 -12.32 318.10 264.39 31.82 0.30
0.00 4788.30
545.20 -12.26 -13.11 -14.86 317.61 267.36 29.56 0.30
0.00 5108.60
521.80 -14.46 -15.33 -17.38 317.84 263.95 25.78 0.40
0.00 5442.60
498.30 -17.36 -18.08 -20.04 317.45 254.51 20.36 0.40
0.00 5789.90
474.80 -19.86 -20.51 -22.58 317.91 263.73 17.77 0.30
0.00 6150.20
451.10 -22.96 -23.45 -25.29 317.90 267.14 19.44 0.20
99.00 6527.80
427.20 -25.26 -25.77 -27.98 319.28 260.95 22.22 0.00
63.00 6924.80
402.80 -28.36 -28.84 -31.43 319.92 265.53 24.94 -0.10
5.00 7349.10
378.00 -31.76 -32.35 -36.66 320.39 267.14 27.23 -0.20
0.00 7801.40
353.40 -34.86 -35.50 -41.69 321.84 264.36 29.66 -0.20
0.00 8274.00
329.00 -39.16 -39.44 -42.71 322.52 267.35 33.64 -0.10
82.00 8768.60
305.00 -43.16 -43.39 -47.12 323.61 276.55 45.94 -0.10
2.00 9283.00
282.10 -46.26 -46.56 -53.79 326.10 275.69 60.70 -0.10
0.00 9804.90
260.40 -49.16 -49.33 -53.58 329.41 273.57 84.27 -0.10
0.00 10333.20
240.20 -54.16 -54.26 -58.41 329.42 273.13 92.40 -0.10
100.00 10856.70
221.40 -56.86 -56.96 -62.21 332.94 273.60 74.16 0.00
0.00 11375.90
203.10 -56.66 -56.83 -67.97 341.47 268.29 64.90 0.00
0.00 11922.40
184.20 -57.46 -57.63 -68.67 349.84 265.63 63.71 0.10
0.00 12540.20
163.00 -57.56 -57.78 -74.28 362.06 261.49 65.60 0.00
0.00 13312.00
139.40 -57.86 -58.11 -75.31 378.08 268.16 48.39 0.00
0.00 14298.30
114.70 -64.06 -9999.00 -9999.00 -9999.00 264.72 46.43 0.00
0.00 15509.70
89.70 -65.36 -9999.00 -9999.00 -9999.00 269.75 44.09 0.00
0.00 17009.70
64.70 -62.86 -9999.00 -9999.00 -9999.00 247.75 9.23 0.00
0.00 19008.80
39.60 -61.16 -9999.00 -9999.00 -9999.00 262.65 18.22 0.00
0.00 22042.90
14.50 -49.46 -9999.00 -9999.00 -9999.00 255.12 28.75 0.00
0.00 28449.30

STID = KSTJ STNM = 724490 TIME = 081021/1700 
SLAT = 39.79 SLON = -94.95 SELV = 284.0
STIM = 65

SHOW = 15.26 LIFT = 13.70 SWET = 44.33 KINX = 2.16
LCLP = 818.31 PWAT = 16.59 TOTL = 22.87 CAPE = 0.00
LCLT = 271.63 CINS = 0.00 EQLV = -9999.00 LFCT = -9999.00
BRCH = 0.00

PRES TMPC TMWC DWPC THTE DRCT SKNT OMEG
CFRL HGHT
989.60 13.64 7.66 1.11 299.91 117.72 12.94 0.00
0.00 303.50
985.00 12.94 7.18 0.74 299.32 117.58 14.69 0.00
0.00 342.70
980.30 12.44 6.86 0.54 299.09 117.86 15.38 -0.10
0.00 382.80
975.60 11.94 6.56 0.41 298.93 117.82 15.81 0.00
0.00 423.10
970.70 11.54 6.30 0.27 298.88 118.11 16.08 0.00
0.00 465.20
965.80 11.04 5.99 0.13 298.73 118.39 16.34 0.00
0.00 507.40
960.80 10.64 5.73 -0.01 298.70 118.66 16.61 0.00
0.00 550.60
955.70 10.14 5.42 -0.15 298.57 118.93 16.86 0.00
0.00 594.90
950.40 9.74 5.17 -0.26 298.59 119.18 17.13 0.00
0.00 641.10
944.90 9.24 4.85 -0.41 298.50 119.43 17.40 0.00
0.00 689.20
939.30 8.74 4.53 -0.56 298.42 119.67 17.66 0.00
0.00 738.50
933.40 8.24 4.18 -0.79 298.32 120.21 17.75 -0.10
0.00 790.50
927.20 7.74 3.66 -1.49 297.88 121.69 18.49 0.00
0.00 845.50
920.70 7.64 2.77 -4.01 296.67 130.01 20.55 0.00
0.00 903.40
913.90 7.54 2.44 -4.86 296.72 132.55 19.25 0.00
0.00 964.50
906.50 7.24 2.05 -5.61 296.70 132.75 17.46 0.00
0.00 1031.40
898.20 6.94 1.49 -6.96 296.45 130.84 15.15 0.00
0.00 1106.90
888.70 6.44 0.70 -8.90 295.88 125.73 13.64 0.10
0.00 1194.20
877.60 5.64 -0.33 -11.32 295.05 119.64 12.96 0.10
0.00 1297.00
865.20 5.14 -1.12 -13.70 294.85 115.77 12.51 0.10
0.00 1413.10
851.70 5.04 -1.58 -15.76 295.42 119.62 11.40 0.10
0.00 1541.30
837.30 5.34 -1.64 -16.81 296.92 127.57 9.56 0.10
0.00 1680.40
822.00 5.74 -1.33 -15.83 299.32 122.97 8.57 0.10
0.00 1830.90
806.00 6.14 -0.41 -11.65 303.22 96.34 8.80 0.00
0.00 1991.70
789.40 6.04 1.31 -4.74 309.26 57.14 11.09 0.00
0.00 2162.00
772.20 5.64 2.39 -1.14 314.16 48.37 4.68 -0.10
0.00 2342.40
754.40 5.04 1.97 -1.36 315.69 219.81 4.55 -0.10
0.00 2533.00
736.00 3.54 1.05 -1.70 316.21 220.73 9.23 -0.10
0.00 2734.10
717.10 1.64 -0.13 -2.14 316.29 211.89 10.30 -0.20
0.00 2944.70
697.60 0.14 -1.61 -3.74 315.87 225.00 15.93 -0.20
0.00 3166.40
677.60 -0.96 -4.10 -8.83 313.46 229.35 23.56 -0.10
0.00 3399.10
656.90 -1.96 -5.00 -9.72 314.76 239.04 28.32 -0.10
0.00 3646.30
635.50 -3.66 -5.88 -9.26 316.38 247.13 30.98 0.00
0.00 3908.80
613.50 -5.46 -6.92 -9.16 317.85 253.59 29.56 0.00
0.00 4186.30
591.00 -7.36 -8.41 -10.09 318.65 255.87 27.84 0.00
0.00 4478.60
568.10 -9.76 -10.52 -11.86 318.46 259.38 28.46 0.10
0.00 4785.20
545.00 -11.96 -12.80 -14.49 318.23 261.75 27.08 0.10
0.00 5104.40
521.60 -14.26 -15.32 -17.84 317.90 264.93 24.18 0.20
0.00 5438.90
498.20 -17.06 -17.99 -20.57 317.62 258.69 21.79 0.20
0.00 5785.20
474.60 -19.66 -20.48 -23.11 318.01 257.83 20.26 0.20
0.00 6147.40
451.00 -22.56 -23.22 -25.71 318.29 263.20 21.33 0.20
0.00 6524.00
427.20 -24.86 -25.51 -28.35 319.70 263.90 25.58 0.10
0.00 6920.00
402.80 -28.36 -28.86 -31.58 319.89 269.23 28.94 0.00
1.00 7344.70
378.00 -31.76 -32.20 -35.18 320.63 262.57 31.55 -0.10
52.00 7797.00
353.40 -35.26 -35.58 -38.26 321.73 260.38 34.87 -0.10
100.00 8269.20
329.00 -39.46 -39.72 -42.71 322.11 264.69 35.70 -0.10
100.00 8763.00
305.00 -42.76 -43.09 -48.74 324.06 272.03 43.92 -0.10
0.00 9277.60
282.10 -45.76 -46.02 -51.36 326.93 276.01 66.80 -0.10
0.00 9800.60
260.40 -50.06 -50.21 -54.46 328.05 270.14 79.64 -0.10
100.00 10328.30
240.20 -54.36 -54.46 -58.41 329.12 268.97 86.85 -0.10
100.00 10850.60
221.40 -56.16 -56.28 -62.21 334.01 271.54 72.09 0.00
0.00 11370.40
203.10 -55.86 -56.06 -67.97 342.73 266.03 61.73 0.00
0.00 11918.70
184.20 -58.06 -58.22 -68.67 348.87 260.81 60.80 0.10
0.00 12536.90
163.00 -58.46 -58.66 -74.28 360.55 258.66 64.20 0.10
0.00 13306.00
139.40 -58.56 -58.79 -75.31 376.85 267.38 50.95 0.00
0.00 14288.60
114.70 -63.06 -9999.00 -9999.00 -9999.00 257.99 46.68 0.00
0.00 15500.80
89.70 -65.36 -9999.00 -9999.00 -9999.00 271.36 41.01 0.00
0.00 17004.40
64.70 -62.76 -9999.00 -9999.00 -9999.00 222.98 11.67 0.00
0.00 19004.00
39.60 -61.06 -9999.00 -9999.00 -9999.00 267.61 18.67 0.00
0.00 22039.60
14.50 -48.96 -9999.00 -9999.00 -9999.00 253.84 27.91 0.00
0.00 28454.70

STID = KSTJ STNM = 724490 TIME = 081021/1800 
SLAT = 39.79 SLON = -94.95 SELV = 284.0
STIM = 66

SHOW = 15.58 LIFT = 12.96 SWET = 46.32 KINX = 1.24
LCLP = 810.96 PWAT = 16.88 TOTL = 22.46 CAPE = 0.00
LCLT = 271.77 CINS = 0.00 EQLV = -9999.00 LFCT = -9999.00
BRCH = 0.00

PRES TMPC TMWC DWPC THTE DRCT SKNT OMEG
CFRL HGHT
988.60 14.44 8.12 1.36 301.07 120.80 11.75 0.00
0.00 303.60
984.00 13.84 7.71 1.03 300.62 120.38 13.05 0.00
0.00 342.90
979.30 13.34 7.39 0.83 300.39 120.96 13.60 0.00
0.00 383.20
974.60 12.84 7.09 0.70 300.22 121.24 13.85 -0.10
0.00 423.60
969.80 12.44 6.84 0.56 300.16 121.50 14.12 -0.10
0.00 465.00
964.90 11.94 6.55 0.46 300.05 121.76 14.39 -0.10
0.00 507.50
959.90 11.54 6.30 0.35 300.04 121.36 14.55 -0.10
0.00 550.90
954.80 11.04 6.00 0.24 299.94 122.01 14.67 -0.10
0.00 595.30
949.50 10.54 5.70 0.13 299.86 121.61 14.82 -0.10
0.00 641.70
944.00 10.14 5.45 0.02 299.91 122.24 14.94 -0.10
0.00 690.10
938.40 9.64 5.15 -0.09 299.86 122.24 14.94 -0.10
0.00 739.50
932.50 9.04 4.79 -0.22 299.73 122.87 15.03 -0.10
0.00 791.70
926.30 8.54 4.47 -0.37 299.72 122.47 15.19 -0.10
0.00 846.90
919.90 7.94 4.10 -0.50 299.64 123.08 15.31 -0.10
0.00 904.20
913.00 7.34 3.73 -0.64 299.62 123.69 15.40 -0.20
0.00 966.20
905.60 6.94 2.68 -2.99 298.18 129.09 16.03 -0.20
0.00 1033.10
897.40 6.74 1.58 -6.22 296.74 133.48 15.52 -0.20
0.00 1107.80
887.90 6.24 0.76 -8.17 296.12 130.52 14.04 -0.10
0.00 1195.10
876.80 5.54 -0.25 -10.66 295.32 126.70 13.33 -0.10
0.00 1298.00
864.40 4.94 -1.15 -13.24 294.89 126.03 13.21 -0.10
0.00 1414.10
850.90 4.94 -1.60 -15.50 295.49 133.03 11.97 -0.10
0.00 1542.40
836.60 5.24 -1.67 -16.63 296.95 146.93 9.97 -0.10
0.00 1680.50
821.40 5.64 -1.44 -16.11 299.18 150.26 9.40 -0.20
0.00 1830.20
805.30 6.04 -0.80 -13.29 302.47 130.73 9.23 -0.20
0.00 1992.00
788.70 5.74 0.68 -6.26 307.92 85.68 10.33 -0.30
0.00 2162.40
771.60 5.24 1.84 -2.01 312.95 100.49 5.34 -0.30
0.00 2341.50
753.80 4.64 1.58 -1.83 314.85 199.44 7.01 -0.40
0.00 2532.00
735.50 3.34 0.78 -2.10 315.65 212.47 12.67 -0.40
0.00 2731.90
716.60 1.64 -0.26 -2.45 316.06 210.70 14.45 -0.40
0.00 2942.60
697.20 0.04 -2.06 -4.74 314.92 217.09 19.97 -0.40
0.00 3163.20
677.10 -0.96 -4.02 -8.58 313.70 227.12 25.97 -0.30
0.00 3397.20
656.50 -2.06 -4.78 -8.84 315.31 233.71 30.85 -0.20
0.00 3643.30
635.10 -3.56 -5.81 -9.22 316.59 239.33 32.75 -0.10
0.00 3906.00
613.20 -5.56 -7.19 -9.75 317.35 242.64 31.27 0.00
0.00 4182.40
590.70 -7.66 -8.60 -10.14 318.30 244.65 28.59 0.00
0.00 4474.60
567.90 -9.86 -10.60 -11.91 318.34 247.98 28.50 0.00
0.00 4779.80
544.80 -12.06 -12.65 -13.82 318.55 254.63 26.40 0.10
5.00 5099.00
521.50 -14.16 -14.92 -16.65 318.64 263.23 23.08 0.10
0.00 5432.10
498.00 -16.76 -17.51 -19.47 318.51 264.58 22.63 0.10
0.00 5780.30
474.50 -19.36 -20.00 -21.92 318.86 267.59 23.14 0.10
2.00 6141.60
450.90 -22.16 -22.72 -24.70 319.16 270.00 25.45 0.10
90.00 6518.80
427.20 -24.76 -25.25 -27.28 320.13 273.03 29.37 -0.10
100.00 6913.70
402.80 -28.16 -28.51 -30.27 320.46 273.91 31.35 -0.20
100.00 7338.60
378.00 -31.36 -31.57 -32.86 321.62 264.29 35.14 -0.20
100.00 7791.50
353.40 -35.26 -35.49 -37.32 321.87 260.91 39.34 -0.20
100.00 8264.10
329.00 -39.56 -39.81 -42.71 321.97 261.99 40.40 -0.10
100.00 8757.80
305.00 -42.66 -43.05 -49.99 324.12 267.81 45.69 -0.10
0.00 9272.40
282.10 -45.46 -45.71 -50.67 327.40 274.47 67.23 -0.10
0.00 9795.80
260.40 -50.16 -50.31 -54.46 327.90 269.86 77.70 -0.10
100.00 10323.80
240.20 -54.46 -54.55 -58.41 328.97 268.95 84.91 -0.10
100.00 10845.80
221.40 -56.46 -56.57 -62.21 333.55 270.00 69.35 0.00
0.00 11365.20
203.10 -56.16 -56.32 -65.02 342.31 263.79 57.44 0.00
0.00 11912.80
184.20 -58.26 -58.41 -68.67 348.54 258.61 57.07 0.10
0.00 12530.20
163.00 -59.46 -59.63 -74.28 358.87 256.97 64.61 0.10
0.00 13297.10
139.40 -58.56 -58.79 -75.31 376.85 267.61 51.13 0.00
0.00 14277.50
114.70 -62.66 -9999.00 -9999.00 -9999.00 256.02 49.05 0.00
0.00 15490.80
89.70 -64.76 -9999.00 -9999.00 -9999.00 270.32 35.16 0.00
0.00 16998.00
64.70 -62.46 -9999.00 -9999.00 -9999.00 222.55 16.08 0.00
0.00 19001.90
39.60 -61.46 -9999.00 -9999.00 -9999.00 270.00 18.45 0.00
0.00 22036.80
14.50 -48.16 -9999.00 -9999.00 -9999.00 252.69 28.07 0.00
0.00 28457.80

STID = KSTJ STNM = 724490 TIME = 081021/1900 
SLAT = 39.79 SLON = -94.95 SELV = 284.0
STIM = 67

SHOW = 16.19 LIFT = 12.51 SWET = 47.27 KINX = 0.04
LCLP = 805.90 PWAT = 17.34 TOTL = 21.81 CAPE = 0.00
LCLT = 271.89 CINS = 0.00 EQLV = -9999.00 LFCT = -9999.00
BRCH = 0.00

PRES TMPC TMWC DWPC THTE DRCT SKNT OMEG
CFRL HGHT
988.00 15.04 8.47 1.57 301.95 119.48 10.26 0.00
0.00 303.70
983.40 14.44 8.07 1.25 301.50 120.11 11.23 -0.10
0.00 343.10
978.70 13.94 7.76 1.09 301.30 119.98 11.65 -0.10
0.00 383.50
974.00 13.54 7.51 0.95 301.24 120.32 11.93 -0.10
0.00 424.00
969.20 13.04 7.22 0.85 301.11 121.12 12.02 -0.10
0.00 465.60
964.30 12.64 6.97 0.72 301.07 120.65 12.20 -0.10
0.00 508.10
959.30 12.14 6.68 0.61 300.96 121.43 12.30 -0.10
0.00 551.70
954.10 11.74 6.43 0.50 300.97 120.96 12.45 -0.10
0.00 597.10
948.90 11.24 6.14 0.39 300.88 120.96 12.45 -0.10
0.00 642.80
943.50 10.74 5.85 0.32 300.85 121.72 12.57 -0.10
0.00 690.40
937.80 10.24 5.55 0.20 300.81 121.26 12.72 -0.10
0.00 740.80
931.90 9.74 5.25 0.08 300.79 121.26 12.72 -0.10
0.00 793.20
925.80 9.24 4.94 -0.04 300.80 122.01 12.82 -0.10
0.00 847.70
919.30 8.64 4.56 -0.21 300.70 122.01 12.82 -0.10
0.00 906.00
912.50 8.04 4.20 -0.34 300.67 122.01 12.82 -0.10
0.00 967.40
905.10 7.34 3.76 -0.52 300.57 122.74 12.94 -0.10
0.00 1034.50
896.90 6.64 3.30 -0.75 300.51 123.45 13.03 -0.10
0.00 1109.30
887.40 5.94 1.59 -4.58 297.95 127.21 13.17 -0.20
0.00 1196.60
876.30 5.44 -0.01 -9.37 295.86 130.14 12.96 -0.10
0.00 1299.50
863.90 4.74 -1.06 -12.14 295.16 131.92 12.80 -0.10
0.00 1415.70
850.50 4.64 -1.65 -14.73 295.47 140.44 11.60 -0.10
0.00 1542.90
836.20 5.04 -1.72 -16.17 296.92 159.30 9.34 -0.10
0.00 1681.00
820.90 5.44 -1.48 -15.67 299.17 169.38 9.48 -0.10
0.00 1831.60
804.90 6.04 -0.96 -14.11 302.18 160.20 10.31 -0.10
0.00 1992.50
788.30 5.54 -0.22 -9.10 305.97 117.51 10.51 -0.20
0.00 2162.80
771.20 4.84 0.91 -3.97 310.85 119.43 8.70 -0.30
0.00 2341.80
753.40 4.14 0.82 -3.10 313.16 181.27 8.74 -0.30
0.00 2532.10
735.10 2.94 0.27 -2.85 314.54 206.22 14.51 -0.30
0.00 2731.70
716.20 1.44 -0.60 -3.01 315.35 209.18 17.13 -0.40
0.00 2942.20
696.80 0.14 -2.46 -5.93 314.10 214.38 22.36 -0.30
0.00 3162.90
676.90 -0.86 -3.80 -8.07 314.21 224.44 28.03 -0.20
0.00 3394.70
656.20 -2.16 -4.44 -7.70 316.08 231.50 32.77 -0.10
0.00 3642.20
634.90 -4.16 -5.76 -8.12 316.73 234.39 35.35 0.00
0.00 3903.50
613.00 -6.46 -7.58 -9.34 316.60 236.05 35.12 0.10
0.00 4179.20
590.50 -8.16 -8.80 -9.85 317.94 235.46 32.54 0.10
0.00 4470.70
567.70 -10.16 -10.71 -11.69 318.16 237.85 32.13 0.00
83.00 4775.50
544.60 -11.96 -12.49 -13.52 318.90 241.75 29.55 -0.10
100.00 5094.70
521.30 -13.96 -14.45 -15.51 319.56 250.84 24.26 -0.30
100.00 5428.20
498.00 -16.16 -16.61 -17.69 320.12 257.52 24.28 -0.40
100.00 5774.10
474.50 -18.46 -18.81 -19.75 320.94 264.33 25.56 -0.50
100.00 6136.50
450.90 -21.36 -21.54 -22.10 321.16 269.19 27.58 -0.40
100.00 6515.00
427.20 -24.56 -24.67 -25.11 321.09 272.22 30.13 -0.30
100.00 6910.80
402.80 -28.16 -28.22 -28.49 320.93 268.20 30.91 -0.30
100.00 7335.90
378.00 -31.46 -31.64 -32.70 321.52 262.91 34.65 -0.20
100.00 7788.70
353.40 -35.86 -36.06 -37.78 320.99 260.92 38.17 -0.20
100.00 8260.60
329.00 -39.26 -39.70 -45.48 322.12 259.67 40.07 -0.10
0.00 8754.10
305.00 -42.26 -42.75 -52.25 324.57 268.03 45.09 -0.10
0.00 9269.40
282.10 -45.56 -45.83 -51.36 327.22 273.42 61.89 -0.10
0.00 9793.20
260.40 -50.06 -50.21 -54.46 328.05 270.76 73.62 -0.10
100.00 10321.10
240.20 -54.36 -54.46 -58.41 329.12 267.94 81.25 -0.10
100.00 10843.40
221.40 -56.76 -56.86 -62.21 333.09 269.49 65.46 0.00
0.00 11362.50
203.10 -56.76 -56.91 -65.02 341.36 262.73 55.23 0.00
0.00 11909.00
184.20 -58.86 -59.00 -68.67 347.57 259.24 55.17 0.00
0.00 12524.60
163.00 -59.86 -60.02 -74.28 358.20 257.69 65.62 0.10
0.00 13289.80
139.40 -58.26 -58.50 -75.31 377.38 265.81 53.17 0.00
0.00 14270.00
114.70 -62.36 -9999.00 -9999.00 -9999.00 256.47 48.15 0.00
0.00 15485.00
89.70 -63.96 -9999.00 -9999.00 -9999.00 268.62 32.25 0.00
0.00 16996.20
64.70 -62.26 -9999.00 -9999.00 -9999.00 230.96 18.51 0.00
0.00 19004.80
39.60 -61.56 -9999.00 -9999.00 -9999.00 271.30 17.09 0.00
0.00 22040.40
14.50 -47.56 -9999.00 -9999.00 -9999.00 249.30 28.03 0.00
0.00 28468.80

STID = KSTJ STNM = 724490 TIME = 081021/2000 
SLAT = 39.79 SLON = -94.95 SELV = 284.0
STIM = 68

SHOW = 16.67 LIFT = 12.98 SWET = 55.48 KINX = -0.89
LCLP = 800.75 PWAT = 17.27 TOTL = 21.10 CAPE = 0.00
LCLT = 271.55 CINS = 0.00 EQLV = -9999.00 LFCT = -9999.00
BRCH = 0.00

PRES TMPC TMWC DWPC THTE DRCT SKNT OMEG
CFRL HGHT
987.20 15.14 8.42 1.30 301.90 116.05 9.73 0.00
0.00 303.70
982.50 14.54 8.01 0.97 301.46 116.57 10.86 0.00
0.00 344.00
977.90 14.14 7.74 0.78 301.34 116.57 11.29 0.00
0.00 383.60
973.20 13.74 7.49 0.64 301.27 117.00 11.56 0.00
0.00 424.20
968.40 13.24 7.20 0.51 301.11 117.41 11.81 0.00
0.00 465.80
963.50 12.84 6.95 0.40 301.10 117.41 11.81 0.00
0.00 508.40
958.50 12.44 6.71 0.30 301.10 117.80 12.08 0.00
0.00 552.00
953.40 11.94 6.41 0.16 300.97 117.80 12.08 0.00
0.00 596.70
948.10 11.54 6.16 0.05 301.00 117.80 12.08 0.00
0.00 643.30
942.70 11.04 5.86 -0.07 300.93 118.61 12.16 0.00
0.00 691.00
937.10 10.54 5.56 -0.18 300.89 118.18 12.33 0.00
0.00 740.60
931.20 10.04 5.26 -0.30 300.87 118.18 12.33 0.00
0.00 793.10
925.00 9.44 4.90 -0.43 300.78 118.97 12.43 0.00
0.00 848.60
918.60 8.94 4.58 -0.56 300.81 118.97 12.43 0.00
0.00 906.10
911.80 8.34 4.22 -0.69 300.78 118.97 12.43 0.00
0.00 967.50
904.40 7.64 3.78 -0.87 300.68 119.74 12.53 0.00
0.00 1034.80
896.20 6.94 3.35 -1.03 300.68 119.74 12.53 0.00
0.00 1109.70
886.70 6.04 2.78 -1.25 300.57 120.07 12.80 0.00
0.00 1197.20
875.60 5.04 2.15 -1.49 300.51 119.31 12.70 0.00
0.00 1300.20
863.30 4.74 -0.91 -11.39 295.54 134.40 13.05 0.00
0.00 1415.50
849.80 4.64 -1.58 -14.32 295.69 144.46 11.69 0.00
0.00 1543.80
835.50 5.04 -1.61 -15.46 297.23 161.18 9.03 0.10
0.00 1682.00
820.30 5.74 -1.08 -14.27 300.07 174.05 9.38 0.10
0.00 1831.90
804.30 6.44 -0.51 -12.88 303.19 170.38 11.62 0.00
0.00 1993.00
787.80 5.94 -0.44 -10.89 305.51 139.86 12.96 0.00
0.00 2162.70
770.60 4.84 0.18 -6.14 309.27 133.78 12.92 -0.10
0.00 2343.00
752.90 4.04 0.10 -4.95 311.56 173.85 12.70 -0.20
0.00 2532.20
734.60 2.74 -0.04 -3.38 313.89 199.93 16.53 -0.20
0.00 2731.80
715.80 1.24 -1.06 -3.89 314.36 206.09 20.77 -0.20
0.00 2941.10
696.40 0.24 -2.69 -6.73 313.64 215.03 25.39 -0.20
0.00 3161.90
676.50 -0.96 -3.24 -6.31 315.50 223.69 30.09 -0.20
0.00 3393.90
655.80 -2.16 -3.92 -6.28 317.29 230.40 35.04 -0.10
0.00 3641.50
634.60 -4.06 -5.71 -8.13 316.88 233.60 37.65 0.00
0.00 3901.80
612.70 -6.46 -7.98 -10.51 315.82 233.87 39.20 0.10
0.00 4177.70
590.30 -8.46 -9.29 -10.71 317.00 232.77 37.57 0.10
0.00 4467.80
567.50 -10.36 -10.91 -11.92 317.80 234.71 36.65 0.00
55.00 4772.40
544.40 -11.96 -12.49 -13.53 318.93 239.74 35.08 -0.10
100.00 5091.60
521.20 -13.56 -14.07 -15.14 320.29 249.78 31.47 -0.30
100.00 5424.00
497.80 -15.56 -16.02 -17.09 321.23 259.91 32.17 -0.40
100.00 5772.20
474.40 -17.86 -18.26 -19.28 321.94 263.92 33.02 -0.40
100.00 6134.00
450.80 -20.96 -21.30 -22.34 321.59 265.82 31.93 -0.40
100.00 6513.40
427.20 -24.66 -24.87 -25.69 320.76 266.36 33.66 -0.40
100.00 6907.70
402.80 -27.96 -28.16 -29.10 321.02 260.18 30.75 -0.40
100.00 7332.90
378.00 -31.86 -32.09 -33.53 320.81 260.49 35.26 -0.30
100.00 7785.60
353.40 -35.86 -36.15 -38.76 320.85 257.82 37.76 -0.20
100.00 8257.00
329.00 -39.06 -39.56 -46.44 322.32 254.72 39.06 -0.10
0.00 8750.70
305.00 -42.26 -42.77 -53.14 324.53 264.37 39.63 -0.10
0.00 9266.20
282.10 -45.56 -45.93 -54.77 327.06 273.49 54.29 -0.10
0.00 9790.00
260.40 -49.96 -50.12 -54.46 328.20 269.51 67.60 -0.10
100.00 10318.10
240.20 -54.06 -54.17 -58.41 329.57 265.24 77.19 -0.10
100.00 10840.80
221.40 -56.86 -56.96 -62.21 332.94 267.46 61.44 0.00
0.00 11360.10
203.10 -57.16 -57.29 -65.02 340.73 263.87 52.76 0.00
0.00 11906.00
184.20 -59.16 -59.29 -68.67 347.08 259.48 55.32 0.00
0.00 12520.70
163.00 -59.76 -59.93 -74.28 358.37 257.02 63.99 0.10
0.00 13285.50
139.40 -58.96 -59.18 -75.31 376.15 263.97 55.48 0.00
0.00 14264.20
114.70 -61.56 -9999.00 -9999.00 -9999.00 255.31 45.18 0.00
0.00 15479.60
89.70 -63.56 -9999.00 -9999.00 -9999.00 267.35 29.37 0.00
0.00 16995.10
64.70 -62.36 -9999.00 -9999.00 -9999.00 235.84 19.72 0.00
0.00 19005.20
39.60 -61.36 -9999.00 -9999.00 -9999.00 276.19 16.22 0.00
0.00 22041.40
14.50 -47.66 -9999.00 -9999.00 -9999.00 248.41 29.04 0.00
0.00 28471.30

STID = KSTJ STNM = 724490 TIME = 081021/2100 
SLAT = 39.79 SLON = -94.95 SELV = 284.0
STIM = 69

SHOW = 16.36 LIFT = 12.84 SWET = 64.58 KINX = 0.85
LCLP = 800.88 PWAT = 17.23 TOTL = 21.78 CAPE = 0.00
LCLT = 271.68 CINS = 0.00 EQLV = -9999.00 LFCT = -9999.00
BRCH = 0.00

PRES TMPC TMWC DWPC THTE DRCT SKNT OMEG
CFRL HGHT
985.70 15.14 8.45 1.41 302.15 113.46 11.23 0.00
0.00 303.70
981.10 14.64 8.10 1.09 301.81 114.23 12.78 0.00
0.00 343.30
976.40 14.14 7.78 0.89 301.58 114.30 13.21 0.00
0.00 383.80
971.70 13.74 7.53 0.75 301.51 114.38 13.66 0.00
0.00 424.40
966.90 13.34 7.29 0.65 301.49 114.78 13.91 0.00
0.00 466.10
962.00 12.94 7.05 0.55 301.48 114.78 13.91 0.00
0.00 508.80
957.10 12.44 6.76 0.45 301.37 115.16 14.16 0.00
0.00 551.60
952.00 12.04 6.52 0.34 301.38 115.16 14.16 0.00
0.00 596.40
946.70 11.54 6.23 0.26 301.32 115.53 14.41 0.00
0.00 643.00
941.30 11.14 5.98 0.15 301.37 115.53 14.41 0.00
0.00 690.80
935.70 10.64 5.68 0.03 301.32 115.53 14.41 0.00
0.00 740.50
929.90 10.14 5.39 -0.05 301.32 115.89 14.69 -0.10
0.00 792.30
923.70 9.54 5.03 -0.18 301.23 115.89 14.69 -0.10
0.00 847.80
917.30 8.94 4.67 -0.31 301.16 115.89 14.69 -0.10
0.00 905.40
910.50 8.34 4.32 -0.41 301.16 116.57 14.76 -0.10
0.00 967.00
903.10 7.74 3.95 -0.55 301.19 116.57 14.76 -0.10
0.00 1034.30
894.90 7.04 3.51 -0.71 301.20 117.24 14.86 -0.10
0.00 1109.40
885.50 6.14 2.96 -0.89 301.10 117.24 14.86 -0.10
0.00 1196.10
874.50 5.14 2.35 -1.09 301.07 118.55 15.03 -0.10
0.00 1298.30
862.10 4.84 -0.58 -10.12 296.35 132.92 15.11 -0.10
0.00 1414.80
848.70 5.04 -1.32 -14.09 296.32 146.08 13.58 -0.10
0.00 1542.50
834.50 5.54 -1.12 -14.22 298.32 155.82 10.43 -0.10
0.00 1680.10
819.30 6.54 -0.24 -12.17 301.91 168.69 10.90 -0.10
0.00 1830.50
803.30 7.14 0.32 -10.71 305.08 170.27 13.79 -0.10
0.00 1992.30
786.80 6.74 0.08 -10.50 306.71 153.43 16.51 -0.20
0.00 2162.70
769.70 5.24 -0.19 -8.11 308.52 149.70 17.33 -0.30
0.00 2342.50
752.10 4.14 -0.07 -5.61 311.27 178.11 17.68 -0.30
0.00 2531.00
733.80 2.74 -0.27 -3.96 313.49 197.22 20.34 -0.20
0.00 2730.80
715.00 1.54 -1.83 -6.43 312.73 206.57 24.77 -0.20
0.00 2940.40
695.70 0.44 -1.80 -4.60 315.73 218.05 28.36 -0.20
0.00 3160.50
675.80 -0.76 -1.87 -3.18 318.67 226.75 31.47 -0.20
0.00 3393.00
655.20 -1.96 -3.49 -5.46 318.33 231.39 35.80 -0.10
0.00 3639.90
634.00 -3.56 -5.89 -9.46 316.59 232.55 38.66 0.00
0.00 3900.80
612.20 -5.96 -8.14 -11.93 315.57 233.19 39.55 0.20
0.00 4176.10
589.80 -8.26 -9.53 -11.76 316.61 234.16 38.81 0.10
0.00 4466.80
567.10 -10.16 -10.87 -12.16 317.95 238.79 38.62 0.00
0.00 4770.60
544.10 -11.56 -12.09 -13.10 319.75 247.04 37.33 -0.20
97.00 5088.90
520.90 -13.26 -13.74 -14.72 320.97 255.60 36.69 -0.30
100.00 5422.00
497.60 -15.46 -15.92 -16.98 321.46 261.91 37.28 -0.30
100.00 5769.10
474.20 -18.06 -18.53 -19.76 321.50 264.81 38.62 -0.30
100.00 6131.00
450.80 -20.76 -21.28 -22.91 321.62 264.83 36.67 -0.10
100.00 6507.20
427.10 -24.26 -24.78 -26.84 320.93 263.80 35.96 0.00
100.00 6903.70
402.80 -28.06 -28.55 -31.13 320.38 262.30 33.31 0.00
56.00 7327.50
378.00 -32.36 -32.91 -37.12 319.52 262.18 35.68 -0.10
0.00 7779.50
353.40 -35.36 -36.03 -43.14 321.02 256.46 38.17 -0.10
0.00 8250.90
329.00 -38.76 -39.38 -48.68 322.58 253.82 39.04 0.00
0.00 8745.40
305.00 -42.06 -42.61 -54.13 324.77 262.07 39.41 0.00
0.00 9261.50
282.10 -46.06 -46.42 -55.87 326.30 271.80 49.55 0.00
0.00 9784.90
260.40 -50.06 -50.21 -54.46 328.05 270.52 64.69 0.00
0.00 10312.30
240.20 -53.86 -53.97 -58.41 329.87 264.35 73.00 0.00
46.00 10835.10
221.40 -56.66 -56.76 -62.21 333.24 266.47 56.84 0.00
0.00 11354.90
203.10 -57.36 -57.49 -65.02 340.41 266.29 51.01 0.00
0.00 11900.80
184.20 -59.16 -59.29 -68.67 347.08 257.47 55.52 0.00
0.00 12515.20
163.00 -59.76 -59.93 -74.28 358.37 255.23 62.47 0.00
0.00 13280.00
139.40 -59.66 -59.86 -75.31 374.92 264.27 58.37 0.00
0.00 14257.20
114.70 -61.76 -9999.00 -9999.00 -9999.00 257.67 42.75 0.00
0.00 15469.90
89.70 -63.56 -9999.00 -9999.00 -9999.00 265.89 27.08 0.00
0.00 16984.70
64.70 -62.56 -9999.00 -9999.00 -9999.00 240.40 19.66 0.00
0.00 18993.80
39.60 -61.06 -9999.00 -9999.00 -9999.00 278.64 15.52 0.00
0.00 22030.80
14.50 -47.96 -9999.00 -9999.00 -9999.00 249.79 29.80 0.00
0.00 28460.70

STID = KSTJ STNM = 724490 TIME = 081021/2200 
SLAT = 39.79 SLON = -94.95 SELV = 284.0
STIM = 70

SHOW = 14.75 LIFT = 12.09 SWET = 51.49 KINX = 8.34
LCLP = 802.35 PWAT = 18.35 TOTL = 27.51 CAPE = 0.00
LCLT = 271.87 CINS = 0.00 EQLV = -9999.00 LFCT = -9999.00
BRCH = 0.00

PRES TMPC TMWC DWPC THTE DRCT SKNT OMEG
CFRL HGHT
986.40 15.24 8.56 1.58 302.33 114.68 7.91 0.00
0.00 303.70
981.70 14.74 8.20 1.26 302.00 115.46 9.03 -0.10
0.00 344.10
977.10 14.34 7.95 1.10 301.90 116.57 9.56 -0.10
0.00 383.80
972.40 13.94 7.70 0.96 301.83 116.57 9.98 -0.10
0.00 424.40
967.60 13.54 7.45 0.83 301.78 116.57 9.98 -0.10
0.00 466.10
962.70 13.04 7.16 0.73 301.67 117.05 10.26 -0.10
0.00 508.70
957.70 12.64 6.92 0.62 301.66 118.01 10.33 -0.20
0.00 552.40
952.60 12.24 6.67 0.51 301.67 117.51 10.51 -0.20
0.00 597.20
947.40 11.74 6.38 0.41 301.59 118.44 10.61 -0.20
0.00 643.00
941.90 11.24 6.08 0.29 301.53 118.44 10.61 -0.30
0.00 691.60
936.30 10.74 5.79 0.18 301.49 118.86 10.86 -0.30
0.00 741.40
930.50 10.24 5.48 0.06 301.46 118.86 10.86 -0.30
0.00 793.10
924.30 9.74 5.17 -0.07 301.47 119.74 10.96 -0.30
0.00 848.60
917.90 9.14 4.81 -0.20 301.40 119.74 10.96 -0.40
0.00 906.20
911.10 8.54 4.45 -0.33 301.37 120.62 11.05 -0.40
0.00 967.80
903.70 7.94 4.07 -0.48 301.40 120.62 11.05 -0.40
0.00 1035.10
895.50 7.14 3.60 -0.63 301.30 121.48 11.17 -0.50
0.00 1110.20
886.00 6.34 3.10 -0.81 301.33 122.32 11.27 -0.60
0.00 1197.80
875.00 5.34 2.48 -1.02 301.29 122.32 11.27 -0.60
0.00 1300.10
862.60 4.14 1.73 -1.28 301.16 126.10 11.54 -0.70
0.00 1416.40
849.20 3.94 -0.74 -8.53 297.56 156.32 12.08 -0.80
0.00 1543.70
835.00 3.84 -1.85 -12.92 296.94 170.71 10.82 -0.80
0.00 1680.60
819.70 4.44 -1.57 -12.93 299.26 181.08 10.30 -0.80
0.00 1830.90
803.80 4.94 -0.74 -10.11 302.92 197.30 12.41 -0.90
0.00 1990.40
787.30 5.54 -0.15 -8.81 306.26 191.02 15.23 -1.00
0.00 2159.70
770.20 5.14 -0.49 -9.04 307.78 173.73 17.77 -1.10
0.00 2338.90
752.50 3.94 -0.43 -6.37 310.43 181.13 19.62 -1.10
0.00 2528.20
734.20 2.24 -1.13 -5.62 311.51 193.67 22.18 -1.00
0.00 2727.70
715.40 1.04 -1.87 -5.77 312.61 204.05 25.74 -0.90
0.00 2936.80
696.00 -0.46 -1.57 -2.90 316.21 214.77 28.61 -0.70
0.00 3157.40
676.10 -1.56 -1.62 -1.72 319.20 223.22 30.92 -0.50
90.00 3389.10
655.50 -3.06 -3.12 -3.23 319.10 227.94 34.79 -0.40
0.00 3635.10
634.30 -4.46 -5.41 -6.75 317.57 229.27 38.71 -0.30
0.00 3895.00
612.40 -6.46 -7.91 -10.29 316.02 229.31 40.23 -0.30
0.00 4170.90
590.00 -7.96 -9.76 -13.10 316.10 228.68 38.54 -0.20
0.00 4461.40
567.30 -10.06 -11.28 -13.63 317.11 229.89 37.08 -0.10
0.00 4765.20
544.30 -12.26 -12.56 -13.14 318.83 236.85 34.11 -0.10
100.00 5083.10
521.00 -13.76 -13.80 -13.92 320.83 249.36 30.30 -0.10
100.00 5416.70
497.70 -16.06 -16.40 -17.21 320.56 257.25 27.29 -0.10
100.00 5763.10
474.30 -18.56 -19.19 -20.98 320.30 256.88 26.53 -0.20
29.00 6124.10
450.80 -21.46 -22.07 -24.14 320.27 258.61 26.55 -0.30
81.00 6500.90
427.10 -23.96 -24.35 -25.80 321.65 265.83 29.41 -0.30
100.00 6897.10
402.80 -26.96 -27.20 -28.26 322.57 270.98 33.99 -0.30
100.00 7322.10
378.00 -30.26 -30.47 -31.64 323.36 273.07 39.88 -0.10
100.00 7777.20
353.40 -34.16 -34.34 -35.66 323.65 273.59 43.40 0.10
100.00 8251.90
329.00 -38.26 -38.47 -40.53 324.02 273.24 44.76 0.20
100.00 8748.30
305.00 -42.66 -42.93 -47.12 324.31 273.39 45.92 0.20
0.00 9264.30
282.10 -47.06 -47.27 -52.10 325.02 274.91 49.90 0.20
0.00 9785.90
260.40 -50.76 -50.93 -56.52 326.94 271.55 57.52 0.20
0.00 10311.30
240.20 -53.76 -53.90 -59.85 329.98 264.19 67.17 0.10
0.00 10833.40
221.40 -56.36 -56.47 -62.21 333.71 266.54 51.57 0.00
0.00 11353.70
203.10 -57.56 -57.68 -65.02 340.10 266.93 47.07 0.00
0.00 11899.70
184.20 -59.16 -59.29 -68.67 347.08 253.26 53.96 0.00
0.00 12513.80
163.00 -60.16 -60.32 -74.28 357.69 252.72 60.82 0.00
0.00 13277.90
139.40 -60.26 -60.44 -75.31 373.86 265.54 60.00 0.00
0.00 14252.70
114.70 -61.66 -9999.00 -9999.00 -9999.00 259.75 39.28 0.00
0.00 15464.10
89.70 -63.56 -9999.00 -9999.00 -9999.00 262.35 26.26 0.00
0.00 16979.20
64.70 -62.46 -9999.00 -9999.00 -9999.00 250.31 19.60 0.00
0.00 18988.80
39.60 -60.46 -9999.00 -9999.00 -9999.00 282.36 14.51 0.00
0.00 22030.90
14.50 -48.36 -9999.00 -9999.00 -9999.00 252.95 30.48 0.00
0.00 28463.70

STID = KSTJ STNM = 724490 TIME = 081021/2300 
SLAT = 39.79 SLON = -94.95 SELV = 284.0
STIM = 71

SHOW = 13.98 LIFT = 12.09 SWET = 46.66 KINX = 13.10
LCLP = 812.08 PWAT = 19.73 TOTL = 29.49 CAPE = 0.00
LCLT = 272.41 CINS = 0.00 EQLV = -9999.00 LFCT = -9999.00
BRCH = 0.00

PRES TMPC TMWC DWPC THTE DRCT SKNT OMEG
CFRL HGHT
986.60 14.84 8.52 1.97 302.23 99.46 7.09 0.00
0.00 303.70
982.00 14.54 8.18 1.46 301.93 100.54 8.49 0.00
0.00 343.20
977.40 14.14 7.91 1.26 301.79 102.53 8.95 0.00
0.00 382.80
972.70 13.74 7.65 1.10 301.71 103.45 9.19 0.00
0.00 423.40
967.90 13.34 7.42 1.00 301.69 104.32 9.42 0.00
0.00 465.00
963.00 12.94 7.17 0.89 301.67 105.46 9.48 0.00
0.00 507.70
958.00 12.54 6.93 0.79 301.67 105.15 9.65 0.00
0.00 551.30
952.90 12.14 6.69 0.68 301.68 106.26 9.71 0.00
0.00 596.10
947.60 11.64 6.39 0.57 301.60 106.26 9.71 0.00
0.00 642.70
942.20 11.24 6.16 0.49 301.67 107.35 9.77 0.00
0.00 690.40
936.60 10.74 5.86 0.38 301.62 107.35 9.77 0.00
0.00 740.10
930.70 10.24 5.57 0.29 301.63 108.43 9.83 0.00
0.00 792.70
924.50 9.64 5.21 0.17 301.55 108.43 9.83 0.00
0.00 848.30
918.10 9.14 4.91 0.07 301.61 109.50 9.89 0.00
0.00 905.90
911.30 8.54 4.55 -0.06 301.58 110.56 9.97 0.10
0.00 967.40
903.90 7.84 4.14 -0.17 301.53 110.96 9.77 0.00
0.00 1034.70
895.70 7.14 3.71 -0.33 301.54 112.01 9.85 0.10
0.00 1109.80
886.20 6.24 3.16 -0.51 301.45 113.50 9.75 0.10
0.00 1197.30
875.20 5.24 2.55 -0.71 301.42 114.54 9.83 0.10
0.00 1299.50
862.90 4.24 1.80 -1.24 301.27 117.55 10.08 0.10
0.00 1415.00
849.40 3.84 -0.13 -6.14 298.81 150.71 9.13 0.00
0.00 1543.20
835.20 3.64 -1.49 -10.70 297.68 180.00 9.32 0.00
0.00 1680.00
819.90 3.84 -1.61 -11.50 299.21 191.53 9.71 0.00
0.00 1830.00
804.00 4.34 -1.07 -10.11 302.24 202.83 12.00 0.00
0.00 1989.20
787.40 4.54 -0.45 -7.92 305.67 208.78 15.73 0.00
0.00 2158.90
770.30 4.64 -0.01 -6.40 308.90 198.99 19.11 0.00
0.00 2337.80
752.60 3.64 -0.03 -4.73 311.32 197.10 21.13 0.00
0.00 2526.80
734.30 2.34 -0.56 -4.19 312.77 201.80 24.07 0.10
0.00 2726.20
715.50 1.24 0.08 -1.20 317.03 210.75 27.35 0.10
0.00 2935.50
696.20 0.04 -0.02 -0.12 319.75 220.97 29.33 0.10
78.00 3155.40
676.20 -1.36 -1.38 -1.45 319.72 229.01 31.39 0.20
99.00 3388.60
655.60 -2.76 -3.08 -3.49 319.18 231.44 34.29 0.30
23.00 3634.80
634.40 -4.36 -4.85 -5.52 318.76 231.48 37.74 0.40
10.00 3894.90
612.50 -6.36 -6.94 -7.82 317.98 230.55 39.74 0.50
44.00 4170.90
590.10 -8.46 -9.09 -10.15 317.43 230.38 38.07 0.50
93.00 4461.20
567.40 -10.46 -11.09 -12.25 317.47 231.86 36.79 0.40
100.00 4764.50
544.30 -12.26 -12.85 -14.03 318.27 237.58 34.05 0.20
100.00 5083.50
521.10 -14.06 -14.64 -15.91 319.25 246.95 29.76 0.00
100.00 5415.50
497.80 -15.96 -16.52 -17.88 320.32 249.95 28.32 -0.30
100.00 5761.50
474.30 -18.36 -18.86 -20.24 320.88 251.44 29.29 -0.60
100.00 6124.30
450.80 -20.86 -21.34 -22.83 321.53 256.68 30.34 -0.90
100.00 6501.80
427.10 -23.36 -23.80 -25.40 322.56 260.43 32.69 -1.10
100.00 6898.90
402.80 -26.66 -27.00 -28.49 322.90 263.31 35.00 -1.20
100.00 7324.70
378.00 -30.16 -30.41 -31.79 323.46 266.35 36.60 -1.10
100.00 7780.10
353.40 -33.96 -34.15 -35.47 323.95 268.27 38.68 -0.90
100.00 8255.20
329.00 -38.16 -38.19 -38.48 324.44 269.17 40.02 -0.60
100.00 8751.80
305.00 -42.26 -42.51 -46.17 324.95 268.43 42.56 -0.20
100.00 9268.40
282.10 -46.76 -46.94 -50.67 325.53 270.51 43.90 0.20
100.00 9790.80
260.40 -51.46 -51.58 -55.43 325.95 270.24 47.01 0.30
2.00 10315.80
240.20 -54.56 -54.68 -59.85 328.77 265.21 60.43 0.20
0.00 10836.10
221.40 -57.06 -57.15 -62.21 332.63 263.08 54.80 0.00
0.00 11354.60
203.10 -57.46 -57.59 -65.02 340.26 263.02 46.39 0.00
0.00 11899.80
184.20 -59.16 -59.29 -68.67 347.08 250.97 53.63 0.00
0.00 12514.10
163.00 -60.86 -61.00 -74.28 356.52 251.45 59.21 0.00
0.00 13276.90
139.40 -60.76 -60.93 -75.31 372.99 267.20 55.61 0.00
0.00 14249.10
114.70 -60.96 -9999.00 -9999.00 -9999.00 264.50 36.50 0.00
0.00 15461.00
89.70 -63.36 -9999.00 -9999.00 -9999.00 263.53 27.56 0.00
0.00 16979.30
64.70 -62.36 -9999.00 -9999.00 -9999.00 262.48 20.77 0.00
0.00 18990.40
39.60 -60.36 -9999.00 -9999.00 -9999.00 283.13 11.97 0.00
0.00 22033.90
14.50 -48.56 -9999.00 -9999.00 -9999.00 256.41 30.57 0.00
0.00 28465.20

STID = KSTJ STNM = 724490 TIME = 081022/0000 
SLAT = 39.79 SLON = -94.95 SELV = 284.0
STIM = 72

SHOW = 13.44 LIFT = 11.87 SWET = 51.65 KINX = 13.50
LCLP = 830.77 PWAT = 21.66 TOTL = 30.05 CAPE = 0.00
LCLT = 273.17 CINS = 0.00 EQLV = -9999.00 LFCT = -9999.00
BRCH = 0.00

PRES TMPC TMWC DWPC THTE DRCT SKNT OMEG
CFRL HGHT
986.20 13.74 8.17 2.42 301.51 88.57 7.77 0.00
0.00 303.60
981.60 13.94 8.06 1.89 301.71 91.91 11.65 0.00
0.00 343.00
977.00 13.74 7.81 1.51 301.63 95.79 13.48 0.00
0.00 382.60
972.30 13.44 7.58 1.29 301.59 97.91 14.12 0.00
0.00 423.10
967.50 13.14 7.37 1.15 301.64 99.33 14.37 0.00
0.00 464.80
962.60 12.74 7.12 1.02 301.61 100.86 14.43 0.00
0.00 507.40
957.60 12.34 6.89 0.95 301.64 102.53 14.34 0.00
0.00 551.00
952.50 11.84 6.60 0.84 301.53 103.28 14.37 0.00
0.00 595.70
947.30 11.44 6.35 0.73 301.55 104.23 14.22 0.10
0.00 641.50
941.80 11.04 6.11 0.62 301.61 105.19 14.08 0.10
0.00 690.10
936.20 10.54 5.82 0.54 301.59 106.16 13.95 0.10
0.00 739.80
930.40 10.04 5.53 0.45 301.59 107.68 14.06 0.10
0.00 791.50
924.20 9.44 5.18 0.36 301.53 108.69 13.95 0.10
0.00 847.00
917.80 8.94 4.88 0.26 301.59 109.71 13.83 0.20
0.00 904.60
911.00 8.34 4.53 0.16 301.59 111.50 13.77 0.20
0.00 966.10
903.60 7.64 4.11 0.02 301.51 112.87 13.50 0.30
0.00 1033.40
895.40 6.94 3.68 -0.14 301.51 113.96 13.38 0.30
0.00 1108.40
885.90 6.04 3.06 -0.52 301.26 116.19 13.21 0.40
0.00 1195.90
874.90 5.14 2.17 -1.57 300.63 119.64 12.96 0.40
0.00 1298.10
862.50 4.54 0.94 -4.08 299.47 131.10 12.12 0.50
0.00 1414.50
849.10 4.64 0.09 -6.89 299.25 165.43 10.04 0.50
0.00 1542.10
834.90 4.34 -0.33 -7.65 300.06 185.29 10.53 0.50
0.00 1679.30
819.70 4.64 0.10 -6.56 302.79 195.82 12.12 0.50
0.00 1828.90
803.70 4.94 0.98 -4.16 306.70 203.75 15.91 0.50
0.00 1989.60
787.20 4.94 1.87 -1.64 310.90 206.32 20.59 0.50
0.00 2158.80
770.10 4.54 2.43 0.22 314.58 208.24 23.82 0.40
0.00 2338.00
752.40 3.84 2.61 1.38 317.56 211.12 25.19 0.30
0.00 2527.40
734.10 2.94 2.36 1.78 319.68 219.17 27.06 0.30
0.00 2727.40
715.30 1.84 1.13 0.38 319.53 229.44 30.17 0.40
0.00 2937.40
696.00 -0.06 -0.16 -0.30 319.45 235.44 31.84 0.40
100.00 3157.50
676.10 -1.36 -1.57 -1.83 319.32 237.99 32.98 0.50
100.00 3389.50
655.50 -2.76 -3.08 -3.49 319.20 236.40 34.05 0.60
100.00 3635.80
634.20 -4.46 -4.84 -5.36 318.82 234.29 36.60 0.50
100.00 3897.10
612.40 -6.36 -6.80 -7.46 318.30 234.39 37.02 0.40
100.00 4171.90
590.00 -8.26 -8.76 -9.58 318.11 235.97 36.09 0.20
100.00 4462.40
567.20 -10.26 -10.76 -11.65 318.15 238.72 35.92 0.00
100.00 4767.40
544.20 -12.36 -12.88 -13.93 318.22 242.15 34.93 -0.20
100.00 5085.20
521.00 -14.26 -14.76 -15.85 319.05 248.59 31.92 -0.50
100.00 5417.00
497.70 -16.26 -16.75 -17.94 319.93 255.36 31.53 -0.70
100.00 5762.80
474.30 -18.36 -18.83 -20.10 320.94 260.66 31.10 -0.90
100.00 6123.80
450.80 -21.06 -21.48 -22.83 321.27 265.79 31.74 -1.00
100.00 6501.10
427.10 -23.66 -24.05 -25.50 322.14 269.27 30.50 -1.10
100.00 6897.90
402.80 -26.96 -27.26 -28.61 322.47 269.64 31.08 -1.00
100.00 7323.10
378.00 -30.36 -30.58 -31.79 323.19 267.45 30.54 -0.90
100.00 7778.10
353.40 -34.16 -34.28 -35.10 323.75 264.77 31.99 -0.70
100.00 8252.80
329.00 -38.16 -38.19 -38.48 324.44 262.15 34.11 -0.30
100.00 8749.20
305.00 -42.36 -42.60 -46.17 324.81 260.08 36.09 0.10
100.00 9265.70
282.10 -46.76 -46.94 -50.67 325.53 258.11 37.72 0.20
67.00 9788.00
260.40 -50.66 -50.81 -55.43 327.13 261.39 49.32 0.20
0.00 10313.90
240.20 -54.16 -54.29 -59.85 329.38 258.57 56.88 0.20
0.00 10835.60
221.40 -56.86 -56.96 -62.21 332.94 261.61 49.28 0.10
0.00 11354.90
203.10 -58.26 -58.37 -65.02 338.99 261.63 46.74 0.00
0.00 11899.30
184.20 -58.86 -59.00 -68.67 347.57 252.63 55.96 0.00
0.00 12512.90
163.00 -60.56 -60.71 -74.28 357.02 254.43 61.50 0.00
0.00 13276.80
139.40 -61.26 -61.42 -75.31 372.11 267.05 52.91 0.00
0.00 14248.40
114.70 -60.66 -9999.00 -9999.00 -9999.00 264.75 36.09 0.00
0.00 15459.80
89.70 -63.56 -9999.00 -9999.00 -9999.00 262.05 26.67 0.00
0.00 16978.50
64.70 -62.36 -9999.00 -9999.00 -9999.00 266.00 19.46 0.00
0.00 18988.60
39.60 -60.56 -9999.00 -9999.00 -9999.00 276.48 8.61 0.00
0.00 22030.60
14.50 -48.56 -9999.00 -9999.00 -9999.00 260.12 30.56 0.00
0.00 28459.00

STID = KSTJ STNM = 724490 TIME = 081022/0100 
SLAT = 39.79 SLON = -94.95 SELV = 284.0
STIM = 73

SHOW = 11.75 LIFT = 12.08 SWET = 53.30 KINX = 16.56
LCLP = 847.68 PWAT = 23.38 TOTL = 33.06 CAPE = 0.00
LCLT = 273.92 CINS = 0.00 EQLV = -9999.00 LFCT = -9999.00
BRCH = 0.00

PRES TMPC TMWC DWPC THTE DRCT SKNT OMEG
CFRL HGHT
985.80 12.84 7.93 2.89 301.03 92.49 8.94 0.00
0.00 303.60
981.20 13.04 7.83 2.41 301.26 95.12 13.07 0.00
0.00 342.80
976.60 13.14 7.69 1.95 301.42 97.46 16.45 -0.10
0.00 382.30
971.90 13.04 7.49 1.57 301.45 99.26 18.10 -0.10
0.00 422.90
967.10 12.84 7.30 1.34 301.53 101.08 19.19 0.00
0.00 464.40
962.20 12.54 7.07 1.14 301.54 103.76 19.60 0.00
0.00 507.00
957.20 12.14 6.82 1.01 301.52 105.00 19.50 0.00
0.00 550.70
952.10 11.74 6.58 0.93 301.55 106.98 19.29 0.00
0.00 595.40
946.90 11.34 6.36 0.89 301.63 108.25 19.23 0.00
0.00 641.10
941.50 10.84 6.08 0.81 301.59 109.18 18.92 0.00
0.00 688.90
935.90 10.34 5.80 0.76 301.60 110.91 18.51 0.10
0.00 738.50
930.00 9.84 5.53 0.73 301.66 112.02 18.65 0.10
0.00 791.10
923.80 9.24 5.20 0.67 301.62 113.59 18.43 0.20
0.00 846.60
917.40 8.64 4.87 0.61 301.61 115.20 18.24 0.20
0.00 904.20
910.60 8.04 4.51 0.48 301.58 116.84 18.07 0.30
0.00 965.60
903.30 7.44 4.08 0.21 301.49 119.05 18.01 0.40
0.00 1032.00
895.10 6.74 3.49 -0.37 301.13 121.61 17.79 0.40
0.00 1107.00
885.60 6.04 2.71 -1.44 300.53 124.57 17.46 0.50
0.00 1194.50
874.60 5.44 1.79 -3.07 299.84 129.19 16.30 0.60
0.00 1296.80
862.20 5.54 1.21 -4.92 300.02 147.22 13.64 0.60
0.00 1413.50
848.80 5.84 1.44 -4.58 302.08 177.18 11.87 0.60
0.00 1541.50
834.60 5.94 2.05 -2.80 305.16 190.67 13.64 0.50
0.00 1679.60
819.40 6.14 3.22 0.06 309.76 203.29 16.71 0.30
0.00 1830.20
803.40 6.14 4.46 2.86 314.88 214.59 20.53 0.20
0.00 1992.00
786.90 5.74 5.03 4.38 318.64 224.32 23.08 0.10
0.00 2162.10
769.80 5.24 4.85 4.48 320.66 233.04 24.55 0.10
0.00 2342.10
752.20 4.04 3.78 3.50 320.51 236.43 24.94 0.20
0.00 2530.90
733.90 2.84 2.53 2.20 320.13 238.04 26.79 0.30
0.00 2731.10
715.10 1.14 0.68 0.18 318.50 241.60 29.82 0.50
0.00 2940.80
695.80 -0.36 -0.56 -0.82 318.54 245.18 31.47 0.70
96.00 3160.60
675.90 -1.76 -2.04 -2.39 318.28 242.77 30.15 0.80
99.00 3392.40
655.30 -3.16 -3.54 -4.04 318.21 238.79 31.12 0.70
100.00 3638.30
634.10 -4.86 -5.29 -5.89 317.87 236.59 33.51 0.50
100.00 3898.00
612.20 -6.66 -7.09 -7.75 317.73 237.96 33.68 0.30
100.00 4173.70
589.90 -8.36 -8.82 -9.58 318.01 240.88 33.14 -0.10
100.00 4462.80
567.10 -10.16 -10.62 -11.43 318.45 244.49 32.93 -0.40
100.00 4767.90
544.10 -12.16 -12.60 -13.48 318.77 251.01 31.64 -0.70
100.00 5085.90
520.90 -13.96 -14.41 -15.36 319.72 255.33 29.91 -0.90
100.00 5418.10
497.60 -16.16 -16.59 -17.63 320.23 260.91 29.51 -1.10
100.00 5764.30
474.30 -18.56 -18.94 -19.96 320.75 266.86 28.40 -1.10
100.00 6123.70
450.80 -21.26 -21.58 -22.58 321.11 271.60 27.80 -1.00
100.00 6500.80
427.10 -24.06 -24.30 -25.21 321.72 272.54 26.24 -0.70
100.00 6897.00
402.80 -27.26 -27.42 -28.14 322.21 268.72 26.03 -0.50
100.00 7321.70
378.00 -30.56 -30.64 -31.08 323.10 262.97 28.57 -0.20
100.00 7776.20
353.40 -34.36 -34.40 -34.73 323.55 257.55 32.42 0.00
100.00 8250.50
329.00 -38.56 -38.67 -39.71 323.71 253.45 35.47 0.20
100.00 8746.30
305.00 -42.56 -42.81 -46.63 324.49 249.08 35.35 0.20
0.00 9262.10
282.10 -46.46 -46.68 -51.36 325.93 254.57 38.69 0.10
0.00 9784.50
260.40 -50.66 -50.81 -55.43 327.13 258.60 51.13 0.10
0.00 10310.70
240.20 -54.26 -54.36 -58.41 329.27 257.47 51.94 0.00
0.00 10832.40
221.40 -57.16 -57.25 -62.21 332.47 262.60 45.24 -0.10
0.00 11351.10
203.10 -58.56 -58.66 -65.02 338.52 256.80 45.09 0.00
0.00 11894.80
184.20 -59.26 -59.39 -68.67 346.92 252.24 57.32 0.00
0.00 12507.40
163.00 -60.26 -60.41 -74.28 357.53 257.39 56.93 0.00
0.00 13271.10
139.40 -60.96 -61.13 -75.31 372.64 264.47 50.35 0.00
0.00 14244.20
114.70 -60.36 -9999.00 -9999.00 -9999.00 265.67 38.58 0.00
0.00 15457.20
89.70 -63.96 -9999.00 -9999.00 -9999.00 256.29 24.59 0.00
0.00 16975.60
64.70 -62.26 -9999.00 -9999.00 -9999.00 267.93 16.14 0.00
0.00 18984.20
39.60 -60.46 -9999.00 -9999.00 -9999.00 258.69 7.93 0.00
0.00 22027.70
14.50 -48.86 -9999.00 -9999.00 -9999.00 265.97 30.38 0.00
0.00 28453.20

STID = KSTJ STNM = 724490 TIME = 081022/0200 
SLAT = 39.79 SLON = -94.95 SELV = 284.0
STIM = 74

SHOW = 9.36 LIFT = 12.03 SWET = 51.70 KINX = 21.03
LCLP = 856.45 PWAT = 24.61 TOTL = 37.37 CAPE = 0.00
LCLT = 274.35 CINS = 0.00 EQLV = -9999.00 LFCT = -9999.00
BRCH = 0.00

PRES TMPC TMWC DWPC THTE DRCT SKNT OMEG
CFRL HGHT
985.70 12.44 7.86 3.18 300.89 101.09 10.10 0.00
0.00 303.50
981.10 12.34 7.69 2.89 300.97 103.24 13.58 -0.10
0.00 342.80
976.40 12.44 7.58 2.52 301.22 104.85 16.69 -0.10
0.00 383.00
971.70 12.44 7.41 2.12 301.33 106.48 19.85 -0.10
0.00 423.50
966.90 12.24 7.21 1.87 301.38 109.24 21.81 -0.20
0.00 465.00
962.10 12.24 7.08 1.55 301.59 110.27 22.98 -0.10
0.00 506.60
957.10 11.94 6.87 1.42 301.67 112.07 23.27 -0.10
0.00 550.30
952.00 11.54 6.64 1.34 301.70 114.44 23.47 -0.10
0.00 594.90
946.80 11.14 6.41 1.27 301.76 116.57 23.02 -0.10
0.00 640.70
941.30 10.64 6.14 1.22 301.75 117.22 22.94 -0.10
0.00 689.20
935.70 10.14 5.86 1.17 301.77 119.25 22.26 0.00
0.00 738.90
929.90 9.64 5.59 1.14 301.82 120.11 22.46 0.00
0.00 790.60
923.70 9.14 5.31 1.08 301.89 121.74 22.16 0.00
0.00 846.00
917.30 8.64 5.00 0.95 301.92 123.41 21.87 0.10
0.00 903.60
910.50 8.04 4.58 0.66 301.75 126.14 21.41 0.10
0.00 965.10
903.10 7.44 4.09 0.23 301.53 129.40 21.11 0.20
0.00 1032.30
894.90 6.74 3.46 -0.44 301.10 131.59 20.78 0.30
0.00 1107.30
885.50 6.14 2.67 -1.68 300.46 133.08 20.47 0.30
0.00 1194.00
874.50 5.74 2.10 -2.62 300.51 140.58 18.36 0.30
0.00 1296.30
862.10 6.24 2.20 -3.00 302.16 162.28 14.69 0.30
0.00 1413.30
848.70 6.44 3.11 -0.71 305.80 186.52 13.69 0.20
0.00 1541.70
834.50 6.54 4.33 2.11 310.43 203.29 15.23 0.10
0.00 1680.20
819.30 6.54 5.46 4.47 315.21 217.00 16.78 0.00
0.00 1831.30
803.30 6.44 6.09 5.75 319.04 233.13 18.45 -0.10
0.00 1993.40
786.80 5.74 5.63 5.49 320.21 242.67 19.46 -0.10
32.00 2163.80
769.70 4.74 4.67 4.57 320.21 249.19 20.78 0.00
53.00 2343.60
752.10 3.74 3.54 3.32 319.93 243.21 21.97 0.10
37.00 2532.20
733.80 2.64 2.30 1.94 319.57 238.79 23.62 0.30
21.00 2732.20
715.00 0.74 0.43 0.07 317.92 240.47 25.23 0.40
25.00 2941.70
695.70 -0.46 -0.59 -0.77 318.49 243.81 26.85 0.40
82.00 3161.30
675.80 -1.76 -1.96 -2.22 318.47 241.56 26.52 0.40
88.00 3393.10
655.20 -3.16 -3.45 -3.83 318.43 239.11 27.62 0.40
93.00 3639.10
634.00 -4.76 -5.12 -5.62 318.25 239.10 29.88 0.20
98.00 3898.90
612.20 -6.56 -6.93 -7.50 318.06 241.12 30.17 0.00
99.00 4173.50
589.80 -8.36 -8.79 -9.50 318.08 244.44 29.72 -0.30
100.00 4464.00
567.10 -10.26 -10.68 -11.43 318.32 247.29 29.68 -0.60
100.00 4767.60
544.10 -12.06 -12.48 -13.29 319.01 255.28 27.53 -0.80
100.00 5085.70
520.90 -14.06 -14.45 -15.30 319.63 260.25 25.23 -1.00
100.00 5417.90
497.60 -16.16 -16.56 -17.51 320.30 263.56 24.24 -1.20
100.00 5764.00
474.20 -18.66 -18.99 -19.89 320.68 266.09 22.79 -1.30
100.00 6124.90
450.80 -21.26 -21.54 -22.42 321.18 265.49 22.22 -1.20
100.00 6500.30
427.10 -24.06 -24.26 -25.02 321.79 263.49 22.28 -0.90
100.00 6896.60
402.80 -27.66 -27.77 -28.26 321.65 257.63 22.67 -0.60
100.00 7320.90
378.00 -30.56 -30.60 -30.81 323.17 250.65 26.96 -0.20
100.00 7775.10
353.40 -34.56 -34.60 -34.91 323.25 244.52 32.07 0.20
100.00 8249.20
329.00 -38.26 -38.40 -39.71 324.13 243.17 37.00 0.40
100.00 8745.10
305.00 -42.46 -42.72 -46.63 324.63 247.74 40.50 0.40
0.00 9261.30
282.10 -46.66 -46.87 -51.36 325.64 256.94 41.28 0.20
0.00 9783.60
260.40 -51.06 -51.20 -55.43 326.54 263.00 44.62 0.20
0.00 10309.20
240.20 -54.56 -54.68 -59.85 328.77 259.28 48.04 0.10
0.00 10830.00
221.40 -58.06 -58.13 -62.21 331.09 259.89 45.38 0.00
0.00 11347.30
203.10 -58.46 -58.56 -65.02 338.68 249.02 45.57 0.00
0.00 11890.00
184.20 -59.36 -59.49 -68.67 346.76 250.28 57.58 0.00
0.00 12502.50
163.00 -59.66 -59.83 -74.28 358.53 257.96 54.02 0.00
0.00 13267.20
139.40 -60.86 -61.03 -75.31 372.81 261.77 47.49 0.00
0.00 14241.80
114.70 -60.16 -9999.00 -9999.00 -9999.00 267.36 37.92 0.00
0.00 15455.70
89.70 -63.46 -9999.00 -9999.00 -9999.00 248.20 23.02 0.00
0.00 16976.60
64.70 -62.16 -9999.00 -9999.00 -9999.00 285.38 16.12 0.00
0.00 18988.10
39.60 -60.86 -9999.00 -9999.00 -9999.00 237.34 8.99 0.00
0.00 22029.40
14.50 -48.56 -9999.00 -9999.00 -9999.00 270.00 29.14 0.00
0.00 28453.40

STID = KSTJ STNM = 724490 TIME = 081022/0300 
SLAT = 39.79 SLON = -94.95 SELV = 284.0
STIM = 75

SHOW = 6.45 LIFT = 11.89 SWET = 97.02 KINX = 25.79
LCLP = 878.42 PWAT = 25.84 TOTL = 41.83 CAPE = 0.00
LCLT = 275.65 CINS = 0.00 EQLV = -9999.00 LFCT = -9999.00
BRCH = 0.00

PRES TMPC TMWC DWPC THTE DRCT SKNT OMEG
CFRL HGHT
985.90 11.74 7.93 4.14 301.06 105.95 9.91 0.00
0.00 303.50
981.30 11.54 7.70 3.85 301.03 107.61 12.84 0.00
0.00 342.60
976.60 11.44 7.53 3.56 301.12 109.12 15.42 0.00
0.00 382.70
972.00 11.34 7.37 3.33 301.26 111.12 18.32 -0.10
0.00 422.20
967.20 11.34 7.21 2.95 301.39 113.81 21.66 -0.10
0.00 463.50
962.30 11.44 7.11 2.61 301.69 116.15 23.80 -0.10
0.00 505.90
957.30 11.04 6.88 2.54 301.71 116.97 24.42 0.00
0.00 549.40
952.20 10.84 6.70 2.35 301.86 119.91 25.33 0.00
0.00 594.00
947.00 10.44 6.45 2.24 301.87 122.10 25.21 0.00
0.00 639.60
941.50 9.94 6.18 2.19 301.87 122.71 25.16 0.00
0.00 688.10
935.90 9.54 5.94 2.11 301.96 125.07 24.69 0.00
0.00 737.60
930.10 9.04 5.65 2.02 301.96 125.96 24.48 0.10
0.00 789.10
923.90 8.54 5.36 1.93 302.00 128.73 23.91 0.10
0.00 844.50
917.50 8.04 5.04 1.77 302.01 129.69 23.72 0.10
0.00 901.90
910.70 7.54 4.66 1.49 301.95 132.63 23.23 0.20
0.00 963.30
903.30 7.04 4.24 1.11 301.86 136.74 22.67 0.20
0.00 1030.40
895.10 6.54 3.77 0.61 301.77 141.81 21.99 0.30
0.00 1105.40
885.60 5.94 3.30 0.22 301.83 147.04 21.08 0.30
0.00 1192.90
874.60 5.74 3.23 0.36 302.98 156.34 18.88 0.30
0.00 1295.20
862.30 6.04 3.97 1.76 306.10 174.49 16.20 0.20
0.00 1411.20
848.90 6.44 5.06 3.73 310.34 191.31 14.86 0.00
0.00 1539.70
834.60 6.84 6.15 5.52 314.90 208.20 15.21 -0.10
0.00 1679.40
819.40 6.74 6.58 6.41 318.09 223.48 15.52 -0.20
44.00 1830.70
803.50 6.24 6.23 6.17 319.39 238.44 15.97 -0.30
63.00 1991.80
787.00 5.54 5.47 5.37 319.77 243.43 16.94 -0.30
73.00 2162.00
769.90 4.34 4.31 4.24 319.26 241.62 19.21 -0.30
74.00 2341.60
752.20 3.44 3.38 3.28 319.50 235.18 21.78 -0.30
76.00 2531.00
733.90 2.24 1.63 0.99 317.93 232.78 25.37 -0.20
10.00 2730.70
715.10 0.34 0.26 0.13 317.50 232.51 25.21 -0.10
80.00 2939.80
695.80 -0.66 -0.68 -0.74 318.27 236.78 26.24 -0.10
99.00 3159.10
675.90 -1.86 -1.94 -2.08 318.48 237.67 25.06 -0.10
100.00 3390.80
655.30 -3.26 -3.42 -3.65 318.47 236.43 25.64 -0.10
100.00 3636.60
634.10 -4.76 -5.01 -5.36 318.48 238.21 27.66 -0.20
100.00 3896.40
612.30 -6.46 -6.77 -7.24 318.38 240.11 28.46 -0.40
100.00 4171.00
589.90 -8.36 -8.72 -9.30 318.22 242.06 29.02 -0.50
100.00 4461.50
567.20 -10.26 -10.68 -11.43 318.31 244.47 28.85 -0.70
100.00 4765.10
544.20 -12.16 -12.56 -13.34 318.84 249.68 27.97 -0.90
100.00 5083.00
521.00 -13.86 -14.29 -15.19 319.93 254.71 25.78 -1.10
100.00 5415.30
497.70 -16.16 -16.59 -17.63 320.21 257.97 24.22 -1.30
100.00 5761.40
474.30 -18.36 -18.77 -19.89 321.04 258.50 23.39 -1.40
100.00 6122.50
450.80 -21.26 -21.63 -22.83 321.01 259.00 21.37 -1.60
100.00 6499.70
427.10 -23.86 -24.19 -25.40 321.92 255.73 22.84 -1.60
100.00 6896.10
402.80 -27.06 -27.30 -28.38 322.41 253.07 23.35 -1.40
100.00 7321.10
378.00 -30.76 -30.91 -31.79 322.66 250.44 24.94 -1.10
100.00 7775.60
353.40 -34.86 -34.89 -35.10 322.80 245.92 28.09 -0.80
100.00 8249.20
329.00 -38.46 -38.48 -38.72 323.99 243.11 30.50 -0.20
100.00 8744.60
305.00 -42.76 -43.00 -46.63 324.21 236.75 35.08 0.20
100.00 9260.30
282.10 -47.36 -47.53 -51.36 324.63 240.49 40.62 0.40
100.00 9781.50
260.40 -51.46 -51.61 -56.52 325.91 253.54 44.56 0.30
6.00 10305.70
240.20 -55.16 -55.26 -59.85 327.87 255.24 48.82 0.30
0.00 10825.30
221.40 -58.16 -58.26 -64.38 330.89 251.77 50.93 0.10
0.00 11341.80
203.10 -58.16 -58.27 -65.02 339.15 246.66 52.47 0.00
0.00 11884.70
184.20 -58.36 -58.51 -68.67 348.38 252.66 58.00 -0.10
0.00 12499.10
163.00 -58.66 -58.85 -74.28 360.21 259.81 52.70 0.00
0.00 13267.40
139.40 -61.26 -61.42 -75.31 372.11 260.87 44.08 0.00
0.00 14243.40
114.70 -60.26 -9999.00 -9999.00 -9999.00 267.20 35.78 0.00
0.00 15455.90
89.70 -62.66 -9999.00 -9999.00 -9999.00 241.87 22.24 0.00
0.00 16979.30
64.70 -61.66 -9999.00 -9999.00 -9999.00 300.58 14.90 0.00
0.00 18997.00
39.60 -60.36 -9999.00 -9999.00 -9999.00 235.54 12.02 0.00
0.00 22045.50
14.50 -48.46 -9999.00 -9999.00 -9999.00 272.44 27.41 0.00
0.00 28478.30

STID = KSTJ STNM = 724490 TIME = 081022/0400 
SLAT = 39.79 SLON = -94.95 SELV = 284.0
STIM = 76

SHOW = 4.25 LIFT = 11.37 SWET = 272.35 KINX = 28.53
LCLP = 925.76 PWAT = 27.47 TOTL = 44.79 CAPE = 0.00
LCLT = 278.27 CINS = 0.00 EQLV = -9999.00 LFCT = -9999.00
BRCH = 0.00

PRES TMPC TMWC DWPC THTE DRCT SKNT OMEG
CFRL HGHT
985.50 10.14 8.03 6.03 301.39 106.46 8.92 0.00
0.00 303.40
980.90 9.94 7.75 5.65 301.24 109.03 11.93 0.00
0.00 342.30
976.30 9.74 7.49 5.31 301.13 110.65 14.32 0.10
0.00 381.40
971.60 9.64 7.30 5.01 301.20 113.37 17.13 0.10
0.00 421.50
966.80 9.84 7.17 4.53 301.41 115.58 20.24 0.20
0.00 462.60
961.90 9.74 7.03 4.32 301.60 119.15 23.14 0.20
0.00 504.90
956.90 9.44 6.79 4.12 301.60 120.26 24.28 0.20
0.00 548.10
951.80 9.34 6.63 3.88 301.79 122.97 25.70 0.30
0.00 592.50
946.60 8.94 6.38 3.78 301.81 125.13 25.66 0.30
0.00 637.90
941.20 8.54 6.13 3.67 301.84 126.44 25.84 0.40
0.00 685.20
935.60 8.24 5.95 3.61 302.06 128.52 25.58 0.40
0.00 734.60
929.70 7.74 5.67 3.52 302.07 129.41 25.39 0.40
0.00 786.80
923.60 7.44 5.49 3.48 302.38 132.46 24.75 0.50
0.00 841.10
917.10 7.04 5.25 3.38 302.56 134.67 24.03 0.50
0.00 899.20
910.30 6.64 5.00 3.28 302.77 138.01 23.52 0.50
0.00 960.40
903.00 6.24 4.74 3.17 303.04 142.64 22.73 0.50
0.00 1026.50
894.80 5.94 4.55 3.09 303.56 149.56 21.85 0.50
0.00 1101.30
885.30 5.64 4.47 3.25 304.50 157.91 21.17 0.40
0.00 1188.80
874.30 5.64 4.87 4.08 306.73 170.09 20.32 0.20
0.00 1291.20
862.00 6.34 5.98 5.62 310.91 183.43 19.46 0.00
31.00 1407.40
848.60 6.44 6.34 6.21 313.53 194.65 17.68 -0.30
100.00 1536.10
834.30 6.44 6.42 6.35 315.62 205.96 16.41 -0.60
100.00 1675.80
819.10 6.64 6.59 6.50 318.15 219.09 16.03 -0.90
100.00 1827.00
803.20 5.94 5.91 5.83 318.59 233.97 15.85 -1.20
93.00 1988.00
786.70 5.24 5.21 5.14 319.13 238.57 16.39 -1.40
95.00 2158.10
769.60 4.04 4.02 3.95 318.55 241.06 18.86 -1.60
97.00 2337.60
752.00 3.14 3.13 3.08 318.92 237.09 19.66 -1.80
99.00 2525.70
733.70 1.34 1.28 1.18 317.13 235.64 23.06 -1.80
99.00 2725.00
714.90 0.04 0.01 -0.06 316.96 231.34 24.88 -1.90
100.00 2933.80
695.60 -0.76 -0.82 -0.93 317.97 231.47 26.83 -1.90
100.00 3153.00
675.70 -1.86 -1.91 -2.00 318.60 234.18 27.54 -2.00
100.00 3384.70
655.20 -3.16 -3.20 -3.29 318.97 234.74 27.60 -2.10
100.00 3629.40
634.00 -4.66 -4.70 -4.79 319.15 235.11 28.19 -2.20
100.00 3889.30
612.10 -6.36 -6.38 -6.45 319.22 236.63 28.61 -2.30
100.00 4165.40
589.80 -8.16 -8.17 -8.23 319.34 239.55 29.53 -2.40
100.00 4454.90
567.10 -9.76 -9.79 -9.88 320.07 243.60 30.15 -2.40
100.00 4759.00
544.10 -11.86 -11.96 -12.17 320.00 247.50 29.43 -2.30
100.00 5077.50
520.90 -13.96 -14.14 -14.52 320.23 251.33 29.74 -2.30
100.00 5410.00
497.60 -16.36 -16.57 -17.09 320.27 254.37 28.85 -2.20
100.00 5756.00
474.20 -18.46 -18.74 -19.48 321.13 256.85 27.33 -2.20
100.00 6117.00
450.70 -21.16 -21.45 -22.34 321.36 257.16 27.10 -2.20
100.00 6494.30
427.10 -23.56 -23.88 -25.02 322.44 258.42 24.18 -2.00
100.00 6889.40
402.80 -27.16 -27.40 -28.49 322.24 255.64 25.06 -1.90
100.00 7314.60
378.00 -30.66 -30.83 -31.79 322.79 254.67 24.98 -1.70
100.00 7769.10
353.40 -34.56 -34.63 -35.10 323.21 248.44 25.89 -1.40
100.00 8243.10
329.00 -38.76 -38.80 -39.20 323.51 246.31 29.49 -1.00
100.00 8738.50
305.00 -42.96 -43.18 -46.63 323.93 241.72 31.97 -0.60
100.00 9253.60
282.10 -47.36 -47.53 -51.36 324.63 232.04 34.73 -0.30
100.00 9774.50
260.40 -51.86 -51.99 -56.52 325.32 234.98 39.61 0.00
100.00 10298.30
240.20 -55.96 -56.04 -59.85 326.67 244.24 49.16 0.20
100.00 10816.50
221.40 -58.96 -59.04 -64.38 329.66 244.54 58.29 0.20
100.00 11331.10
203.10 -58.76 -58.86 -65.02 338.20 245.56 63.36 0.20
0.00 11872.30
184.20 -57.76 -57.95 -73.46 349.31 255.96 59.27 0.10
0.00 12486.70
163.00 -57.56 -57.78 -74.28 362.06 262.76 49.34 0.00
0.00 13257.90
139.40 -60.36 -60.54 -75.31 373.69 261.36 40.07 0.00
0.00 14238.50
114.70 -60.56 -9999.00 -9999.00 -9999.00 269.71 39.04 0.00
0.00 15452.70
89.70 -62.66 -9999.00 -9999.00 -9999.00 243.66 21.89 0.00
0.00 16975.00
64.70 -60.96 -9999.00 -9999.00 -9999.00 304.25 11.05 0.00
0.00 18996.10
39.60 -59.56 -9999.00 -9999.00 -9999.00 248.60 15.44 0.00
0.00 22055.40
14.50 -48.76 -9999.00 -9999.00 -9999.00 273.93 25.51 0.00
0.00 28495.60

STID = KSTJ STNM = 724490 TIME = 081022/0500 
SLAT = 39.79 SLON = -94.95 SELV = 284.0
STIM = 77

SHOW = 2.73 LIFT = 11.06 SWET = 287.99 KINX = 30.69
LCLP = 958.94 PWAT = 28.26 TOTL = 46.55 CAPE = 0.00
LCLT = 280.06 CINS = 0.00 EQLV = -9999.00 LFCT = -9999.00
BRCH = 0.00

PRES TMPC TMWC DWPC THTE DRCT SKNT OMEG
CFRL HGHT
984.70 9.04 8.15 7.30 301.77 109.50 9.89 0.10
0.00 303.30
980.10 8.74 7.87 7.03 301.61 111.16 12.92 0.20
0.00 342.20
975.40 8.54 7.62 6.73 301.54 112.73 15.58 0.30
0.00 382.00
970.70 8.44 7.38 6.36 301.50 114.90 17.99 0.40
0.00 421.90
966.00 8.34 7.17 6.03 301.52 117.28 20.77 0.50
0.00 462.10
961.10 8.24 6.97 5.72 301.58 120.39 23.43 0.60
0.00 504.10
956.10 8.34 6.85 5.38 301.85 122.84 25.43 0.70
0.00 547.30
951.00 7.94 6.58 5.23 301.80 124.75 26.24 0.80
0.00 591.40
945.80 7.84 6.44 5.05 302.06 127.69 27.00 0.90
0.00 636.70
940.40 7.54 6.23 4.92 302.18 129.75 27.04 0.90
0.00 683.90
934.80 7.34 6.09 4.83 302.47 132.33 26.53 1.00
0.00 733.20
928.90 7.14 5.96 4.77 302.84 135.30 25.95 1.10
0.00 785.30
922.80 6.94 5.83 4.70 303.23 138.73 25.33 1.10
0.00 839.50
916.40 6.74 5.71 4.67 303.70 142.32 24.79 1.20
0.00 896.80
909.60 6.54 5.62 4.69 304.28 146.69 24.40 1.20
0.00 958.00
902.30 6.44 5.64 4.84 305.18 152.39 23.89 1.20
0.00 1024.20
894.10 6.54 5.84 5.15 306.62 159.50 23.85 1.10
0.00 1099.20
884.60 6.84 6.29 5.75 308.84 168.69 23.78 1.00
1.00 1187.00
873.60 7.34 6.93 6.53 311.78 180.00 24.48 0.80
24.00 1290.10
861.30 7.74 7.46 7.19 314.73 193.50 24.96 0.50
77.00 1407.10
847.90 7.74 7.58 7.41 316.83 205.07 23.37 0.20
100.00 1536.60
833.70 7.34 7.28 7.18 317.95 213.26 21.60 0.00
100.00 1676.00
818.50 6.74 6.71 6.63 318.54 220.72 20.24 -0.20
86.00 1827.60
802.60 5.84 5.81 5.74 318.43 234.71 21.17 -0.40
89.00 1988.80
786.20 4.84 4.80 4.72 318.15 238.85 20.65 -0.40
92.00 2157.80
769.10 3.44 3.37 3.26 317.02 242.31 22.16 -0.50
92.00 2337.00
751.50 1.64 1.62 1.56 315.34 242.58 23.19 -0.50
100.00 2524.50
733.20 0.24 0.20 0.11 314.68 241.54 23.64 -0.60
100.00 2723.00
714.50 -0.16 -0.19 -0.27 316.55 238.72 24.32 -0.80
100.00 2930.20
695.20 -0.96 -1.02 -1.12 317.59 237.95 24.51 -1.10
100.00 3149.40
675.30 -2.06 -2.12 -2.23 318.18 237.26 25.85 -1.40
100.00 3381.00
654.80 -3.36 -3.41 -3.51 318.57 236.89 26.67 -1.80
100.00 3625.70
633.60 -4.86 -4.87 -4.92 318.85 237.87 27.76 -2.10
100.00 3885.60
611.80 -6.36 -6.40 -6.49 319.24 240.60 28.09 -2.40
100.00 4160.50
589.50 -8.16 -8.18 -8.24 319.38 244.67 28.15 -2.70
100.00 4450.10
566.80 -9.76 -9.81 -9.93 320.09 248.73 27.31 -3.00
100.00 4754.40
543.90 -11.76 -11.80 -11.91 320.35 252.21 27.33 -3.10
100.00 5071.70
520.70 -13.76 -13.81 -13.93 320.88 255.15 26.53 -3.20
100.00 5404.50
497.50 -15.96 -16.00 -16.13 321.33 257.52 26.07 -3.20
100.00 5749.60
474.10 -18.16 -18.33 -18.77 321.88 260.32 25.43 -3.10
100.00 6111.20
450.70 -20.86 -21.07 -21.72 322.00 261.87 24.73 -3.00
100.00 6487.40
427.10 -23.66 -23.91 -24.83 322.38 263.51 24.05 -2.60
100.00 6882.70
402.80 -26.96 -27.22 -28.38 322.54 260.91 24.59 -2.40
100.00 7307.90
378.00 -30.56 -30.77 -31.94 322.89 260.69 24.01 -2.00
100.00 7762.70
353.40 -34.56 -34.67 -35.47 323.14 251.70 25.37 -1.60
100.00 8236.80
329.00 -38.96 -38.98 -39.20 323.23 247.13 26.98 -1.20
100.00 8732.00
305.10 -43.16 -43.37 -46.63 323.61 240.26 29.76 -0.90
100.00 9244.40
282.10 -47.66 -47.82 -51.36 324.20 228.63 34.67 -0.50
100.00 9767.00
260.40 -52.16 -52.28 -56.52 324.88 227.53 37.39 -0.20
100.00 10290.00
240.20 -56.36 -56.43 -59.85 326.07 236.92 45.90 0.00
100.00 10807.40
221.40 -59.16 -59.24 -64.38 329.35 238.74 57.26 0.10
100.00 11321.30
203.10 -59.16 -59.25 -65.02 337.57 242.91 66.10 0.20
0.00 11861.70
184.20 -57.56 -57.76 -73.46 349.63 253.93 59.63 0.10
0.00 12475.80
163.10 -57.16 -57.40 -74.27 362.67 263.53 46.52 0.10
0.00 13244.30
139.40 -59.96 -60.15 -75.31 374.39 263.08 40.31 0.00
0.00 14230.50
114.70 -60.16 -9999.00 -9999.00 -9999.00 270.56 40.02 0.00
0.00 15447.00
89.70 -62.76 -9999.00 -9999.00 -9999.00 251.11 23.41 0.00
0.00 16970.40
64.70 -60.96 -9999.00 -9999.00 -9999.00 296.03 9.30 0.00
0.00 18991.00
39.60 -59.86 -9999.00 -9999.00 -9999.00 252.65 16.28 0.00
0.00 22048.20
14.50 -48.46 -9999.00 -9999.00 -9999.00 274.61 24.16 0.00
0.00 28488.30

STID = KSTJ STNM = 724490 TIME = 081022/0600 
SLAT = 39.79 SLON = -94.95 SELV = 284.0
STIM = 78

SHOW = 1.99 LIFT = 10.00 SWET = 306.22 KINX = 31.84
LCLP = 965.19 PWAT = 27.94 TOTL = 47.64 CAPE = 0.00
LCLT = 280.40 CINS = 0.00 EQLV = -9999.00 LFCT = -9999.00
BRCH = 0.00

PRES TMPC TMWC DWPC THTE DRCT SKNT OMEG
CFRL HGHT
983.30 8.74 8.12 7.52 301.86 117.24 14.86 0.00
0.00 303.40
978.80 8.44 7.86 7.28 301.72 118.18 18.51 0.10
0.00 341.30
974.10 8.14 7.60 7.05 301.62 118.95 20.86 0.20
0.00 381.10
969.50 7.94 7.36 6.78 301.58 119.98 23.33 0.20
0.00 420.30
964.70 7.84 7.15 6.46 301.61 122.14 25.93 0.20
0.00 461.20
959.80 7.74 6.93 6.13 301.65 124.35 28.22 0.30
0.00 503.30
954.80 8.14 6.89 5.67 302.10 127.52 30.61 0.40
0.00 546.40
949.80 7.74 6.65 5.57 302.09 130.30 31.84 0.50
0.00 589.80
944.60 7.94 6.67 5.42 302.71 134.05 33.24 0.50
0.00 635.10
939.20 7.54 6.44 5.34 302.78 135.96 32.69 0.60
0.00 682.40
933.60 7.64 6.48 5.35 303.52 140.71 33.14 0.60
0.00 731.70
927.70 7.54 6.46 5.40 304.14 143.82 32.25 0.70
0.00 784.00
921.60 7.54 6.51 5.52 304.97 147.66 31.95 0.70
0.00 838.40
915.20 7.54 6.61 5.72 305.94 151.70 31.55 0.80
0.00 895.90
908.50 7.64 6.81 6.02 307.21 156.80 31.06 0.80
0.00 956.50
901.10 7.94 7.17 6.45 308.97 162.60 30.54 0.80
0.00 1024.00
893.00 8.44 7.67 6.99 311.23 169.99 30.19 0.80
0.00 1098.70
883.50 8.94 8.22 7.60 313.83 180.00 29.91 0.80
0.00 1187.30
872.60 9.34 8.62 8.02 316.30 190.51 29.84 0.80
0.00 1290.40
860.30 9.44 8.62 7.95 317.94 203.72 28.01 0.80
0.00 1408.30
846.90 8.74 7.91 7.22 317.83 217.65 25.76 0.90
0.00 1538.60
832.80 7.74 6.82 6.02 316.86 227.63 23.93 1.00
0.00 1677.50
817.60 6.54 5.53 4.62 315.63 237.85 24.09 1.10
10.00 1829.30
801.70 5.14 4.20 3.30 314.50 239.77 25.85 1.20
10.00 1990.30
785.30 3.74 2.92 2.08 313.65 239.80 27.43 1.10
10.00 2158.80
768.30 2.24 1.63 0.96 312.99 239.37 28.22 0.90
11.00 2336.30
750.70 0.94 0.64 0.27 313.18 239.37 28.22 0.60
51.00 2523.30
732.50 0.44 0.26 0.02 314.92 239.37 28.22 0.20
90.00 2720.60
713.80 0.04 0.00 -0.08 317.10 241.98 27.29 -0.20
100.00 2928.20
694.60 -0.66 -0.70 -0.79 318.40 245.16 25.89 -0.60
100.00 3146.70
674.70 -1.76 -1.81 -1.91 318.97 251.14 24.63 -1.10
100.00 3378.80
654.20 -3.06 -3.09 -3.17 319.38 255.52 24.07 -1.50
100.00 3624.00
633.10 -4.46 -4.50 -4.59 319.73 259.91 23.29 -1.80
100.00 3883.20
611.40 -5.96 -6.00 -6.10 320.14 265.11 22.80 -2.10
100.00 4157.50
589.10 -7.66 -7.69 -7.78 320.45 270.99 22.53 -2.30
100.00 4447.80
566.50 -9.46 -9.48 -9.54 320.82 277.06 22.13 -2.30
100.00 4751.40
543.60 -11.46 -11.57 -11.78 320.87 280.62 22.14 -2.30
100.00 5069.30
520.50 -13.56 -13.74 -14.13 321.04 284.66 21.48 -2.20
100.00 5401.10
497.30 -15.96 -16.21 -16.81 320.98 286.30 21.45 -2.00
100.00 5746.50
474.00 -18.36 -18.67 -19.49 321.29 288.26 20.45 -1.70
100.00 6106.40
450.60 -21.26 -21.56 -22.50 321.19 286.10 19.62 -1.50
100.00 6482.20
427.10 -24.06 -24.34 -25.40 321.66 283.59 18.18 -1.20
100.00 6875.30
402.80 -27.36 -27.60 -28.73 321.91 275.08 17.56 -1.00
100.00 7299.80
378.00 -31.06 -31.21 -32.09 322.19 261.30 19.25 -0.90
100.00 7753.80
353.40 -34.96 -35.04 -35.66 322.56 247.82 21.60 -0.70
100.00 8227.00
329.00 -39.26 -39.28 -39.46 322.78 237.26 25.85 -0.50
100.00 8721.40
305.00 -43.46 -43.67 -47.12 323.18 227.49 31.62 -0.30
100.00 9235.40
282.10 -47.86 -48.03 -52.10 323.87 224.35 36.13 -0.20
100.00 9755.20
260.40 -52.06 -52.18 -56.52 325.03 228.70 38.27 -0.10
100.00 10278.20
240.20 -56.46 -56.55 -61.59 325.87 233.55 48.06 -0.10
100.00 10795.50
221.40 -58.56 -58.62 -62.21 330.32 236.09 57.11 0.00
100.00 11310.00
203.10 -58.86 -58.98 -67.97 338.00 244.13 64.12 0.10
0.00 11851.50
184.20 -57.66 -57.83 -68.67 349.51 252.90 60.76 0.10
0.00 12465.90
163.00 -56.96 -57.20 -74.28 363.07 258.22 46.64 0.10
0.00 13238.40
139.40 -60.16 -60.35 -75.31 374.04 262.68 42.70 0.00
0.00 14220.90
114.70 -59.26 -9999.00 -9999.00 -9999.00 271.16 38.27 0.00
0.00 15439.30
89.70 -62.46 -9999.00 -9999.00 -9999.00 261.49 24.94 0.00
0.00 16967.10
64.70 -61.36 -9999.00 -9999.00 -9999.00 289.50 9.89 0.00
0.00 18987.20
39.60 -60.46 -9999.00 -9999.00 -9999.00 250.40 15.05 0.00
0.00 22037.10
14.50 -48.06 -9999.00 -9999.00 -9999.00 276.60 23.66 0.00
0.00 28474.30

STID = KSTJ STNM = 724490 TIME = 081022/0700 
SLAT = 39.79 SLON = -94.95 SELV = 284.0
STIM = 79

SHOW = 1.10 LIFT = 8.41 SWET = 308.71 KINX = 32.87
LCLP = 960.84 PWAT = 28.33 TOTL = 49.14 CAPE = 0.00
LCLT = 280.24 CINS = 0.00 EQLV = -9999.00 LFCT = -9999.00
BRCH = 0.00

PRES TMPC TMWC DWPC THTE DRCT SKNT OMEG
CFRL HGHT
982.00 8.84 8.11 7.41 301.97 123.16 17.40 -0.10
0.00 303.40
977.40 8.44 7.84 7.24 301.82 123.26 21.60 -0.10
0.00 342.30
972.80 8.14 7.61 7.08 301.80 123.82 24.09 -0.10
0.00 381.30
968.20 7.84 7.39 6.92 301.78 124.51 26.40 -0.20
0.00 420.40
963.40 7.54 7.15 6.73 301.74 125.63 28.67 -0.20
0.00 461.50
958.60 7.24 6.93 6.59 301.77 127.59 30.89 -0.30
0.00 502.60
953.60 7.84 6.87 5.92 302.19 130.14 34.05 -0.40
0.00 545.80
948.50 7.54 6.66 5.79 302.27 134.35 36.13 -0.40
0.00 590.00
943.30 8.14 6.96 5.83 303.55 138.29 38.25 -0.40
0.00 635.40
938.00 7.74 6.74 5.77 303.63 141.34 38.56 -0.50
0.00 681.90
932.40 8.14 7.10 6.12 305.12 145.83 38.73 -0.50
0.00 731.40
926.60 8.04 7.14 6.28 305.86 150.04 38.11 -0.50
0.00 783.00
920.40 8.34 7.52 6.76 307.52 154.77 37.37 -0.50
0.00 838.50
914.10 8.44 7.80 7.21 308.96 159.62 36.27 -0.50
0.00 895.30
907.30 8.74 8.18 7.67 310.74 163.63 35.84 -0.50
0.00 957.10
900.00 9.14 8.63 8.17 312.80 168.81 35.04 -0.50
0.00 1024.20
891.90 9.44 9.01 8.63 314.84 174.51 34.54 -0.50
0.00 1099.20
882.40 9.74 9.30 8.93 316.87 181.34 33.22 -0.40
0.00 1188.30
871.50 9.84 9.33 8.91 318.39 190.01 30.19 -0.30
0.00 1291.80
859.30 9.64 8.94 8.37 318.95 199.51 26.17 -0.30
0.00 1409.10
845.90 8.84 8.07 7.43 318.40 209.63 24.36 -0.20
0.00 1539.60
831.80 7.94 7.07 6.33 317.66 219.41 25.39 -0.20
0.00 1678.80
816.70 7.04 6.10 5.27 317.20 227.49 28.46 -0.10
0.00 1829.90
800.90 6.14 5.19 4.32 317.06 233.65 30.15 -0.10
0.00 1990.50
784.40 5.14 4.32 3.54 317.18 240.48 30.36 -0.10
0.00 2161.00
767.50 4.04 3.37 2.71 317.25 247.44 29.88 -0.10
0.00 2338.80
749.90 2.94 2.41 1.87 317.46 255.78 29.25 -0.10
0.00 2527.30
731.80 1.54 1.30 1.02 317.46 265.75 28.83 -0.20
0.00 2725.00
713.10 0.34 0.32 0.26 317.95 274.40 27.86 -0.20
64.00 2933.30
693.90 -0.46 -0.49 -0.57 319.00 279.94 27.02 -0.30
97.00 3152.20
674.10 -1.56 -1.61 -1.70 319.54 284.96 26.34 -0.30
100.00 3383.60
653.70 -2.96 -3.00 -3.09 319.66 287.43 24.63 -0.20
100.00 3627.90
632.60 -4.66 -4.67 -4.72 319.45 290.56 23.23 0.00
100.00 3887.30
610.90 -6.36 -6.60 -6.96 318.98 293.33 21.58 0.20
99.00 4161.40
588.70 -8.06 -8.62 -9.53 318.61 296.31 19.72 0.40
0.00 4450.20
566.10 -9.86 -10.71 -12.23 318.44 296.57 18.24 0.60
0.00 4753.50
543.30 -12.06 -12.93 -14.69 318.30 295.41 17.21 0.60
0.00 5069.40
520.20 -14.16 -14.97 -16.80 318.81 291.67 16.30 0.50
0.00 5400.60
497.10 -16.46 -17.16 -18.93 319.31 285.07 15.70 0.20
13.00 5743.80
473.90 -18.66 -19.30 -21.14 320.19 274.40 15.19 -0.10
100.00 6101.70
450.50 -21.46 -21.96 -23.61 320.52 261.47 15.71 -0.40
100.00 6477.20
427.10 -24.26 -24.64 -26.10 321.16 249.21 16.41 -0.60
100.00 6868.20
402.80 -27.56 -27.81 -28.98 321.58 238.19 18.07 -0.80
100.00 7292.40
378.00 -31.06 -31.21 -32.09 322.19 231.65 22.53 -0.90
100.00 7746.20
353.40 -34.96 -35.00 -35.28 322.63 228.56 28.77 -0.80
100.00 8219.40
329.00 -39.16 -39.19 -39.46 322.92 222.91 33.95 -0.60
100.00 8713.90
305.00 -43.86 -44.07 -47.63 322.58 225.00 38.46 -0.50
100.00 9227.60
282.10 -47.76 -47.93 -52.10 324.02 226.68 42.19 -0.40
100.00 9747.00
260.40 -52.26 -52.38 -56.52 324.74 228.39 46.50 -0.30
100.00 10269.90
240.20 -56.76 -56.85 -61.59 325.42 234.55 56.27 -0.20
100.00 10786.70
221.40 -58.46 -58.52 -62.21 330.47 235.63 58.84 0.00
66.00 11300.90
203.10 -58.16 -58.30 -67.97 339.11 245.09 63.19 0.00
0.00 11843.40
184.20 -57.76 -57.93 -68.67 349.35 254.54 62.68 0.10
0.00 12458.70
163.00 -56.96 -57.20 -74.28 363.07 256.08 46.04 0.10
0.00 13231.00
139.40 -60.66 -60.83 -75.31 373.16 261.66 45.55 0.00
0.00 14212.30
114.70 -58.86 -9999.00 -9999.00 -9999.00 270.30 37.68 0.00
0.00 15430.50
89.70 -62.16 -9999.00 -9999.00 -9999.00 270.46 24.28 0.00
0.00 16960.70
64.70 -61.46 -9999.00 -9999.00 -9999.00 291.04 10.82 0.00
0.00 18981.80
39.60 -60.56 -9999.00 -9999.00 -9999.00 256.31 15.60 0.00
0.00 22030.30
14.50 -47.86 -9999.00 -9999.00 -9999.00 276.94 22.49 0.00
0.00 28469.00

STID = KSTJ STNM = 724490 TIME = 081022/0800 
SLAT = 39.79 SLON = -94.95 SELV = 284.0
STIM = 80

SHOW = 0.59 LIFT = 7.55 SWET = 304.81 KINX = 33.50
LCLP = 963.27 PWAT = 29.95 TOTL = 49.37 CAPE = 0.00
LCLT = 280.31 CINS = 0.00 EQLV = -9999.00 LFCT = -9999.00
BRCH = 0.00

PRES TMPC TMWC DWPC THTE DRCT SKNT OMEG
CFRL HGHT
981.20 8.64 8.03 7.43 301.87 123.90 14.98 -0.10
0.00 303.40
976.60 8.34 7.80 7.27 301.84 124.35 18.59 -0.20
0.00 342.30
972.00 7.94 7.55 7.15 301.75 125.17 20.90 -0.20
0.00 381.30
967.40 7.64 7.36 7.04 301.79 125.59 22.69 -0.30
0.00 420.50
962.60 7.24 7.10 6.92 301.73 126.69 24.71 -0.40
5.00 461.50
957.80 6.94 6.88 6.76 301.73 127.65 25.76 -0.50
67.00 502.70
952.80 7.14 6.85 6.53 302.23 129.81 28.83 -0.60
0.00 545.80
947.80 6.74 6.62 6.45 302.24 133.76 31.74 -0.70
9.00 589.10
942.60 7.64 7.18 6.71 304.13 138.69 34.13 -0.80
0.00 634.40
937.20 7.34 7.01 6.65 304.34 144.13 35.47 -0.90
0.00 681.80
931.60 8.04 7.70 7.36 306.65 149.61 36.48 -0.90
0.00 731.20
925.80 8.24 8.06 7.85 308.21 156.28 36.71 -0.90
2.00 782.90
919.70 8.84 8.81 8.72 310.83 163.30 36.50 -1.00
58.00 837.60
913.30 9.54 9.52 9.44 313.48 170.13 36.29 -1.00
92.00 895.60
906.60 10.14 10.10 10.01 315.91 175.67 36.03 -1.00
98.00 956.90
899.30 10.44 10.39 10.30 317.67 180.94 35.35 -1.00
98.00 1024.30
891.20 10.54 10.46 10.35 318.93 185.74 34.95 -0.90
99.00 1099.90
881.80 10.34 10.31 10.23 319.75 190.86 34.01 -0.80
98.00 1188.40
870.90 10.04 10.01 9.94 320.39 197.00 31.90 -0.70
95.00 1292.10
858.60 9.44 9.41 9.34 320.37 201.87 28.67 -0.60
85.00 1410.50
845.30 8.74 8.65 8.53 320.07 208.33 25.37 -0.50
16.00 1540.10
831.20 7.94 7.65 7.37 319.28 217.68 24.79 -0.40
0.00 1679.40
816.10 7.04 6.66 6.31 318.75 226.79 26.38 -0.30
0.00 1830.70
800.30 6.24 5.85 5.49 318.86 235.07 27.49 -0.30
0.00 1991.50
783.90 5.44 5.19 4.93 319.47 245.36 28.42 -0.20
0.00 2161.30
766.90 4.44 4.25 4.03 319.52 252.90 29.06 -0.10
2.00 2340.50
749.40 3.24 3.14 3.01 319.33 260.41 27.97 -0.10
18.00 2528.40
731.30 2.24 2.00 1.73 319.22 267.55 27.21 0.00
0.00 2726.60
712.70 0.54 0.52 0.46 318.48 279.12 26.96 0.00
90.00 2934.40
693.50 -0.36 -0.38 -0.45 319.31 286.00 26.07 0.00
99.00 3153.50
673.80 -1.56 -1.59 -1.66 319.63 287.73 24.88 0.00
100.00 3383.80
653.30 -2.96 -2.99 -3.07 319.75 286.50 21.87 0.00
100.00 3629.50
632.30 -4.56 -4.74 -5.01 319.34 283.76 19.60 0.00
100.00 3887.90
610.60 -6.36 -6.68 -7.17 318.85 278.65 18.08 0.10
98.00 4162.20
588.40 -8.26 -8.68 -9.37 318.55 271.29 17.29 0.10
94.00 4450.90
565.90 -10.26 -10.75 -11.64 318.39 264.53 18.34 0.10
98.00 4752.70
543.10 -12.16 -12.70 -13.76 318.77 257.47 21.48 0.00
100.00 5068.50
520.10 -13.96 -14.46 -15.54 319.77 251.84 25.56 -0.10
100.00 5398.40
497.00 -16.06 -16.55 -17.71 320.44 247.99 29.55 -0.20
100.00 5742.10
473.80 -18.96 -19.39 -20.62 320.05 245.50 33.72 -0.20
100.00 6100.20
450.50 -21.86 -22.28 -23.69 319.98 240.45 35.06 -0.20
100.00 6473.60
427.00 -24.76 -25.13 -26.63 320.37 236.66 35.33 -0.20
100.00 6865.60
402.80 -27.56 -27.87 -29.35 321.48 231.09 34.95 -0.30
100.00 7287.70
378.00 -31.16 -31.38 -32.70 321.92 228.08 35.76 -0.30
100.00 7741.40
353.40 -35.36 -35.46 -36.25 321.91 224.38 38.33 -0.30
100.00 8214.10
329.00 -39.76 -39.78 -39.98 322.02 221.66 40.03 -0.40
100.00 8707.60
305.00 -43.66 -43.86 -47.12 322.90 226.29 42.74 -0.50
100.00 9220.80
282.10 -47.76 -47.98 -53.79 323.94 228.86 51.07 -0.50
0.00 9740.40
260.40 -52.86 -52.96 -56.52 323.85 228.31 52.29 -0.40
100.00 10262.60
240.20 -56.66 -56.75 -61.59 325.57 232.93 55.75 -0.30
100.00 10778.80
221.40 -58.76 -58.84 -64.38 329.97 231.94 57.98 -0.10
0.00 11292.80
203.10 -57.96 -58.10 -67.97 339.42 241.33 63.99 0.00
0.00 11835.20
184.20 -57.76 -57.93 -68.67 349.35 253.65 64.18 0.10
0.00 12450.70
163.00 -57.06 -57.30 -74.28 362.90 252.63 42.95 0.10
0.00 13222.90
139.40 -59.96 -60.15 -75.31 374.39 259.40 46.45 0.00
0.00 14205.50
114.70 -58.76 -9999.00 -9999.00 -9999.00 270.55 40.21 0.00
0.00 15426.00
89.70 -61.86 -9999.00 -9999.00 -9999.00 270.00 21.56 0.00
0.00 16957.70
64.70 -61.46 -9999.00 -9999.00 -9999.00 298.52 10.18 0.00
0.00 18980.20
39.60 -60.66 -9999.00 -9999.00 -9999.00 263.74 16.03 0.00
0.00 22028.00
14.50 -48.26 -9999.00 -9999.00 -9999.00 275.19 21.46 0.00
0.00 28459.30

STID = KSTJ STNM = 724490 TIME = 081022/0900 
SLAT = 39.79 SLON = -94.95 SELV = 284.0
STIM = 81

SHOW = -0.05 LIFT = 9.13 SWET = 329.60 KINX = 33.99
LCLP = 966.70 PWAT = 29.24 TOTL = 50.85 CAPE = 0.00
LCLT = 280.60 CINS = 0.00 EQLV = 941.85 LFCT = 948.75
BRCH = 0.00

PRES TMPC TMWC DWPC THTE DRCT SKNT OMEG
CFRL HGHT
981.10 8.64 8.15 7.67 302.17 126.53 6.53 -0.20
0.00 303.40
976.50 8.24 7.88 7.51 302.03 127.41 8.31 -0.40
0.00 342.30
971.90 7.84 7.64 7.40 301.96 128.48 9.67 -0.60
22.00 381.30
967.30 7.54 7.45 7.31 302.02 128.99 10.49 -0.70
88.00 420.50
962.50 7.14 7.11 7.03 301.77 128.66 11.19 -0.90
100.00 461.50
957.70 6.94 6.89 6.78 301.77 130.70 12.80 -1.10
100.00 502.60
952.70 6.64 6.62 6.55 301.71 130.96 13.64 -1.30
100.00 545.70
947.70 6.44 6.38 6.27 301.71 134.52 16.34 -1.60
100.00 588.90
942.50 6.24 6.20 6.10 301.87 136.27 18.55 -1.80
100.00 634.10
937.10 6.04 6.02 5.94 302.06 142.08 21.17 -2.10
100.00 681.30
931.60 5.94 5.93 5.86 302.47 145.52 23.33 -2.30
100.00 729.60
925.70 5.94 5.92 5.84 303.11 152.26 25.47 -2.60
100.00 781.70
919.60 6.04 6.01 5.92 304.02 157.90 27.87 -2.90
100.00 835.90
913.30 6.34 6.29 6.19 305.41 165.33 29.91 -3.20
100.00 892.30
906.50 6.64 6.59 6.49 306.92 172.41 32.34 -3.40
100.00 953.70
899.20 7.04 7.00 6.91 308.79 179.36 34.58 -3.70
100.00 1020.30
891.10 7.64 7.58 7.47 311.22 185.50 36.50 -3.70
99.00 1094.90
881.70 8.14 8.10 8.02 313.76 193.53 37.35 -3.80
99.00 1182.50
870.80 8.74 8.69 8.59 316.72 200.63 36.95 -3.70
99.00 1285.50
858.50 8.94 8.91 8.83 318.98 206.27 33.80 -3.60
99.00 1403.60
845.20 8.64 8.61 8.54 319.99 211.93 29.76 -3.30
99.00 1533.10
831.10 8.04 7.99 7.90 320.23 219.43 26.90 -3.00
99.00 1672.40
816.00 7.04 7.02 6.95 319.72 226.22 25.84 -2.80
99.00 1823.70
800.20 6.04 6.02 5.95 319.30 232.61 25.91 -2.60
99.00 1984.50
783.90 5.24 5.17 5.07 319.44 240.99 26.44 -2.30
99.00 2153.20
766.90 4.24 4.22 4.16 319.47 250.80 27.76 -2.00
99.00 2332.30
749.40 3.34 3.29 3.19 319.68 259.90 28.81 -1.80
99.00 2520.20
731.30 2.34 2.30 2.22 319.95 266.86 28.40 -1.60
99.00 2718.40
712.60 0.64 0.63 0.58 318.76 271.61 27.60 -1.60
98.00 2927.40
693.50 -0.36 -0.42 -0.53 319.22 274.86 27.49 -1.50
99.00 3145.50
673.70 -1.66 -1.69 -1.77 319.40 278.65 27.12 -1.40
100.00 3376.90
653.30 -3.06 -3.09 -3.16 319.53 281.40 25.56 -1.30
100.00 3621.40
632.30 -4.66 -4.69 -4.76 319.46 281.96 23.43 -1.20
100.00 3879.60
610.60 -6.46 -6.47 -6.52 319.29 280.68 20.96 -1.10
100.00 4153.80
588.40 -8.36 -8.38 -8.45 319.15 275.09 19.70 -1.10
100.00 4442.50
565.90 -10.56 -10.61 -10.72 318.68 268.82 18.84 -1.00
100.00 4744.10
543.10 -12.86 -12.89 -12.98 318.41 258.06 20.65 -0.90
100.00 5059.30
520.10 -14.56 -14.64 -14.85 319.43 251.16 25.85 -0.70
100.00 5388.40
497.00 -17.06 -17.21 -17.59 319.25 243.28 31.53 -0.60
100.00 5731.10
473.80 -19.46 -19.89 -21.14 319.20 233.26 34.42 -0.40
100.00 6088.10
450.50 -22.26 -22.80 -24.71 319.11 228.49 36.05 -0.20
87.00 6460.80
427.00 -24.86 -25.35 -27.40 320.01 233.07 37.18 0.00
100.00 6852.50
402.80 -27.76 -28.20 -30.41 320.95 235.99 38.89 0.00
100.00 7274.30
378.00 -31.36 -31.75 -34.23 321.34 234.33 38.97 0.10
100.00 7727.50
353.40 -35.26 -35.58 -38.26 321.73 234.22 42.85 0.10
100.00 8200.10
329.00 -39.36 -39.60 -42.37 322.28 232.10 47.75 0.10
100.00 8694.10
305.00 -43.56 -43.79 -47.63 323.01 228.03 54.60 0.10
100.00 9207.90
282.10 -47.86 -48.08 -53.79 323.80 227.52 65.58 0.00
0.00 9727.50
260.40 -52.96 -53.08 -57.77 323.67 226.88 67.07 -0.10
100.00 10249.40
240.20 -55.56 -55.68 -61.59 327.23 234.22 65.13 -0.20
0.00 10766.80
221.40 -58.46 -58.55 -64.38 330.43 228.01 62.72 -0.10
0.00 11282.50
203.10 -58.66 -58.78 -67.97 338.32 237.17 68.43 -0.10
0.00 11824.40
184.20 -57.96 -58.12 -68.67 349.03 252.25 61.79 0.10
0.00 12438.60
163.00 -57.86 -58.08 -74.28 361.56 246.01 44.44 0.10
0.00 13209.00
139.40 -59.36 -59.57 -75.31 375.45 258.28 47.80 0.00
0.00 14191.20
114.70 -58.66 -9999.00 -9999.00 -9999.00 268.03 39.65 0.00
0.00 15413.70
89.70 -61.66 -9999.00 -9999.00 -9999.00 261.42 20.82 0.00
0.00 16946.40
64.70 -61.76 -9999.00 -9999.00 -9999.00 305.75 11.97 0.00
0.00 18968.50
39.60 -60.96 -9999.00 -9999.00 -9999.00 271.47 15.15 0.00
0.00 22011.90
14.50 -48.86 -9999.00 -9999.00 -9999.00 273.30 20.24 0.00
0.00 28430.00

STID = KSTJ STNM = 724490 TIME = 081022/1000 
SLAT = 39.79 SLON = -94.95 SELV = 284.0
STIM = 82

SHOW = 4.05 LIFT = 10.33 SWET = 131.97 KINX = 28.59
LCLP = 974.99 PWAT = 27.58 TOTL = 45.53 CAPE = 0.00
LCLT = 280.97 CINS = 0.00 EQLV = -9999.00 LFCT = -9999.00
BRCH = 0.00

PRES TMPC TMWC DWPC THTE DRCT SKNT OMEG
CFRL HGHT
982.60 8.44 8.20 7.93 302.12 344.74 8.86 0.10
100.00 303.40
978.00 8.04 7.94 7.79 302.00 346.70 10.98 0.10
100.00 342.20
973.40 7.74 7.68 7.57 301.90 348.50 11.69 0.20
100.00 381.10
968.70 7.44 7.40 7.30 301.75 350.98 12.39 0.20
100.00 421.00
964.00 7.24 7.19 7.08 301.77 352.41 11.75 0.20
100.00 461.10
959.10 6.94 6.91 6.83 301.68 354.71 10.53 0.20
100.00 503.10
954.10 6.74 6.69 6.59 301.72 355.24 9.36 0.30
100.00 546.10
949.10 6.54 6.47 6.34 301.75 357.21 7.96 0.30
100.00 589.30
943.90 6.24 6.19 6.09 301.70 360.00 6.60 0.40
100.00 634.40
938.50 6.04 5.98 5.87 301.82 4.40 5.07 0.40
100.00 681.50
932.90 5.74 5.71 5.62 301.82 15.52 3.63 0.40
100.00 730.60
927.10 5.54 5.51 5.42 302.02 41.19 2.06 0.40
100.00 781.70
921.00 5.34 5.31 5.23 302.27 105.26 2.21 0.40
100.00 835.70
914.60 5.24 5.20 5.10 302.74 158.20 3.15 0.30
100.00 892.70
907.80 5.14 5.10 5.00 303.29 169.11 5.15 0.30
100.00 953.80
900.50 5.04 5.04 4.98 304.00 178.53 7.58 0.20
100.00 1019.80
892.40 5.14 5.10 5.01 305.10 188.58 10.41 0.10
100.00 1093.60
882.90 5.34 5.29 5.18 306.66 197.68 14.06 -0.10
100.00 1181.20
872.00 5.54 5.50 5.41 308.49 203.96 17.21 -0.40
100.00 1282.90
859.70 5.84 5.82 5.75 310.80 210.44 21.85 -0.70
100.00 1399.30
846.40 6.04 6.02 5.95 313.01 216.78 24.98 -1.10
100.00 1527.20
832.20 6.14 6.08 5.97 315.03 219.65 28.01 -1.60
98.00 1666.00
817.10 5.84 5.81 5.73 316.39 224.74 29.80 -2.20
99.00 1816.30
801.20 5.34 5.29 5.20 317.28 228.81 30.98 -2.70
100.00 1977.30
784.80 4.74 4.71 4.63 318.11 235.12 31.25 -3.30
100.00 2146.40
767.80 3.84 3.79 3.70 318.25 240.56 31.24 -3.80
100.00 2325.00
750.20 2.64 2.62 2.55 317.91 246.00 31.04 -4.30
100.00 2513.30
732.10 0.84 0.79 0.70 316.22 251.10 30.59 -4.60
100.00 2710.50
713.40 -0.16 -0.20 -0.29 316.69 256.14 30.81 -4.90
100.00 2918.40
694.20 -1.36 -1.39 -1.47 316.89 261.67 30.83 -5.10
100.00 3136.60
674.40 -2.66 -2.71 -2.82 317.00 266.42 31.14 -5.20
100.00 3366.90
653.90 -4.16 -4.18 -4.25 317.04 271.45 30.71 -5.30
100.00 3611.30
632.80 -5.66 -5.68 -5.75 317.25 273.76 29.58 -5.30
100.00 3869.50
611.10 -7.26 -7.29 -7.38 317.50 274.80 27.87 -5.20
100.00 4142.50
588.90 -8.96 -8.98 -9.05 317.86 270.00 26.03 -5.10
100.00 4430.20
566.30 -10.76 -10.78 -10.84 318.27 264.72 23.21 -4.80
100.00 4732.30
543.40 -12.56 -12.59 -12.69 318.92 256.36 20.59 -4.50
100.00 5048.80
520.30 -14.46 -14.49 -14.58 319.68 246.10 16.78 -4.10
100.00 5379.50
497.20 -17.16 -17.19 -17.28 319.24 237.05 12.51 -3.70
100.00 5722.00
473.90 -19.46 -19.50 -19.63 319.85 227.78 14.16 -3.00
100.00 6080.40
450.60 -21.46 -21.61 -22.10 321.10 225.37 21.02 -2.20
100.00 6453.70
427.10 -24.96 -25.05 -25.40 320.49 224.68 24.86 -1.30
100.00 6845.90
402.80 -28.66 -28.71 -28.98 320.14 222.99 31.33 -0.70
100.00 7268.50
378.00 -32.16 -32.19 -32.39 320.66 221.66 37.70 -0.20
100.00 7720.20
353.40 -35.56 -35.59 -35.85 321.71 222.06 45.53 0.10
100.00 8191.80
329.00 -39.06 -39.10 -39.46 323.06 224.58 56.18 0.40
100.00 8685.80
305.00 -42.76 -43.00 -46.63 324.21 222.20 67.39 0.70
98.00 9200.80
282.10 -47.16 -47.39 -52.91 324.84 219.72 70.20 0.60
0.00 9722.20
260.40 -51.36 -51.54 -57.77 326.02 216.05 70.63 0.40
0.00 10246.80
240.20 -55.26 -55.38 -61.59 327.68 215.79 70.42 0.20
0.00 10766.40
221.40 -59.76 -59.82 -64.38 328.43 213.39 73.06 0.10
0.00 11280.80
203.10 -58.96 -59.08 -67.97 337.84 236.40 69.50 0.10
0.00 11820.70
184.20 -57.96 -58.12 -68.67 349.03 251.80 60.31 0.10
0.00 12434.60
163.00 -57.66 -57.88 -74.28 361.89 249.89 46.33 0.20
0.00 13205.30
139.40 -58.86 -59.08 -75.31 376.32 260.10 49.69 0.10
0.00 14189.10
114.70 -59.06 -9999.00 -9999.00 -9999.00 276.34 38.69 0.00
0.00 15411.80
89.70 -61.96 -9999.00 -9999.00 -9999.00 249.19 20.78 0.10
0.00 16942.10
64.70 -61.56 -9999.00 -9999.00 -9999.00 307.30 10.26 0.00
0.00 18963.60
39.60 -60.26 -9999.00 -9999.00 -9999.00 278.64 15.52 0.00
0.00 22013.60
14.50 -49.56 -9999.00 -9999.00 -9999.00 270.58 19.23 0.00
0.00 28431.70

STID = KSTJ STNM = 724490 TIME = 081022/1100 
SLAT = 39.79 SLON = -94.95 SELV = 284.0
STIM = 83

SHOW = 2.79 LIFT = 9.43 SWET = 141.84 KINX = 25.23
LCLP = 971.97 PWAT = 24.01 TOTL = 47.35 CAPE = 0.00
LCLT = 280.61 CINS = 0.00 EQLV = -9999.00 LFCT = -9999.00
BRCH = 0.00

PRES TMPC TMWC DWPC THTE DRCT SKNT OMEG
CFRL HGHT
982.70 8.34 7.99 7.62 301.61 30.26 8.10 0.00
0.00 303.30
978.10 7.94 7.75 7.53 301.56 30.02 10.10 -0.10
2.00 342.10
973.50 7.54 7.51 7.42 301.48 29.51 11.83 -0.10
34.00 381.00
968.90 7.24 7.21 7.13 301.30 30.07 12.80 -0.10
72.00 420.10
964.10 7.14 7.00 6.81 301.33 34.14 13.85 -0.20
7.00 461.00
959.20 6.94 6.76 6.53 301.31 34.92 12.55 -0.10
1.00 503.00
954.30 6.74 6.57 6.35 301.41 36.03 10.57 -0.20
2.00 545.10
949.20 6.64 6.40 6.11 301.58 37.87 8.86 -0.20
0.00 589.20
944.00 6.44 6.21 5.93 301.72 39.40 7.03 -0.20
0.00 634.30
938.60 6.34 6.09 5.80 302.06 43.45 5.09 -0.20
0.00 681.40
933.00 6.24 6.00 5.72 302.48 47.49 3.17 -0.30
0.00 730.60
927.20 6.24 5.98 5.68 303.09 45.00 1.38 -0.30
0.00 781.70
921.10 6.24 5.97 5.67 303.77 236.31 0.70 -0.40
0.00 835.90
914.70 6.24 6.02 5.76 304.61 248.20 3.15 -0.40
0.00 893.20
907.90 6.34 6.13 5.88 305.66 246.25 5.30 -0.50
0.00 954.40
900.60 6.44 6.26 6.05 306.84 252.00 8.18 -0.60
1.00 1020.80
892.50 6.54 6.42 6.25 308.18 254.48 10.88 -0.60
6.00 1095.00
883.00 6.74 6.64 6.50 309.89 257.47 14.34 -0.60
15.00 1183.00
872.10 6.84 6.79 6.69 311.62 262.32 17.44 -0.60
36.00 1285.20
859.80 6.84 6.80 6.71 313.22 267.86 20.80 -0.60
46.00 1402.10
846.50 6.64 6.59 6.50 314.44 274.93 22.61 -0.50
46.00 1530.40
832.30 6.24 6.17 6.06 315.25 281.58 24.18 -0.30
45.00 1669.50
817.20 5.44 5.28 5.09 315.04 290.02 24.40 -0.10
30.00 1819.60
801.30 4.44 4.20 3.93 314.53 296.98 23.97 0.20
20.00 1980.20
784.90 3.44 2.97 2.48 313.84 303.83 22.69 0.40
10.00 2148.50
767.90 2.34 1.63 0.85 313.03 302.30 19.99 0.80
10.00 2326.10
750.30 1.24 0.30 -0.77 312.48 298.94 18.86 1.20
10.00 2513.20
732.20 0.64 -0.81 -2.56 312.56 299.00 18.43 1.60
10.00 2709.70
713.50 -0.46 -2.28 -4.68 312.04 296.04 19.02 1.90
10.00 2917.10
694.30 -1.66 -3.87 -7.09 311.48 293.13 20.28 2.20
10.00 3134.80
674.50 -3.16 -5.66 -9.75 310.74 290.79 22.44 2.40
10.00 3364.50
654.00 -5.16 -7.51 -11.77 310.18 290.25 25.25 2.30
10.00 3607.90
632.90 -7.46 -9.25 -12.71 310.11 290.51 27.18 2.10
10.00 3864.50
611.20 -9.56 -10.75 -13.14 310.74 288.70 26.65 1.70
10.00 4135.10
588.90 -11.06 -11.97 -13.87 312.12 285.37 26.40 1.10
10.00 4421.40
566.30 -12.36 -13.10 -14.68 313.89 280.03 25.64 0.50
75.00 4721.30
543.40 -13.66 -14.29 -15.69 315.76 272.51 22.16 -0.10
99.00 5036.00
520.40 -15.56 -16.08 -17.35 316.76 258.45 18.43 -0.50
100.00 5363.70
497.20 -17.26 -17.76 -19.07 318.23 244.74 19.11 -0.80
100.00 5706.80
473.90 -19.26 -19.74 -21.14 319.43 231.25 20.18 -1.00
100.00 6065.30
450.60 -21.86 -22.28 -23.69 319.96 219.17 20.30 -1.30
100.00 6438.30
427.10 -24.16 -24.54 -26.00 321.33 209.00 20.44 -1.50
100.00 6830.80
402.80 -27.36 -27.65 -28.98 321.84 199.90 21.70 -1.60
100.00 7255.20
378.00 -31.46 -31.66 -32.86 321.49 200.76 25.76 -1.60
100.00 7708.80
353.40 -35.16 -35.22 -35.66 322.29 208.68 37.65 -1.40
100.00 8181.40
329.00 -39.06 -39.07 -39.20 323.09 216.83 52.18 -1.10
100.00 8675.90
305.00 -43.06 -43.28 -46.63 323.78 220.75 63.07 -0.70
100.00 9190.50
282.10 -47.46 -47.63 -51.36 324.49 218.74 66.74 -0.40
100.00 9711.20
260.40 -51.56 -51.68 -55.43 325.81 212.69 67.62 -0.30
100.00 10235.30
240.20 -55.76 -55.84 -59.85 326.97 208.93 69.46 -0.10
100.00 10754.10
221.40 -60.16 -60.22 -64.38 327.81 205.72 70.28 0.00
100.00 11267.40
203.10 -60.06 -60.13 -65.02 336.15 234.30 70.57 -0.10
0.00 11805.40
184.20 -56.66 -56.86 -68.67 351.14 253.65 60.72 0.00
0.00 12419.60
163.00 -57.26 -57.49 -74.28 362.56 253.66 46.97 0.10
0.00 13193.30
139.40 -58.46 -58.70 -75.31 377.03 263.13 53.61 0.10
0.00 14179.00
114.70 -59.36 -9999.00 -9999.00 -9999.00 287.66 36.50 0.00
0.00 15402.00
89.70 -61.56 -9999.00 -9999.00 -9999.00 244.54 22.59 0.00
0.00 16932.60
64.70 -61.36 -9999.00 -9999.00 -9999.00 302.01 9.17 0.00
0.00 18957.00
39.60 -60.06 -9999.00 -9999.00 -9999.00 287.72 14.69 0.00
0.00 22009.90
14.50 -50.06 -9999.00 -9999.00 -9999.00 268.83 19.04 0.00
0.00 28423.50

STID = KSTJ STNM = 724490 TIME = 081022/1200 
SLAT = 39.79 SLON = -94.95 SELV = 284.0
STIM = 84

SHOW = 5.93 LIFT = 9.28 SWET = 137.29 KINX = 20.48
LCLP = 970.29 PWAT = 21.53 TOTL = 43.90 CAPE = 0.00
LCLT = 280.41 CINS = 0.00 EQLV = -9999.00 LFCT = -9999.00
BRCH = 0.00

PRES TMPC TMWC DWPC THTE DRCT SKNT OMEG
CFRL HGHT
983.40 8.34 7.91 7.46 301.34 11.04 8.12 0.00
0.00 303.30
978.80 7.94 7.64 7.32 301.23 12.41 9.95 0.00
0.00 342.10
974.20 7.54 7.40 7.21 301.15 13.30 10.98 -0.10
4.00 381.00
969.50 7.14 7.11 7.03 301.00 15.82 12.12 -0.10
52.00 420.80
964.80 6.94 6.89 6.78 300.99 18.43 12.90 -0.10
74.00 460.80
959.90 6.64 6.59 6.48 300.84 22.56 13.68 -0.20
79.00 502.70
954.90 6.44 6.37 6.24 300.89 26.94 13.29 -0.20
30.00 545.70
949.90 6.24 6.16 6.02 300.96 25.74 12.08 -0.10
18.00 588.80
944.70 6.04 5.97 5.85 301.11 21.04 10.82 -0.20
18.00 633.80
939.30 5.94 5.85 5.70 301.43 14.04 9.62 -0.20
22.00 680.80
933.70 5.74 5.69 5.59 301.70 3.81 8.76 -0.20
32.00 729.80
927.80 5.54 5.51 5.43 301.96 352.41 8.82 -0.20
52.00 781.80
921.70 5.44 5.40 5.31 302.39 341.18 9.03 -0.20
65.00 835.80
915.30 5.34 5.30 5.21 302.89 330.64 10.70 -0.30
77.00 892.80
908.50 5.24 5.21 5.13 303.47 324.04 12.24 -0.30
86.00 953.80
901.20 5.14 5.09 4.99 304.04 320.29 14.90 -0.30
94.00 1019.70
893.00 4.94 4.93 4.86 304.63 316.82 17.31 -0.30
98.00 1094.50
883.60 4.84 4.79 4.68 305.42 316.92 20.47 -0.30
100.00 1180.90
872.60 4.54 4.51 4.43 306.11 317.07 22.82 -0.20
100.00 1283.20
860.40 4.24 4.19 4.09 306.86 318.44 25.17 -0.20
100.00 1398.00
847.00 3.74 3.71 3.63 307.42 320.14 26.07 -0.10
100.00 1525.70
832.80 3.34 3.32 3.24 308.30 322.96 25.80 0.00
100.00 1663.20
817.70 3.24 3.18 3.08 309.94 324.18 23.23 0.00
93.00 1811.80
801.80 3.14 3.08 2.97 311.79 325.38 19.83 0.10
90.00 1971.20
785.40 2.44 2.39 2.30 312.40 338.20 17.77 0.10
83.00 2138.70
768.30 1.24 1.21 1.14 312.03 350.04 14.59 0.10
69.00 2316.50
750.70 0.64 0.06 -0.62 311.89 346.24 9.79 -0.10
10.00 2503.00
732.60 0.24 -1.03 -2.58 312.02 331.61 8.18 -0.20
10.00 2699.00
713.80 -0.66 -2.39 -4.67 311.77 296.57 9.98 -0.40
10.00 2907.20
694.60 -1.36 -3.72 -7.12 311.76 280.91 16.41 -0.30
0.00 3124.80
674.80 -2.36 -5.24 -9.89 311.54 282.31 21.87 -0.20
0.00 3354.90
654.30 -4.06 -7.33 -13.55 310.44 286.65 23.72 0.10
0.00 3599.00
633.20 -5.76 -9.16 -16.56 310.15 286.05 29.51 0.50
0.00 3856.70
611.40 -7.46 -10.77 -18.74 310.56 280.91 37.98 1.00
0.00 4130.30
589.10 -9.46 -12.61 -21.11 310.82 275.63 43.53 1.30
0.00 4418.40
566.50 -11.96 -14.60 -22.34 311.08 271.71 45.67 1.40
0.00 4719.10
543.60 -14.56 -16.48 -22.32 311.79 267.04 45.12 1.20
0.00 5033.20
520.50 -16.66 -17.97 -21.97 313.42 261.51 43.41 0.70
0.00 5360.80
497.30 -18.36 -19.21 -21.80 315.68 253.83 40.44 0.20
65.00 5702.30
474.00 -19.56 -20.18 -22.09 318.64 241.22 35.90 -0.20
100.00 6059.60
450.60 -21.96 -22.45 -24.15 319.67 231.59 34.71 -0.60
100.00 6434.00
427.10 -24.26 -24.70 -26.41 321.06 223.91 36.13 -0.90
100.00 6826.30
402.80 -27.56 -27.89 -29.48 321.45 214.87 36.69 -1.10
100.00 7250.40
378.00 -31.16 -31.38 -32.70 321.92 211.42 38.01 -1.30
100.00 7704.10
353.40 -34.86 -34.95 -35.66 322.70 211.59 42.64 -1.40
100.00 8177.30
329.00 -39.06 -39.10 -39.46 323.06 216.51 49.30 -1.20
100.00 8672.00
305.00 -43.26 -43.46 -46.63 323.50 217.39 55.98 -1.00
100.00 9186.50
282.10 -47.56 -47.72 -51.36 324.34 212.85 58.72 -0.70
100.00 9706.90
260.40 -51.96 -52.09 -56.52 325.18 206.57 59.07 -0.40
100.00 10230.30
240.20 -55.96 -56.04 -59.85 326.67 200.38 59.67 -0.10
100.00 10748.40
221.40 -60.86 -60.91 -64.38 326.74 195.45 61.27 0.00
100.00 11260.70
203.10 -60.46 -60.52 -65.02 335.52 231.34 64.69 -0.10
0.00 11797.30
184.20 -56.26 -56.47 -68.67 351.79 256.53 61.71 0.00
0.00 12411.40
163.00 -56.26 -56.53 -74.28 364.24 255.35 43.76 0.10
0.00 13187.70
139.40 -58.46 -58.70 -75.31 377.03 262.42 51.53 0.00
0.00 14175.60
114.70 -58.96 -9999.00 -9999.00 -9999.00 287.45 35.63 0.00
0.00 15399.80
89.70 -61.16 -9999.00 -9999.00 -9999.00 249.23 24.11 0.00
0.00 16933.30
64.70 -61.36 -9999.00 -9999.00 -9999.00 290.28 9.52 0.00
0.00 18959.60
39.60 -60.06 -9999.00 -9999.00 -9999.00 292.69 11.58 0.00
0.00 22012.40
14.50 -50.06 -9999.00 -9999.00 -9999.00 266.96 18.28 0.00
0.00 28426.10
STN YYMMDD/HHMM PMSL PRES SKTC STC1 SNFL WTNS
P01M C01M STC2 LCLD MCLD HCLD
SNRA UWND VWND R01M BFGR T2MS
Q2MS WXTS WXTP WXTZ WXTR USTM
VSTM HLCY SLLH WSYM CDBP VSBK
TD2M
724490 081019/0000 1022.90 989.00 10.70 288.60 -9999.00 48.00
-9999.00 -9999.00 287.10 0.00 0.00 0.00
0.00 -1.40 3.40 -9999.00 -9999.00 12.30
6.80 0.00 0.00 0.00 0.00 -1.60
-8.40 92.90 -9999.00 999.00 -9999.00 20.00
8.00
724490 081019/0100 1023.30 989.30 9.70 287.70 0.00 48.00
0.00 0.00 287.20 0.00 0.00 0.00
0.00 -2.40 3.30 0.00 0.00 10.90
6.20 0.00 0.00 0.00 0.00 -2.10
-7.40 127.20 -0.01 999.00 -9999.00 20.00
6.60
724490 081019/0200 1022.10 988.10 9.20 286.90 0.00 48.00
0.00 0.00 287.20 0.00 0.00 0.00
0.00 -2.40 3.80 0.00 0.00 10.30
6.30 0.00 0.00 0.00 0.00 -1.90
-6.30 151.30 -0.01 999.00 -9999.00 20.00
6.80
724490 081019/0300 1022.10 988.00 8.70 286.20 0.00 48.00
0.00 0.00 287.20 0.00 0.00 89.00
0.00 -2.40 3.70 0.00 0.00 9.80
6.40 0.00 0.00 0.00 0.00 -1.70
-5.60 160.10 -0.01 999.00 282.10 20.00
6.90
724490 081019/0400 1023.50 989.30 8.50 285.60 0.00 48.00
0.00 0.00 287.20 0.00 0.00 0.00
0.00 -2.30 4.30 0.00 0.00 9.60
6.40 0.00 0.00 0.00 0.00 -1.60
-4.20 174.60 0.00 999.00 -9999.00 20.00
7.10
724490 081019/0500 1021.70 987.50 8.20 285.00 0.00 48.00
0.00 0.00 287.20 0.00 0.00 0.00
0.00 -1.60 4.90 0.00 0.00 9.20
6.50 0.00 0.00 0.00 0.00 -1.00
-3.10 184.20 0.00 999.00 -9999.00 20.00
7.10
724490 081019/0600 1021.70 987.50 7.60 284.50 0.00 48.00
0.00 0.00 287.20 0.00 0.00 19.00
0.00 -0.90 4.30 0.00 0.00 8.60
6.50 0.00 0.00 0.00 0.00 -0.50
-2.80 192.90 0.00 999.00 -9999.00 20.00
7.10
724490 081019/0700 1022.00 987.70 7.20 284.00 0.00 48.00
0.00 0.00 287.20 0.00 0.00 95.00
0.00 -0.90 4.30 0.00 0.00 8.20
6.40 0.00 0.00 0.00 0.00 0.00
-1.90 221.20 0.00 999.00 240.20 20.00
7.00
724490 081019/0800 1023.10 988.70 6.90 283.60 0.00 48.00
0.00 0.00 287.20 0.00 0.00 0.00
0.00 -1.20 4.30 0.00 0.00 7.90
6.30 0.00 0.00 0.00 0.00 0.70
-1.30 250.50 0.00 999.00 -9999.00 20.00
6.70
724490 081019/0900 1021.40 987.10 6.60 283.20 0.00 48.00
0.00 0.00 287.10 0.00 0.00 0.00
0.00 -1.80 4.30 0.00 0.00 7.60
6.20 0.00 0.00 0.00 0.00 1.70
-1.10 268.50 0.00 999.00 -9999.00 20.00
6.40
724490 081019/1000 1021.90 987.60 6.60 282.80 0.00 48.00
0.00 0.00 287.10 0.00 0.00 39.00
0.00 -2.10 5.00 0.00 0.00 7.60
6.10 0.00 0.00 0.00 0.00 2.30
-0.10 302.20 0.00 999.00 -9999.00 20.00
6.30
724490 081019/1100 1022.00 987.60 6.60 282.50 0.00 48.00
0.00 0.00 287.10 0.00 0.00 100.00
0.00 -2.20 5.40 0.00 0.00 7.50
6.10 0.00 0.00 0.00 0.00 2.60
0.70 325.10 0.00 999.00 221.40 20.00
6.30
724490 081019/1200 1021.00 986.60 6.50 282.30 0.00 48.00
0.00 0.00 287.00 0.00 0.00 100.00
0.00 -2.20 5.50 0.00 0.00 7.40
6.00 0.00 0.00 0.00 0.00 3.20
1.00 333.20 0.00 999.00 221.40 20.00
6.20
724490 081019/1300 1020.80 986.40 7.70 282.10 0.00 48.00
0.00 0.00 287.00 0.00 0.00 100.00
0.00 -1.90 6.00 0.00 0.00 7.80
6.10 0.00 0.00 0.00 0.00 4.10
1.60 345.80 0.00 999.00 260.40 20.00
6.20
724490 081019/1400 1020.20 986.20 12.00 282.50 0.00 47.00
0.00 0.00 287.00 0.00 0.00 100.00
0.00 -1.50 7.00 0.00 0.00 10.60
6.40 0.00 0.00 0.00 0.00 4.40
2.30 331.40 -0.04 999.00 305.00 20.00
7.00
724490 081019/1500 1019.80 986.10 16.00 283.40 0.00 47.00
0.00 0.00 286.90 0.00 0.00 100.00
0.00 -0.70 8.20 0.00 0.00 13.70
6.90 0.00 0.00 0.00 0.00 4.80
3.10 296.00 -0.09 999.00 240.20 20.00
8.10
724490 081019/1600 1019.00 985.60 19.00 284.60 0.00 47.00
0.00 0.00 286.90 0.00 0.00 99.00
0.00 -0.10 9.10 0.00 0.00 16.30
7.30 0.00 0.00 0.00 0.00 5.60
3.80 252.40 -0.16 999.00 260.40 20.00
8.80
724490 081019/1700 1018.70 985.40 21.40 286.10 0.00 47.00
0.00 0.00 286.90 0.00 0.00 100.00
0.00 0.60 9.20 0.00 0.00 18.30
7.70 0.00 0.00 0.00 0.00 7.30
3.90 182.00 -0.21 999.00 282.10 20.00
9.70
724490 081019/1800 1018.00 984.80 23.00 287.50 0.00 47.00
0.00 0.00 286.90 0.00 0.00 100.00
0.00 1.00 9.10 0.00 0.00 19.80
8.10 0.00 0.00 0.00 0.00 8.50
4.30 134.60 -0.25 999.00 282.10 20.00
10.40
724490 081019/1900 1017.00 983.80 23.70 288.90 0.00 47.00
0.00 0.00 287.00 0.00 0.00 100.00
0.00 0.70 9.20 0.00 0.00 20.90
8.40 0.00 0.00 0.00 0.00 9.50
4.80 121.30 -0.27 999.00 305.00 20.00
10.90
724490 081019/2000 1016.20 983.10 23.70 290.00 0.00 47.00
0.00 0.00 287.00 0.00 0.00 74.00
0.00 0.20 9.10 0.00 0.00 21.40
8.50 0.00 0.00 0.00 0.00 10.10
4.90 149.10 -0.26 999.00 282.10 20.00
11.10
724490 081019/2100 1015.30 982.20 22.80 290.90 0.00 47.00
0.00 0.00 287.10 0.00 0.00 0.00
0.00 -0.60 9.20 0.00 0.00 21.40
8.60 0.00 0.00 0.00 0.00 10.70
4.30 228.10 -0.24 999.00 -9999.00 20.00
11.20
724490 081019/2200 1014.60 981.50 20.90 291.30 0.00 47.00
0.00 0.00 287.20 0.00 0.00 0.00
0.00 -1.40 9.30 0.00 0.00 20.70
8.60 0.00 0.00 0.00 0.00 10.20
3.50 349.90 -0.19 999.00 -9999.00 20.00
11.30
724490 081019/2300 1014.80 981.70 18.10 291.40 0.00 47.00
0.00 0.00 287.30 0.00 0.00 0.00
0.00 -1.80 9.00 0.00 0.00 19.20
8.70 0.00 0.00 0.00 0.00 9.20
2.90 491.00 -0.11 999.00 -9999.00 20.00
11.40
724490 081020/0000 1014.90 981.80 15.70 291.00 0.00 47.00
0.00 0.00 287.40 0.00 0.00 0.00
0.00 -1.20 7.80 0.00 0.00 17.20
8.60 0.00 0.00 0.00 0.00 8.10
2.70 554.00 -0.04 999.00 -9999.00 20.00
11.20
724490 081020/0100 1015.90 982.70 14.50 290.40 0.00 47.00
0.00 0.00 287.40 0.00 0.00 0.00
0.00 0.30 6.30 0.00 0.00 15.90
8.60 0.00 0.00 0.00 0.00 7.30
2.50 467.80 -0.02 999.00 -9999.00 20.00
11.30
724490 081020/0200 1016.60 983.20 13.70 289.90 0.00 47.00
0.00 0.00 287.50 0.00 20.00 0.00
0.00 0.40 5.70 0.00 0.00 15.00
8.60 0.00 0.00 0.00 0.00 6.70
2.30 413.20 -0.01 999.00 -9999.00 20.00
11.20
724490 081020/0300 1017.40 984.00 13.10 289.30 0.00 47.00
0.00 0.00 287.50 0.00 4.00 0.00
0.00 0.10 5.40 0.00 0.00 14.30
8.40 0.00 0.00 0.00 0.00 6.20
1.10 442.30 -0.01 999.00 -9999.00 20.00
11.00
724490 081020/0400 1017.30 983.80 12.70 288.70 0.00 47.00
0.00 0.00 287.60 0.00 100.00 0.00
0.00 -0.30 5.80 0.00 0.00 13.70
8.30 0.00 0.00 0.00 0.00 5.80
-0.10 548.10 -0.01 999.00 497.00 20.00
10.80
724490 081020/0500 1017.20 983.60 12.40 288.20 0.00 47.00
0.00 0.00 287.60 0.00 0.00 0.00
0.00 -0.50 6.00 0.00 0.00 13.30
8.20 0.00 0.00 0.00 0.00 5.60
-1.10 611.70 -0.01 999.00 -9999.00 20.00
10.60
724490 081020/0600 1017.40 983.80 11.80 287.80 0.00 47.00
0.00 0.00 287.60 0.00 0.00 0.00
0.00 -0.30 5.70 0.00 0.00 12.70
8.10 0.00 0.00 0.00 0.00 5.60
-2.00 614.90 -0.01 999.00 -9999.00 20.00
10.40
724490 081020/0700 1017.80 984.10 11.10 287.30 0.00 47.00
0.00 0.00 287.60 10.00 0.00 0.00
0.00 0.20 5.20 0.00 0.00 12.00
8.00 0.00 0.00 0.00 0.00 5.20
-2.60 575.50 0.00 999.00 -9999.00 20.00
10.20
724490 081020/0800 1018.20 984.40 10.90 286.90 0.00 47.00
0.00 0.00 287.60 51.00 0.00 0.00
0.00 0.80 4.90 0.00 0.00 11.80
7.90 0.00 0.00 0.00 0.00 4.80
-2.80 515.10 0.00 999.00 -9999.00 20.00
10.10
724490 081020/0900 1017.70 983.90 11.30 286.60 0.00 47.00
0.00 0.00 287.60 0.00 0.00 0.00
0.00 1.70 4.10 0.00 0.00 11.80
7.90 0.00 0.00 0.00 0.00 4.70
-3.70 443.10 0.00 999.00 -9999.00 20.00
10.00
724490 081020/1000 1018.00 984.20 9.80 286.10 0.00 47.00
0.00 0.00 287.60 0.00 0.00 7.00
0.00 2.10 2.80 0.00 0.00 10.60
7.70 0.00 0.00 0.00 0.00 4.30
-5.10 362.00 0.00 999.00 -9999.00 20.00
9.60
724490 081020/1100 1018.60 984.70 9.10 285.60 0.00 47.00
0.00 0.00 287.60 0.00 0.00 4.00
0.00 2.30 1.60 0.00 0.00 9.90
7.40 0.00 0.00 0.00 0.00 4.40
-7.40 262.10 0.01 999.00 -9999.00 20.00
9.10
724490 081020/1200 1019.50 985.40 8.50 285.20 0.00 47.00
0.00 0.00 287.60 0.00 0.00 2.00
0.00 2.30 0.80 0.00 0.00 9.40
7.20 0.00 0.00 0.00 0.00 7.10
-10.80 142.30 0.01 999.00 -9999.00 20.00
8.70
724490 081020/1300 1020.10 986.00 9.50 284.70 0.00 47.00
0.00 0.00 287.60 0.00 0.00 8.00
0.00 2.70 -0.90 0.00 0.00 9.60
7.30 0.00 0.00 0.00 0.00 10.20
-12.00 68.30 0.01 999.00 -9999.00 20.00
9.00
724490 081020/1400 1020.60 986.80 14.30 285.00 0.00 47.00
0.00 0.00 287.60 0.00 0.00 0.00
0.00 2.20 -5.10 0.00 0.00 12.80
8.10 0.00 0.00 0.00 0.00 10.60
-12.80 28.60 -0.02 999.00 -9999.00 20.00
10.40
724490 081020/1500 1021.60 988.00 17.90 285.80 0.00 47.00
0.00 0.00 287.60 0.00 0.00 0.00
0.00 0.90 -7.60 0.00 0.00 15.50
8.60 0.00 0.00 0.00 0.00 9.80
-13.40 -2.60 -0.08 999.00 -9999.00 20.00
11.40
724490 081020/1600 1022.10 988.60 20.20 286.80 0.00 47.00
0.00 0.00 287.60 85.00 0.00 99.00
0.00 0.00 -8.20 0.00 0.00 17.00
8.50 0.00 0.00 0.00 0.00 8.80
-13.90 -46.30 -0.14 999.00 917.80 20.00
11.10
724490 081020/1700 1022.40 989.00 22.00 288.00 0.00 47.00
0.00 0.00 287.60 81.00 100.00 100.00
0.00 0.10 -8.20 0.00 0.00 18.10
8.40 0.00 0.00 0.00 0.00 7.90
-14.40 -48.30 -0.19 999.00 820.00 20.00
10.90
724490 081020/1800 1022.40 989.00 22.40 289.10 0.00 47.00
0.00 0.00 287.60 0.00 100.00 100.00
0.00 -0.20 -7.90 0.00 0.00 18.70
8.20 0.00 0.00 0.00 0.00 7.60
-14.70 -52.10 -0.21 999.00 427.10 20.00
10.70
724490 081020/1900 1022.30 988.90 22.90 290.10 0.00 47.00
0.00 0.00 287.70 0.00 100.00 100.00
0.00 -0.40 -7.60 0.00 0.00 19.30
8.00 0.00 0.00 0.00 0.00 7.50
-14.90 -77.00 -0.23 999.00 427.10 20.00
10.30
724490 081020/2000 1022.20 988.80 22.40 290.80 0.00 47.00
0.00 0.00 287.70 10.00 100.00 100.00
0.00 -0.20 -7.40 0.00 0.00 19.40
7.70 0.00 0.00 0.00 0.00 7.50
-14.90 -76.00 -0.23 999.00 875.10 20.00
9.70
724490 081020/2100 1021.90 988.50 21.00 291.30 0.00 47.00
0.00 0.00 287.80 0.00 97.00 98.00
0.00 -0.10 -7.20 0.00 0.00 19.00
7.10 0.00 0.00 0.00 0.00 7.70
-15.00 -71.50 -0.21 999.00 427.10 20.00
8.60
724490 081020/2200 1022.20 988.80 19.20 291.50 0.00 47.00
0.00 0.00 287.80 0.00 47.00 4.00
0.00 -0.40 -6.90 0.00 0.00 18.30
6.50 0.00 0.00 0.00 0.00 8.10
-15.20 -65.10 -0.18 999.00 427.10 20.00
7.30
724490 081020/2300 1022.90 989.40 15.80 291.20 0.00 47.00
0.00 0.00 287.90 0.00 1.00 0.00
0.00 -0.60 -5.60 0.00 0.00 16.70
6.00 0.00 0.00 0.00 0.00 7.90
-15.40 -60.50 -0.11 999.00 -9999.00 20.00
6.10
724490 081021/0000 1023.40 989.80 11.50 290.30 0.00 47.00
0.00 0.00 287.90 0.00 0.00 0.00
0.00 -0.80 -3.70 0.00 0.00 13.40
5.60 0.00 0.00 0.00 0.00 7.40
-15.40 -58.30 -0.02 999.00 -9999.00 20.00
5.20
724490 081021/0100 1024.10 990.20 9.40 289.20 0.00 47.00
0.00 0.00 288.00 0.00 0.00 0.00
0.00 -1.00 -3.00 0.00 0.00 11.30
5.50 0.00 0.00 0.00 0.00 6.80
-15.40 -67.60 -0.01 999.00 -9999.00 20.00
4.80
724490 081021/0200 1024.90 990.70 8.30 288.10 0.00 47.00
0.00 0.00 288.00 0.00 0.00 0.00
0.00 -1.30 -2.80 0.00 0.00 10.00
5.40 0.00 0.00 0.00 0.00 6.20
-15.50 -70.00 0.00 999.00 -9999.00 20.00
4.60
724490 081021/0300 1026.10 991.70 7.50 287.00 0.00 47.00
0.00 0.00 288.00 0.00 0.00 0.00
0.00 -1.50 -2.90 0.00 0.00 8.90
5.30 0.00 0.00 0.00 0.00 5.40
-15.50 -38.30 0.00 999.00 -9999.00 20.00
4.30
724490 081021/0400 1026.90 992.40 6.50 286.00 0.00 47.00
0.00 0.00 288.00 0.00 0.00 0.00
0.00 -1.20 -2.80 0.00 0.00 8.00
5.10 0.00 0.00 0.00 0.00 4.70
-15.20 11.90 0.00 999.00 -9999.00 20.00
3.90
724490 081021/0500 1027.30 992.70 5.30 285.00 0.00 47.00
0.00 0.00 288.00 0.00 0.00 0.00
0.00 -1.00 -2.90 0.00 0.00 6.70
4.90 0.00 0.00 0.00 0.00 4.30
-14.70 44.00 0.00 999.00 -9999.00 20.00
3.20
724490 081021/0600 1027.40 992.60 4.60 284.10 0.00 47.00
0.00 0.00 287.90 0.00 0.00 100.00
0.00 -1.40 -3.00 0.00 0.00 5.80
4.60 0.00 0.00 0.00 0.00 4.90
-14.00 53.50 0.00 999.00 -9999.00 20.00
2.50
724490 081021/0700 1027.20 992.30 4.10 283.30 0.00 47.00
0.00 0.00 287.90 0.00 100.00 100.00
0.00 -2.20 -2.80 0.00 0.00 5.20
4.30 0.00 0.00 0.00 0.00 5.50
-13.10 48.60 0.00 999.00 521.70 20.00
1.60
724490 081021/0800 1027.10 992.30 5.80 282.80 0.00 47.00
0.00 0.00 287.80 0.00 100.00 100.00
0.00 -2.80 -2.60 0.00 0.00 6.30
4.10 0.00 0.00 0.00 0.00 5.70
-12.00 29.80 -0.01 999.00 568.20 20.00
0.90
724490 081021/0900 1026.50 991.70 5.90 282.40 0.00 47.00
0.00 0.00 287.80 0.00 100.00 100.00
0.00 -3.00 -2.60 0.00 0.00 6.30
4.00 0.00 0.00 0.00 0.00 5.50
-11.30 -2.50 -0.01 999.00 544.90 20.00
0.40
724490 081021/1000 1026.70 991.80 4.20 281.90 0.00 47.00
0.00 0.00 287.70 0.00 100.00 100.00
0.00 -3.00 -2.40 0.00 0.00 5.10
3.90 0.00 0.00 0.00 0.00 5.10
-11.20 -47.70 -0.01 999.00 613.50 20.00
0.10
724490 081021/1100 1027.30 992.50 5.60 281.70 0.00 47.00
0.00 0.00 287.70 0.00 100.00 100.00
0.00 -2.50 -1.70 0.00 0.00 5.80
3.90 0.00 0.00 0.00 0.00 4.90
-11.30 -64.70 -0.01 999.00 677.80 20.00
0.00
724490 081021/1200 1027.90 993.00 6.00 281.50 0.00 47.00
0.00 0.00 287.60 0.00 100.00 44.00
0.00 -2.40 -1.00 0.00 0.00 6.10
3.90 0.00 0.00 0.00 0.00 4.00
-11.10 -13.20 -0.01 999.00 591.30 20.00
0.00
724490 081021/1300 1027.90 993.00 6.70 281.40 0.00 47.00
0.00 0.00 287.50 0.00 87.00 0.00
0.00 -3.70 -0.70 0.00 0.00 6.40
3.90 0.00 0.00 0.00 0.00 3.70
-9.20 -10.00 -0.01 999.00 -9999.00 20.00
0.10
724490 081021/1400 1028.00 993.30 9.60 281.50 0.00 46.00
0.00 0.00 287.50 0.00 100.00 100.00
0.00 -4.70 0.10 0.00 0.00 8.10
4.10 0.00 0.00 0.00 0.00 2.60
-8.30 -20.10 -0.04 999.00 545.30 20.00
0.70
724490 081021/1500 1028.30 993.90 13.80 282.30 0.00 46.00
0.00 0.00 287.40 0.00 100.00 0.00
0.00 -5.50 1.40 0.00 0.00 11.10
4.30 0.00 0.00 0.00 0.00 1.70
-6.60 -20.30 -0.10 999.00 591.60 20.00
1.60
724490 081021/1600 1027.10 993.00 16.70 283.50 0.00 46.00
0.00 0.00 287.40 0.00 99.00 100.00
0.00 -6.30 2.30 0.00 0.00 13.30
4.50 0.00 0.00 0.00 0.00 2.80
-5.40 -19.90 -0.16 999.00 305.00 20.00
2.00
724490 081021/1700 1025.80 991.90 18.50 284.70 0.00 46.00
0.00 0.00 287.30 0.00 52.00 100.00
0.00 -6.10 3.30 0.00 0.00 14.80
4.50 0.00 0.00 0.00 0.00 2.70
-4.10 -2.10 -0.20 999.00 451.00 20.00
2.00
724490 081021/1800 1024.70 990.90 19.70 286.00 0.00 46.00
0.00 0.00 287.30 0.00 100.00 100.00
0.00 -5.40 3.40 0.00 0.00 15.70
4.60 0.00 0.00 0.00 0.00 2.50
-2.80 33.70 -0.23 999.00 590.70 20.00
2.30
724490 081021/1900 1024.00 990.30 19.80 287.10 0.00 46.00
0.00 0.00 287.30 0.00 100.00 100.00
0.00 -4.70 2.80 0.00 0.00 16.20
4.70 0.00 0.00 0.00 0.00 3.50
-1.70 64.30 -0.22 999.00 634.90 20.00
2.50
724490 081021/2000 1023.10 989.50 17.70 287.70 0.00 46.00
0.00 0.00 287.30 0.00 100.00 100.00
0.00 -4.70 2.40 0.00 0.00 15.80
4.60 0.00 0.00 0.00 0.00 4.80
-0.90 105.60 -0.17 999.00 612.70 20.00
2.20
724490 081021/2100 1021.60 988.00 16.80 288.10 0.00 46.00
0.00 0.00 287.40 0.00 100.00 46.00
0.00 -5.40 2.40 0.00 0.00 15.70
4.60 0.00 0.00 0.00 0.00 5.30
-0.40 168.80 -0.16 999.00 589.80 20.00
2.30
724490 081021/2200 1022.30 988.70 16.50 288.40 0.00 46.00
0.00 0.00 287.40 90.00 100.00 100.00
0.00 -3.70 1.70 0.00 0.00 15.70
4.60 0.00 0.00 0.00 0.00 5.70
0.10 137.80 -0.14 999.00 676.10 20.00
2.50
724490 081021/2300 1022.60 988.90 14.10 288.30 0.00 46.00
0.00 0.00 287.40 99.00 100.00 100.00
0.00 -3.40 0.40 0.00 0.00 14.70
4.70 0.00 0.00 0.00 0.00 7.50
-0.20 122.90 -0.08 999.00 696.20 20.00
2.70
724490 081022/0000 1022.30 988.50 12.60 288.00 0.00 46.00
0.00 0.00 287.50 100.00 100.00 100.00
0.00 -3.60 -0.20 0.00 0.00 13.40
4.70 0.00 0.00 0.00 0.00 7.30
-0.60 186.50 -0.02 999.00 696.00 20.00
2.70
724490 081022/0100 1022.00 988.10 12.10 287.60 0.00 46.00
0.00 0.00 287.50 100.00 100.00 100.00
0.00 -4.60 0.10 0.00 0.00 12.70
4.90 0.00 0.00 0.00 0.00 6.60
-1.60 214.60 -0.02 999.00 695.80 20.00
3.10
724490 081022/0200 1021.90 988.00 11.80 287.20 0.00 46.00
0.00 0.00 287.50 93.00 100.00 100.00
0.00 -4.80 0.80 0.00 0.00 12.30
4.90 0.00 0.00 0.00 0.00 5.10
-2.00 197.50 -0.02 999.00 769.70 20.00
3.30
724490 081022/0300 1022.20 988.20 11.30 286.90 0.00 46.00
0.10 0.00 287.50 100.00 100.00 100.00
0.00 -4.70 1.30 0.00 0.00 11.80
5.30 0.00 0.00 0.00 1.00 5.00
-1.30 204.30 -0.03 60.00 803.50 20.00
4.30
724490 081022/0400 1021.90 987.80 9.80 286.50 0.00 46.00
1.60 0.00 287.50 100.00 100.00 100.00
0.00 -4.40 1.60 0.00 0.00 10.20
6.10 0.00 0.00 0.00 1.00 5.60
-0.60 222.50 -0.05 60.00 834.30 5.36
6.20
724490 081022/0500 1021.20 987.00 9.10 285.90 0.00 48.00
5.50 0.00 287.50 100.00 100.00 100.00
0.00 -5.60 2.70 0.40 0.00 9.20
6.60 0.00 0.00 0.00 1.00 5.60
-0.70 318.80 -0.05 60.00 818.50 3.92
7.30
724490 081022/0600 1019.80 985.60 8.90 285.40 0.00 49.00
4.60 0.00 287.50 100.00 100.00 100.00
0.00 -7.00 4.30 0.30 0.00 8.90
6.60 0.00 0.00 0.00 1.00 3.30
-1.30 497.10 -0.04 60.00 817.60 5.72
7.50
724490 081022/0700 1018.50 984.30 8.90 285.00 0.00 49.00
1.30 0.00 287.50 100.00 100.00 100.00
0.00 -7.10 4.90 0.00 0.00 8.90
6.60 0.00 0.00 0.00 1.00 2.60
-2.70 714.20 -0.04 60.00 713.10 20.00
7.40
724490 081022/0800 1017.60 983.50 8.70 284.70 0.00 49.00
0.20 0.00 287.50 100.00 100.00 100.00
0.00 -5.80 4.00 0.00 0.00 8.80
6.60 0.00 0.00 0.00 1.00 6.90
-2.20 706.50 -0.04 60.00 957.80 20.00
7.40
724490 081022/0900 1017.50 983.40 9.20 284.40 0.00 49.00
0.60 0.00 287.40 100.00 100.00 100.00
0.00 -1.10 0.00 0.00 0.00 8.90
6.70 0.00 0.00 0.00 1.00 10.60
-2.00 574.70 -0.03 60.00 962.50 6.83
7.60
724490 081022/1000 1019.10 984.90 8.70 284.20 0.00 51.00
7.40 0.00 287.40 100.00 100.00 100.00
0.00 0.70 -4.60 0.70 0.00 8.60
6.80 0.00 0.00 0.00 1.00 15.90
-0.30 260.40 0.00 60.00 968.70 2.88
7.90
724490 081022/1100 1019.20 985.00 8.70 284.00 0.00 52.00
5.00 0.00 287.40 85.00 100.00 100.00
0.00 -1.70 -4.00 0.50 0.00 8.50
6.70 0.00 0.00 0.00 1.00 13.60
-7.60 95.90 0.00 60.00 968.90 20.00
7.70
724490 081022/1200 1020.00 985.70 8.60 283.80 0.00 52.00
0.10 0.00 287.30 100.00 100.00 100.00
0.00 -0.30 -4.40 0.00 0.00 8.50
6.60 0.00 0.00 0.00 1.00 14.80
-9.30 3.50 0.00 60.00 964.80 20.00
7.50


